6,2,1289241911
6,5,1289241941
1,15,1289243140
4,3,1289245277
13,16,1289254254
13,10,1289254300
7,5,1289362700
2,21,1289370556
2,20,1289370622
21,2,1289380981
21,1,1289441411
21,10,1289441438
21,8,1289441450
21,3,1289441525
17,3,1289442313
17,23,1289489668
10,1,1289555656
10,6,1289555731
10,21,1289555745
10,8,1289555767
10,25,1289555841
10,2,1289555871
10,3,1289555875
4,26,1289641693
26,4,1289641703
5,1,1289660298
5,6,1289660319
5,7,1289660347
1,5,1289710643
6,4,1289770700
4,6,1289770756
2,4,1289771303
17,28,1289836081
17,13,1289873367
13,17,1289873611
13,29,1290088212
29,13,1290090118
17,20,1290108486
4,31,1290197549
31,4,1290197554
32,6,1290300441
13,1,1290520563
7,34,1290644457
34,7,1290644477
32,1,1290666928
1,32,1290666953
1,34,1290750434
34,1,1290752776
34,13,1290758643
13,34,1290761556
6,7,1290826367
7,6,1290826591
1,17,1290969236
1,31,1291052764
31,1,1291055972
35,6,1291056174
1,13,1291090930
36,37,1291157823
37,36,1291159845
35,1,1291159911
17,1,1291217882
8,1,1291315232
7,29,1291376109
1,20,1291505266
37,44,1291515528
44,37,1291515697
39,45,1291578872
39,7,1291590274
39,44,1291591178
44,39,1291591211
23,17,1291623781
23,19,1291623787
36,46,1291684579
46,36,1291684612
47,1,1291740270
13,7,1291757016
7,13,1291757031
29,51,1292070534
51,29,1292071378
29,52,1292085236
52,29,1292085280
45,39,1292099160
45,53,1292189306
53,45,1292189412
45,54,1292193828
54,45,1292195062
1,54,1292196392
54,1,1292196407
7,3,1292200462
36,41,1292206237
41,36,1292206272
36,21,1292297572
21,36,1292297608
7,36,1292361185
36,7,1292361298
7,53,1292442401
53,7,1292442432
7,55,1292447857
55,7,1292490376
29,7,1292716197
4,57,1292795818
39,21,1292819158
21,39,1292819328
4,61,1292823618
61,4,1292823672
61,20,1292823684
61,2,1292823727
35,65,1292920838
65,35,1292935948
56,1,1292957157
1,56,1292957195
4,66,1293050723
66,4,1293054742
21,7,1293191604
7,20,1293409870
35,69,1293448472
35,70,1293448479
39,69,1293453341
69,39,1293453456
69,35,1293453463
1,71,1293481238
71,1,1293481551
7,28,1293481688
28,7,1293482234
4,72,1293523499
1,74,1293579274
74,1,1293579280
41,75,1293583961
68,64,1293603105
76,7,1293604543
7,76,1293604590
7,19,1293632316
32,23,1293643257
23,32,1293646340
23,20,1293661055
61,77,1293665840
1,78,1293749573
78,1,1293749669
60,41,1293819840
41,60,1293820339
78,60,1293831460
60,78,1293831479
57,4,1293843254
23,69,1293888120
69,23,1293888137
64,68,1293930357
35,79,1293994479
79,35,1293996991
41,4,1294081163
4,41,1294081177
1,68,1294083688
68,1,1294083725
69,28,1294126590
28,69,1294152392
64,80,1294190542
17,81,1294192094
81,17,1294192614
69,62,1294244410
62,69,1294249080
41,83,1294262869
41,104,1294267264
83,41,1294267277
41,86,1294271217
86,41,1294274023
104,41,1294285068
4,87,1294300030
87,4,1294300186
81,69,1294395970
69,81,1294396076
41,89,1294426072
89,41,1294429629
60,87,1294429932
87,60,1294429999
7,89,1294438542
89,7,1294439193
64,94,1294546375
41,70,1294595719
94,64,1294599138
70,95,1294600321
95,70,1294600354
70,41,1294600355
70,35,1294600362
39,17,1294689381
17,39,1294689438
70,96,1294788721
96,70,1294854693
15,97,1294919858
97,15,1294927076
69,99,1294947596
99,69,1294953308
88,7,1294974057
1,81,1294982042
70,15,1294996843
15,70,1295011593
81,1,1295060559
1,101,1295163873
62,54,1295213497
54,62,1295213513
101,1,1295219864
100,101,1295223074
101,103,1295223955
80,25,1295282631
100,60,1295394666
39,4,1295416559
4,39,1295416571
41,105,1295460035
72,4,1295507765
96,106,1295538196
106,96,1295560693
81,107,1295620829
107,81,1295622238
60,108,1295647515
108,60,1295647536
97,68,1295720115
68,97,1295720324
96,107,1295806593
7,109,1295847189
109,7,1295847197
41,110,1295990232
41,68,1295995414
68,41,1295995480
107,96,1296071385
23,7,1296076062
7,111,1296085723
111,7,1296085847
64,112,1296096741
112,64,1296096768
112,77,1296163310
112,115,1296163344
112,60,1296163403
60,112,1296164244
109,39,1296229412
39,109,1296229420
6,114,1296291457
114,39,1296291483
6,32,1296291723
39,114,1296291878
47,7,1296512060
1,119,1296512102
119,1,1296513384
100,1,1296513427
100,7,1296528583
7,100,1296528668
7,47,1296528718
7,122,1296553673
122,7,1296553681
23,108,1296579082
108,23,1296579092
108,104,1296580101
104,108,1296580127
60,56,1296595302
115,77,1296601381
119,127,1296608630
119,25,1296609273
1,2,1296629343
1,76,1296631215
76,1,1296631324
1,23,1296657671
54,129,1296682612
116,7,1296688733
7,116,1296688773
54,13,1296690713
13,54,1296690764
77,39,1296754197
77,15,1296754335
77,6,1296754391
77,1,1296754396
77,23,1296754414
77,28,1296754435
77,115,1296754444
77,112,1296754511
77,131,1296754599
77,61,1296754644
129,54,1296758779
54,2,1296769471
2,54,1296769494
127,119,1296772979
127,132,1296773129
132,127,1296774360
7,133,1296792123
133,7,1296792359
105,41,1296837862
41,64,1296868252
64,41,1296868317
57,110,1296870068
113,125,1296884305
125,113,1296884644
54,7,1296913225
7,54,1296913557
113,23,1296927382
113,135,1296927424
135,113,1296927623
78,36,1297093748
36,78,1297093804
2,132,1297102509
132,2,1297102585
96,15,1297187359
110,57,1297197836
110,41,1297197843
132,28,1297206554
28,132,1297207240
111,1,1297291837
132,134,1297301158
134,132,1297301164
132,100,1297308204
100,132,1297308356
41,137,1297315440
15,96,1297359911
137,41,1297367601
7,137,1297370441
137,7,1297371118
1,138,1297373817
138,1,1297374204
132,138,1297378806
138,132,1297378871
100,111,1297385761
111,100,1297385922
100,64,1297386367
64,100,1297386418
41,140,1297461521
140,41,1297462874
7,60,1297467512
60,100,1297479764
7,141,1297482206
141,134,1297489409
134,141,1297494046
141,7,1297494086
132,21,1297533099
139,132,1297533751
132,139,1297534217
78,132,1297550942
2,3,1297570107
132,142,1297621909
142,132,1297626301
110,142,1297626584
1,110,1297627293
110,1,1297627348
142,110,1297628387
110,76,1297644400
2,142,1297647973
142,2,1297647979
110,143,1297652993
143,110,1297653023
75,132,1297686544
110,134,1297722488
134,110,1297723090
132,144,1297734450
144,132,1297734459
1,145,1297789863
145,1,1297789935
146,2,1297807903
60,147,1297809191
41,148,1297812539
148,41,1297812615
23,113,1297815736
21,132,1297824884
93,81,1297844414
78,149,1297866186
149,150,1297866223
150,149,1297866274
132,75,1297872866
2,110,1297878331
110,2,1297878338
110,144,1297878360
144,110,1297878526
41,147,1297882010
147,41,1297882595
132,152,1297886091
104,153,1297893560
81,93,1297907214
152,154,1297908772
154,152,1297908772
152,75,1297908985
110,155,1297910664
132,156,1297911997
156,132,1297912087
132,113,1297915803
113,132,1297915880
155,110,1297915937
41,157,1297959915
157,41,1297961344
149,132,1297976227
132,149,1297976241
113,158,1297976422
158,113,1297976428
56,7,1297980364
7,56,1297980493
41,132,1298044125
153,104,1298047000
132,41,1298054259
114,1,1298056076
1,114,1298061893
1,111,1298062294
60,160,1298072059
160,60,1298072081
114,149,1298128067
149,114,1298130582
114,146,1298146050
78,146,1298146920
146,78,1298147261
122,78,1298147284
132,78,1298147302
146,114,1298147389
114,21,1298169867
7,161,1298169938
161,7,1298169949
21,114,1298176196
132,104,1298252029
104,132,1298252036
132,157,1298265265
157,132,1298265838
1,7,1298267256
7,1,1298267346
132,162,1298311685
162,132,1298311859
41,163,1298314076
163,41,1298314093
41,162,1298315497
162,41,1298315517
2,149,1298346435
149,2,1298346449
75,41,1298399915
143,81,1298431338
143,80,1298431427
80,143,1298431543
1,165,1298487310
165,1,1298487318
152,166,1298513462
166,152,1298513680
2,166,1298520615
166,2,1298520693
110,104,1298577705
41,167,1298584878
167,41,1298584913
41,168,1298589589
168,41,1298589707
132,169,1298611411
169,132,1298611459
81,149,1298623979
142,170,1298645238
170,142,1298645445
45,171,1298646564
171,45,1298647569
64,166,1298653534
166,64,1298653559
113,166,1298654517
166,113,1298654517
60,104,1298654789
60,172,1298657430
64,3,1298665050
113,173,1298665394
173,113,1298667151
41,174,1298667648
172,60,1298667687
166,156,1298694079
156,166,1298694137
175,7,1298708156
45,176,1298740675
161,144,1298757244
144,161,1298757268
7,166,1298759550
161,177,1298778315
177,161,1298778361
149,129,1298795455
129,149,1298795468
144,178,1298843671
178,144,1298843683
75,1,1298844200
75,179,1298844210
179,75,1298844224
75,62,1298844292
62,75,1298844298
143,173,1298874597
149,173,1298874793
173,149,1298874964
173,143,1298875015
166,180,1298878912
180,166,1298878996
174,41,1298880775
149,81,1298898116
144,143,1298926935
143,144,1298927097
60,148,1298928760
148,60,1298928785
2,156,1298929715
156,2,1298929724
1,19,1298950354
132,181,1299031253
181,132,1299031290
135,181,1299032633
181,135,1299032672
132,159,1299034389
159,132,1299034411
135,143,1299038270
143,135,1299038484
148,182,1299041120
182,148,1299041133
144,181,1299041571
181,144,1299041643
181,183,1299043467
183,181,1299043551
143,183,1299044294
183,143,1299044403
142,64,1299085320
64,142,1299085332
184,7,1299087811
7,184,1299088214
80,7,1299088418
7,78,1299093649
78,7,1299093674
147,179,1299101381
179,147,1299103258
7,185,1299151907
185,7,1299152111
176,45,1299178292
183,186,1299204600
186,183,1299204728
135,187,1299204954
187,135,1299205271
33,7,1299206112
7,33,1299206119
78,144,1299275608
7,188,1299283600
188,7,1299283609
104,189,1299289949
189,104,1299290475
104,190,1299304119
190,104,1299304159
104,110,1299436669
104,191,1299438045
191,104,1299438055
104,113,1299446922
113,104,1299446966
6,173,1299447999
110,7,1299490927
104,171,1299521852
171,104,1299526904
143,192,1299530754
192,143,1299530789
60,159,1299531271
159,60,1299531324
2,1,1299556897
57,25,1299557057
60,178,1299612557
7,35,1299679074
60,193,1299680713
193,60,1299690391
60,194,1299695064
194,178,1299695092
194,60,1299695193
178,194,1299696030
7,195,1299732938
195,7,1299732959
29,60,1299735274
62,196,1299758045
196,62,1299758069
60,29,1299767299
60,191,1299770716
7,156,1299912911
156,7,1299912916
60,198,1299950085
60,199,1299985463
199,60,1299985655
7,200,1300015561
200,7,1300015951
132,198,1300042936
198,132,1300043117
35,7,1300184211
194,201,1300209236
201,194,1300211126
100,202,1300226423
202,100,1300226820
142,203,1300231849
203,142,1300232683
7,204,1300232688
142,60,1300233490
7,110,1300240396
60,205,1300244368
206,201,1300261803
201,206,1300262138
207,7,1300292102
200,62,1300330194
60,75,1300332304
75,60,1300332465
75,7,1300333012
60,209,1300402382
7,210,1300411884
210,7,1300414645
142,143,1300459755
143,142,1300459768
60,142,1300473495
7,206,1300568050
149,209,1300652885
120,7,1300708855
7,207,1300720137
7,96,1300745124
104,179,1300756036
200,179,1300756138
149,179,1300756261
96,7,1300789107
56,60,1300815962
202,211,1300839352
200,13,1300839891
13,200,1300839913
211,202,1300844813
104,149,1300847913
149,104,1300848458
104,60,1300857385
149,62,1300864405
167,211,1300869245
206,7,1300922187
202,212,1300928213
212,202,1300928240
212,209,1300931572
60,212,1300933559
212,60,1300933628
101,134,1300933841
60,213,1300933940
213,60,1300934003
134,101,1300934772
212,7,1300936616
212,132,1300936648
212,29,1300937004
143,153,1300997414
153,143,1300998238
35,110,1301003730
135,214,1301005357
143,215,1301019703
215,143,1301019908
29,212,1301020983
7,212,1301023265
135,152,1301029977
7,179,1301032557
39,149,1301053223
149,39,1301053275
214,216,1301084932
216,214,1301086321
174,112,1301089005
153,202,1301105775
29,120,1301142985
60,217,1301148833
60,218,1301149633
218,60,1301149695
209,212,1301167471
217,60,1301168075
217,3,1301168216
135,179,1301193533
176,219,1301235483
219,176,1301235508
219,110,1301235545
176,220,1301245064
1,223,1301329948
60,1,1301333077
60,7,1301333083
39,2,1301333302
202,176,1301339345
176,202,1301339497
60,224,1301341025
1,225,1301354601
225,1,1301354685
225,209,1301354726
29,1,1301365737
29,219,1301365871
219,29,1301366024
1,132,1301366233
1,227,1301369843
227,1,1301369929
60,228,1301439895
225,45,1301447178
60,214,1301453104
199,185,1301513674
185,199,1301514094
60,230,1301521482
60,231,1301522462
231,60,1301523090
7,232,1301569599
1,104,1301600149
104,1,1301600346
33,1,1301607874
62,149,1301613622
29,171,1301617653
206,233,1301618418
233,206,1301618444
232,7,1301630013
60,208,1301683978
208,60,1301684509
206,234,1301694942
234,206,1301695371
235,7,1301744132
222,7,1301774795
104,202,1301785228
202,104,1301785244
202,236,1301820795
236,202,1301821269
202,237,1301827089
237,202,1301827807
149,238,1301863197
238,149,1301863380
39,239,1301866633
239,64,1301866651
239,39,1301866658
202,135,1301897258
135,202,1301897279
2,7,1301898700
2,60,1301898705
2,62,1301898738
2,77,1301898759
7,2,1301899167
7,39,1301899174
7,41,1301899185
7,21,1301899226
7,72,1301899299
7,62,1301899326
208,62,1301901227
206,240,1301901459
240,206,1301901471
62,208,1301901475
231,241,1301936770
39,143,1301938972
143,39,1301939041
241,231,1301941162
60,242,1301945086
242,60,1301945156
135,2,1301972936
204,7,1301973637
1,64,1301975394
64,1,1301975615
202,244,1301998379
244,60,1301999041
202,56,1302005850
56,202,1302005904
164,60,1302011702
60,164,1302011716
204,80,1302012515
56,114,1302012678
149,80,1302016172
1,245,1302017978
241,80,1302025647
35,246,1302027410
246,35,1302027786
1,247,1302043777
247,1,1302043935
80,241,1302044439
80,64,1302044526
80,204,1302044550
80,149,1302044581
80,81,1302044652
228,60,1302055573
72,21,1302069957
35,248,1302082638
248,35,1302082712
244,245,1302096657
245,244,1302097036
245,250,1302103935
250,245,1302103959
60,251,1302107640
60,250,1302108245
250,60,1302108321
7,175,1302112511
166,206,1302117349
206,166,1302117447
60,244,1302121400
166,158,1302132473
215,249,1302136505
249,215,1302136666
60,243,1302203707
243,60,1302203835
60,252,1302204154
252,60,1302204187
253,95,1302212934
143,7,1302236703
7,143,1302236754
1,234,1302237679
234,1,1302237928
251,245,1302246462
245,251,1302246492
60,88,1302278539
88,60,1302279515
88,104,1302279761
104,88,1302287609
60,255,1302289159
255,60,1302289547
29,251,1302290506
166,7,1302290513
251,29,1302290516
251,60,1302292040
251,1,1302292044
251,202,1302292056
1,251,1302292173
164,163,1302292905
206,256,1302296393
256,206,1302296410
60,257,1302296668
6,258,1302322673
258,6,1302322871
64,219,1302323406
258,259,1302333277
259,258,1302335098
1,260,1302449430
7,260,1302449755
1,261,1302453499
261,1,1302454856
202,158,1302482453
256,153,1302495086
202,240,1302496979
240,202,1302496999
244,113,1302530478
244,114,1302534403
207,262,1302543865
262,207,1302543928
23,263,1302565807
60,264,1302617059
60,265,1302617703
265,60,1302618615
149,266,1302639445
266,149,1302639465
35,267,1302639584
267,35,1302639594
202,141,1302641206
141,202,1302641237
6,268,1302648708
266,60,1302648768
229,215,1302652617
215,229,1302652619
141,41,1302659093
242,141,1302659161
141,242,1302659185
215,221,1302659794
268,6,1302659889
221,215,1302660915
221,269,1302660923
269,221,1302661144
269,3,1302661676
41,141,1302666289
60,269,1302707523
153,7,1302713671
249,167,1302722251
221,171,1302725616
1,109,1302729569
202,230,1302740432
171,221,1302745364
171,235,1302747220
235,171,1302747939
64,7,1302750631
177,1,1302752567
60,77,1302790887
149,25,1302791427
1,271,1302800924
271,1,1302800937
221,272,1302814706
272,221,1302814788
202,153,1302817543
60,261,1302818032
261,60,1302818176
60,273,1302818420
23,231,1302820322
7,243,1302824119
230,202,1302825832
144,78,1302842625
144,153,1302842652
269,7,1302845151
7,269,1302845532
1,274,1302847189
274,1,1302847200
141,1,1302881091
1,141,1302881463
141,273,1302881660
141,275,1302881716
60,276,1302882663
276,60,1302882727
141,256,1302883016
270,277,1302883800
256,141,1302885177
277,270,1302887909
202,127,1302888454
167,249,1302895949
275,141,1302902855
221,202,1302904462
202,221,1302904613
221,64,1302906349
206,221,1302917070
221,206,1302918774
273,60,1302920250
60,279,1302923640
219,64,1302923672
219,109,1302923731
219,21,1302924030
279,60,1302924331
202,278,1302928520
278,202,1302928586
206,29,1302932650
29,206,1302932675
280,281,1302933257
206,282,1302933285
242,274,1302933633
282,206,1302933663
283,284,1302958659
7,240,1302970025
7,285,1302978023
202,286,1302978044
286,202,1302978081
256,287,1302990371
287,256,1302991007
202,288,1302995384
288,202,1302995611
257,265,1303021207
257,242,1303021210
257,104,1303021213
257,60,1303021221
202,134,1303021542
134,202,1303022826
37,219,1303055665
219,37,1303055677
290,215,1303064582
215,290,1303064621
284,283,1303064666
245,291,1303066398
291,245,1303066422
292,202,1303076403
217,149,1303080084
149,217,1303080211
224,257,1303080730
224,60,1303080818
224,144,1303081272
144,224,1303081506
224,171,1303083553
171,224,1303083824
135,293,1303084783
21,60,1303085826
199,104,1303090859
7,294,1303099054
294,7,1303099322
293,204,1303113301
204,293,1303113398
231,28,1303114586
274,295,1303115280
295,274,1303115648
202,292,1303121613
249,64,1303136046
230,101,1303154040
1,296,1303161461
64,249,1303168886
229,297,1303168898
297,229,1303168905
4,282,1303175312
282,4,1303175839
298,299,1303192071
299,298,1303192108
257,29,1303197787
271,202,1303205377
202,271,1303205387
272,7,1303251534
7,272,1303251550
37,301,1303252801
301,37,1303252805
60,299,1303253191
299,60,1303253327
29,302,1303256262
135,303,1303256893
303,135,1303256975
64,301,1303257293
301,64,1303257295
214,60,1303257371
29,304,1303258734
304,29,1303258968
7,254,1303263457
254,7,1303263494
17,254,1303264358
7,135,1303269567
284,21,1303278095
282,305,1303280196
305,282,1303280237
282,306,1303282173
306,282,1303282190
60,229,1303338920
229,60,1303338935
144,282,1303342751
282,144,1303342876
206,307,1303344910
39,308,1303345804
307,206,1303348286
1,180,1303356386
180,1,1303356404
235,20,1303357170
29,198,1303359602
198,29,1303359614
198,60,1303360208
29,274,1303361096
280,29,1303361103
274,29,1303361107
29,280,1303361108
202,206,1303361238
206,202,1303361248
274,204,1303377388
204,274,1303377420
204,186,1303387704
186,204,1303387833
7,266,1303391987
60,223,1303396798
257,279,1303406592
15,167,1303416432
167,15,1303416561
171,309,1303416673
309,171,1303416692
310,282,1303424581
257,274,1303438992
28,231,1303447886
202,204,1303466558
204,202,1303466727
21,308,1303483211
1,311,1303486159
311,1,1303486333
1,312,1303486511
312,1,1303486645
60,312,1303487897
312,60,1303488818
206,273,1303499486
273,206,1303499671
304,93,1303531167
93,304,1303531284
93,62,1303531650
312,221,1303535867
21,93,1303540925
93,21,1303540941
7,314,1303544457
257,314,1303546993
7,249,1303553119
314,257,1303559784
274,108,1303561052
254,17,1303579036
41,233,1303583404
45,313,1303599238
45,315,1303607468
60,202,1303617429
64,316,1303618161
316,64,1303618177
316,274,1303618242
64,317,1303618819
317,64,1303618999
45,318,1303622727
318,45,1303622762
319,284,1303627971
76,110,1303627972
257,275,1303633389
312,62,1303640861
62,312,1303640911
313,45,1303644082
284,319,1303665639
320,60,1303673490
240,7,1303676697
214,221,1303680595
221,214,1303680597
108,7,1303683484
7,108,1303683667
202,322,1303684673
322,202,1303684737
314,7,1303685320
249,323,1303685391
323,249,1303685478
215,324,1303692043
7,219,1303692370
219,7,1303692374
7,228,1303692429
228,7,1303693074
324,215,1303693729
62,304,1303696033
304,62,1303696053
62,325,1303701960
62,202,1303702188
202,62,1303702300
7,326,1303702693
326,7,1303702717
62,285,1303703560
285,62,1303703578
57,7,1303705452
321,274,1303705456
274,321,1303705502
274,327,1303716775
327,274,1303716827
29,328,1303725238
328,29,1303725563
322,329,1303738638
329,322,1303739054
199,219,1303739675
313,135,1303740039
321,202,1303750939
202,321,1303750968
239,28,1303751776
7,296,1303754914
257,334,1303762987
257,338,1303762992
321,345,1303770869
345,321,1303770911
345,346,1303771119
202,289,1303772422
289,202,1303772431
29,347,1303772944
29,186,1303773860
186,29,1303774650
296,7,1303786886
308,39,1303790029
308,21,1303790039
308,1,1303790378
214,202,1303796627
202,214,1303797148
101,315,1303803390
257,268,1303809801
249,349,1303822178
349,249,1303822716
257,283,1303827793
340,60,1303838072
257,336,1303838591
35,251,1303845167
251,35,1303845243
239,219,1303846262
219,239,1303846551
266,350,1303848296
350,266,1303848299
7,4,1303848523
60,340,1303853897
60,21,1303853921
324,204,1303859428
346,345,1303862752
321,215,1303864137
215,321,1303864206
62,293,1303875882
293,62,1303876659
202,7,1303879812
202,251,1303880144
352,4,1303880260
7,202,1303881691
353,144,1303883331
144,353,1303883385
7,354,1303900440
354,7,1303901659
64,353,1303908513
141,285,1303922221
350,353,1303927207
353,350,1303927224
135,355,1303932463
355,135,1303932531
202,356,1303937112
356,202,1303937174
310,7,1303938048
41,357,1303938319
285,141,1303940229
324,202,1303941921
202,324,1303941960
304,1,1303959108
353,304,1303971582
304,353,1303971592
257,359,1303971805
257,21,1303975398
346,257,1303979893
204,324,1303984278
60,254,1304002118
339,60,1304003460
1,139,1304004287
139,202,1304004832
202,139,1304004869
139,1,1304005562
219,359,1304007616
359,257,1304007756
257,244,1304007796
359,60,1304007851
270,135,1304009754
135,270,1304009836
37,93,1304013658
285,360,1304014701
285,7,1304017232
7,134,1304024850
288,307,1304033113
202,4,1304034294
324,1,1304034490
1,324,1304034493
144,366,1304040267
249,367,1304041764
367,249,1304043050
7,368,1304043629
368,7,1304043928
254,60,1304044790
39,298,1304050377
298,39,1304050418
325,62,1304050444
358,7,1304050578
358,202,1304050596
202,358,1304050847
228,293,1304053176
249,62,1304082870
62,249,1304082886
356,370,1304089664
370,356,1304089962
249,371,1304090789
371,249,1304091083
356,1,1304098147
1,356,1304098159
372,257,1304098427
41,257,1304101630
372,41,1304101672
41,372,1304101856
293,296,1304103543
202,363,1304104276
363,202,1304104938
257,295,1304108612
41,265,1304112865
265,41,1304112971
7,142,1304118180
149,17,1304126754
17,149,1304126859
17,375,1304129066
17,7,1304135542
29,62,1304137573
62,29,1304137620
33,325,1304142166
325,33,1304142197
339,257,1304146150
202,377,1304146431
377,202,1304146740
33,202,1304150454
202,33,1304150470
41,201,1304153138
374,35,1304163100
257,284,1304166224
366,346,1304173774
346,366,1304175033
366,144,1304175789
215,378,1304186094
378,215,1304186120
322,379,1304191920
379,322,1304192004
372,380,1304193306
380,372,1304193334
6,219,1304194321
219,6,1304194336
219,375,1304194686
273,141,1304198780
285,60,1304204145
60,285,1304204295
360,285,1304207904
309,382,1304213842
382,309,1304213905
248,383,1304216680
383,248,1304216716
178,384,1304220345
384,178,1304220444
372,385,1304224026
385,372,1304224063
134,7,1304230989
386,348,1304231646
348,386,1304231668
353,386,1304232012
386,353,1304232036
386,387,1304233846
387,386,1304234051
383,339,1304234839
339,383,1304234876
148,388,1304239724
380,186,1304252439
186,380,1304253481
346,171,1304261832
143,380,1304270419
380,143,1304270434
134,389,1304272624
389,134,1304272629
134,390,1304273832
390,134,1304273840
390,391,1304273866
391,390,1304273964
257,392,1304274210
4,202,1304275176
4,125,1304277450
125,4,1304277510
330,7,1304278704
143,351,1304278783
351,143,1304278792
393,7,1304280792
393,342,1304280808
342,393,1304280974
7,393,1304280998
342,395,1304281113
266,233,1304283199
77,396,1304283469
396,77,1304283484
357,266,1304283584
249,393,1304284006
357,347,1304284547
393,249,1304284906
257,397,1304285013
77,20,1304285214
77,308,1304285342
7,159,1304286473
156,353,1304287786
353,156,1304287820
346,399,1304287947
4,19,1304288061
399,346,1304288143
347,202,1304288193
257,400,1304288595
400,257,1304290597
57,401,1304291588
401,57,1304291603
401,402,1304291618
171,346,1304292259
402,401,1304292259
393,387,1304294892
387,393,1304294984
393,347,1304295961
347,393,1304295981
80,403,1304298270
403,80,1304298567
288,404,1304299009
404,288,1304299132
215,288,1304299847
288,215,1304299848
401,230,1304300122
230,401,1304300369
347,405,1304302497
405,347,1304302522
345,7,1304303707
7,345,1304303804
235,348,1304305174
348,235,1304305182
235,406,1304307672
406,235,1304307687
64,407,1304310339
393,408,1304310940
408,393,1304311010
4,2,1304313526
155,7,1304314810
7,155,1304314930
198,230,1304316430
293,7,1304317054
353,409,1304319675
409,353,1304319681
410,198,1304325274
410,7,1304325318
410,320,1304325338
410,201,1304325483
312,409,1304328454
409,312,1304328456
198,330,1304344954
330,198,1304345554
198,411,1304345640
411,198,1304345750
257,177,1304346187
198,412,1304346190
412,198,1304346198
198,2,1304347161
2,198,1304347196
320,410,1304351240
298,412,1304352110
412,298,1304352150
257,414,1304353402
257,415,1304353418
414,60,1304354989
202,347,1304355528
1,51,1304355927
412,392,1304358452
1,384,1304359309
384,1,1304359311
392,412,1304364402
239,37,1304364648
37,239,1304365893
7,418,1304367720
396,392,1304367747
418,7,1304367782
392,396,1304367783
1,399,1304368646
399,1,1304368666
418,104,1304370485
149,64,1304370616
104,418,1304370687
257,340,1304375007
236,152,1304375796
320,142,1304375955
142,320,1304376692
356,104,1304377152
104,356,1304377205
215,404,1304380869
404,215,1304380949
259,219,1304383365
219,259,1304383559
300,64,1304384872
64,300,1304385136
270,421,1304385668
421,270,1304385878
405,423,1304388442
423,405,1304388450
257,372,1304389395
333,257,1304390658
387,401,1304392818
401,387,1304392836
330,80,1304392865
80,330,1304393057
257,341,1304396617
104,427,1304404273
427,104,1304404380
353,202,1304405509
202,353,1304405535
144,7,1304407100
7,144,1304407106
350,347,1304428321
256,428,1304430541
428,256,1304430584
143,35,1304430800
283,428,1304432036
350,77,1304432111
77,256,1304432479
256,77,1304432495
428,283,1304432506
77,350,1304432510
7,429,1304432824
429,7,1304432849
77,125,1304433266
125,77,1304433317
256,402,1304433403
402,256,1304433414
371,35,1304434011
347,350,1304434148
257,332,1304436188
394,430,1304436720
257,339,1304439811
366,410,1304442703
366,432,1304443251
432,410,1304443259
423,421,1304448830
421,423,1304448842
239,15,1304449745
386,377,1304453241
383,423,1304459443
423,383,1304459648
423,387,1304459685
387,423,1304459716
270,7,1304461216
353,433,1304463404
433,353,1304464673
257,297,1304464994
215,434,1304465476
45,435,1304466955
435,45,1304466988
433,421,1304466996
421,433,1304467199
286,80,1304467454
80,286,1304467599
404,166,1304468890
166,404,1304468927
405,433,1304469889
433,405,1304469924
433,404,1304470291
404,433,1304470314
7,293,1304471736
7,410,1304474308
257,322,1304475792
198,288,1304476730
178,181,1304476904
433,436,1304477092
436,433,1304477290
288,198,1304477449
181,178,1304477700
202,301,1304480355
430,394,1304480494
301,202,1304480950
393,203,1304484763
203,393,1304484816
301,437,1304485819
437,301,1304485844
1,438,1304488104
438,1,1304488263
434,215,1304490824
7,270,1304497864
15,297,1304514927
203,439,1304517599
439,203,1304517619
404,51,1304520736
404,308,1304522522
308,404,1304522529
439,184,1304523071
257,105,1304526185
441,60,1304530053
1,442,1304533792
320,443,1304534184
442,1,1304534420
440,444,1304535380
443,320,1304535620
444,440,1304535751
180,445,1304539110
445,180,1304539437
257,310,1304540582
443,410,1304541347
399,408,1304542673
408,399,1304542875
325,353,1304544480
353,325,1304544589
298,446,1304546681
446,298,1304546683
1,144,1304552017
144,1,1304552044
214,443,1304553527
257,309,1304555013
443,214,1304555865
378,203,1304556086
352,296,1304559398
219,1,1304559545
219,446,1304559598
7,365,1304559682
365,7,1304559688
446,219,1304559873
310,25,1304562938
363,25,1304563060
1,219,1304563247
436,448,1304564083
448,436,1304564141
202,310,1304564630
7,449,1304565310
449,7,1304565390
310,202,1304565474
1,47,1304570103
257,431,1304573020
397,278,1304577636
397,62,1304577808
397,3,1304577832
397,257,1304578272
320,1,1304579347
1,320,1304579354
304,322,1304580252
322,304,1304580340
297,15,1304589412
322,35,1304591695
363,450,1304593841
450,363,1304593874
254,296,1304597280
203,378,1304602980
206,198,1304603765
198,285,1304604671
285,198,1304604834
51,451,1304606969
451,51,1304607136
451,452,1304608664
452,451,1304608742
51,453,1304609769
51,1,1304610490
384,51,1304613174
453,51,1304617816
453,454,1304617907
257,41,1304619814
198,455,1304625601
443,456,1304632415
35,322,1304632429
35,143,1304632497
35,374,1304632735
35,353,1304632831
198,457,1304633391
457,198,1304633716
198,421,1304633724
421,198,1304633747
198,416,1304635415
353,198,1304636108
198,353,1304636157
416,198,1304637626
346,458,1304641232
458,346,1304641326
443,459,1304642196
456,443,1304643424
459,443,1304643652
459,378,1304644912
375,460,1304646369
460,375,1304649431
460,7,1304649480
460,235,1304649530
460,439,1304649590
438,464,1304651189
464,438,1304651253
408,465,1304651875
405,256,1304651876
256,405,1304651892
4,466,1304651955
465,408,1304652021
427,441,1304652598
441,427,1304652627
408,144,1304653248
144,408,1304653278
466,4,1304653408
441,345,1304654195
345,441,1304654290
467,21,1304657989
21,467,1304658111
467,468,1304658423
467,463,1304658960
1,464,1304659251
7,460,1304659383
408,469,1304659392
464,1,1304659410
35,464,1304661079
468,134,1304661504
134,468,1304661565
469,408,1304661920
463,467,1304662480
463,468,1304662679
468,463,1304662760
432,274,1304662844
463,462,1304664254
462,463,1304664259
408,470,1304664289
470,408,1304664332
464,35,1304665092
45,62,1304666524
257,312,1304666596
423,468,1304674100
468,423,1304674146
468,467,1304674994
51,404,1304677587
51,384,1304680208
412,471,1304696808
471,412,1304696816
350,472,1304698202
202,441,1304698214
441,202,1304698268
1,431,1304699103
431,1,1304699138
472,350,1304699811
7,473,1304700405
427,467,1304700461
473,7,1304700513
257,369,1304702585
463,425,1304708249
425,463,1304708399
235,455,1304711617
455,235,1304711620
257,417,1304717007
459,475,1304720206
401,476,1304720519
248,197,1304720767
401,383,1304721144
383,401,1304721170
468,386,1304724336
386,468,1304724345
249,7,1304724803
257,264,1304727806
405,477,1304730959
256,469,1304731268
469,256,1304731305
406,257,1304732325
425,478,1304733253
393,405,1304734913
405,393,1304734934
478,425,1304734970
424,7,1304742719
7,424,1304742817
393,479,1304744426
479,393,1304744508
409,148,1304745049
148,409,1304745077
257,376,1304745784
257,373,1304749392
477,405,1304750384
479,477,1304751163
477,479,1304751194
257,269,1304752991
257,420,1304753014
144,401,1304753261
435,480,1304754287
480,435,1304754347
322,479,1304754940
479,322,1304754965
401,144,1304762882
398,346,1304785088
224,462,1304786117
346,398,1304787591
7,310,1304794671
7,481,1304795725
481,7,1304795730
394,393,1304796004
393,394,1304796175
257,250,1304796197
257,214,1304803394
423,4,1304805176
405,198,1304805450
322,310,1304808876
454,453,1304809461
454,101,1304810158
408,454,1304814446
454,408,1304814471
383,482,1304814549
482,383,1304814557
64,186,1304817237
186,64,1304817405
378,7,1304818549
7,378,1304818554
462,483,1304821211
421,472,1304822723
399,484,1304823273
484,399,1304823317
408,387,1304824440
387,408,1304824500
6,198,1304826215
387,472,1304828361
484,228,1304834508
228,484,1304834580
383,348,1304834811
348,383,1304835025
304,485,1304835734
485,304,1304835744
1,486,1304845772
486,1,1304845904
383,487,1304846743
202,60,1304847667
468,488,1304858716
488,468,1304859149
468,489,1304861467
489,468,1304861477
21,490,1304865878
412,77,1304867537
77,412,1304867651
64,256,1304871180
256,64,1304871184
489,132,1304871282
132,489,1304874485
1,416,1304874495
64,104,1304874588
416,1,1304874930
350,489,1304876171
489,350,1304876182
350,492,1304880507
492,350,1304880563
132,202,1304883910
202,132,1304883954
198,472,1304888416
144,57,1304889300
57,144,1304889589
472,198,1304894849
472,399,1304894878
472,412,1304894971
387,493,1304897120
440,7,1304898178
493,387,1304898414
7,440,1304898573
132,7,1304899208
494,386,1304899619
386,494,1304899630
7,489,1304900284
489,7,1304900310
7,447,1304901562
171,493,1304901965
493,171,1304902093
447,7,1304905441
455,4,1304905843
198,443,1304906612
443,198,1304907116
64,492,1304914494
484,280,1304915294
280,484,1304915313
280,495,1304915564
495,280,1304915653
280,443,1304916100
443,280,1304916154
476,425,1304916434
425,476,1304917483
427,163,1304917945
476,401,1304917946
163,164,1304918671
163,427,1304918680
425,181,1304920785
462,496,1304921572
7,383,1304932739
383,7,1304932747
383,497,1304940800
497,383,1304941023
202,447,1304952125
111,499,1304957446
499,111,1304957472
111,104,1304957858
36,500,1304958613
198,499,1304959417
499,198,1304960212
447,202,1304961521
104,499,1304965487
104,111,1304965504
104,296,1304965531
104,64,1304965579
144,484,1304966388
484,144,1304966388
104,462,1304969232
500,36,1304972644
500,274,1304972776
494,476,1304976525
476,494,1304976596
35,458,1304978330
458,35,1304978538
443,501,1304978556
501,443,1304979199
490,21,1304987782
490,104,1304987886
476,472,1304988336
494,472,1304991251
427,463,1304992888
399,472,1304993220
425,472,1304993474
280,502,1304994078
502,280,1304994100
64,288,1305001934
64,491,1305001959
491,64,1305001980
288,64,1305002470
163,318,1305003582
318,163,1305003767
64,503,1305004072
427,503,1305004132
503,64,1305004265
503,427,1305004602
29,270,1305005489
270,29,1305005999
359,504,1305006612
1,505,1305009175
505,1,1305009850
156,25,1305009863
491,411,1305013476
411,491,1305013503
7,472,1305013985
21,506,1305028592
455,15,1305028595
15,455,1305028685
506,21,1305029033
455,198,1305032886
4,455,1305034767
7,498,1305040442
498,7,1305040469
171,384,1305041830
384,171,1305041840
416,384,1305046053
384,416,1305046073
384,396,1305047506
396,384,1305047541
261,507,1305048475
507,261,1305048579
478,490,1305052058
331,508,1305053195
508,331,1305053401
35,472,1305056235
481,472,1305056307
387,270,1305056401
444,472,1305056426
270,387,1305056446
1,421,1305062650
421,1,1305062676
141,497,1305063616
455,2,1305063693
2,455,1305063765
1,80,1305064090
401,2,1305064392
2,401,1305064402
497,141,1305064815
64,441,1305064914
441,64,1305065451
141,37,1305065760
37,141,1305065784
215,441,1305067307
493,488,1305070239
441,215,1305070381
488,493,1305070441
490,478,1305070642
178,399,1305070668
399,178,1305070791
159,7,1305071747
1,29,1305071801
509,423,1305071845
509,510,1305072219
1,511,1305072251
511,1,1305072325
510,512,1305073157
512,510,1305073164
509,512,1305073223
512,509,1305073248
512,513,1305077626
513,512,1305077638
7,386,1305078050
509,513,1305078051
386,7,1305078063
513,509,1305078068
510,509,1305078386
491,514,1305079347
514,491,1305079559
171,310,1305086009
484,310,1305086043
353,310,1305086615
178,57,1305086660
441,462,1305088789
462,441,1305088807
178,515,1305089301
515,178,1305090971
29,476,1305091191
476,29,1305091200
1,494,1305091692
494,1,1305091806
394,516,1305093440
516,394,1305093648
476,517,1305094043
517,476,1305094107
394,494,1305097116
494,394,1305097183
257,224,1305112994
257,320,1305112994
257,328,1305113007
257,217,1305113011
257,422,1305113019
257,218,1305113036
257,342,1305113043
257,408,1305113054
64,518,1305116246
518,64,1305116263
257,351,1305116586
257,337,1305116598
257,348,1305116612
257,519,1305120209
519,60,1305123172
484,520,1305129559
520,484,1305130097
257,381,1305134603
266,475,1305135531
228,521,1305140556
521,228,1305140911
257,362,1305141790
144,202,1305142346
202,144,1305142401
383,203,1305146152
203,383,1305146275
521,522,1305149032
203,399,1305149981
522,521,1305150176
29,523,1305152580
408,405,1305158511
405,408,1305158536
359,219,1305160899
408,171,1305161039
171,408,1305161047
186,476,1305161175
491,452,1305161266
452,491,1305161348
359,524,1305164324
524,359,1305164569
283,518,1305164831
518,283,1305164900
7,494,1305168688
494,7,1305169050
150,198,1305169165
257,377,1305170590
198,150,1305170612
383,517,1305175785
7,222,1305176269
517,383,1305176936
257,346,1305188592
491,167,1305203762
167,491,1305203770
257,364,1305206595
257,331,1305210185
257,413,1305213790
372,525,1305214154
525,372,1305214167
521,256,1305224107
256,521,1305224357
257,361,1305224594
150,520,1305225033
270,396,1305229973
396,270,1305230019
396,526,1305230768
526,396,1305230834
23,527,1305232514
527,23,1305233258
514,219,1305233352
526,144,1305233374
484,472,1305233770
412,472,1305233784
300,529,1305238757
529,300,1305239197
476,186,1305241189
476,530,1305242132
530,476,1305242159
215,202,1305242243
202,215,1305242282
298,531,1305245823
256,515,1305246165
515,256,1305246215
488,532,1305247741
532,488,1305247825
530,166,1305251688
166,530,1305251725
166,256,1305251902
166,532,1305251913
256,166,1305251925
532,166,1305253227
514,533,1305253628
533,514,1305253679
491,512,1305254111
495,532,1305254415
532,495,1305254417
491,534,1305254504
384,534,1305254510
534,384,1305254543
1,534,1305254867
530,484,1305254988
530,518,1305254998
518,530,1305255007
484,530,1305255008
219,514,1305255871
405,171,1305257890
171,405,1305257891
491,171,1305258385
171,491,1305258391
447,535,1305260065
4,352,1305261958
427,517,1305262949
517,427,1305263244
534,536,1305263336
144,526,1305263379
536,534,1305263580
534,523,1305264399
389,523,1305264989
523,389,1305265012
427,25,1305265382
1,537,1305267250
536,523,1305268487
523,536,1305268558
526,484,1305271820
484,526,1305271843
64,487,1305272310
7,538,1305272732
531,298,1305274104
383,64,1305274527
64,477,1305274653
64,383,1305274662
501,534,1305274724
534,501,1305274759
491,427,1305276387
427,491,1305276413
538,64,1305277339
538,7,1305277340
514,538,1305278640
538,514,1305278738
257,254,1305285798
257,278,1305285806
257,234,1305285812
257,228,1305285813
257,229,1305285815
257,276,1305285819
520,150,1305288526
399,539,1305288610
257,425,1305289386
257,365,1305289401
257,360,1305289414
77,60,1305294367
21,77,1305294552
77,21,1305294663
521,29,1305294751
535,212,1305296915
375,540,1305296996
475,266,1305297077
475,459,1305297108
64,541,1305299434
541,64,1305299449
270,416,1305301929
416,270,1305302034
488,508,1305305895
508,488,1305306939
532,152,1305308709
257,256,1305310993
273,465,1305311279
465,273,1305311676
164,478,1305312607
384,476,1305313719
476,384,1305313733
441,539,1305313790
539,399,1305314001
539,441,1305314051
419,520,1305314177
520,419,1305314431
520,539,1305314968
480,542,1305316470
257,335,1305318204
491,543,1305322038
543,491,1305322579
198,544,1305326274
544,198,1305326627
523,545,1305327053
203,7,1305327114
7,203,1305327203
520,546,1305328848
542,480,1305333120
542,547,1305333719
547,542,1305333764
7,120,1305335065
530,387,1305335665
405,548,1305335933
548,405,1305335945
446,309,1305336993
446,522,1305337014
309,446,1305337062
520,549,1305337727
549,520,1305337751
387,530,1305339703
548,7,1305340740
257,426,1305343394
535,447,1305349771
202,550,1305355255
550,202,1305355268
550,462,1305355326
550,134,1305355354
480,7,1305359116
7,480,1305359130
7,547,1305361379
547,7,1305361407
547,394,1305363900
257,406,1305365008
394,547,1305365097
37,77,1305373215
77,37,1305373271
496,62,1305373908
464,552,1305374866
552,464,1305375300
7,322,1305377724
322,7,1305377793
254,553,1305380802
396,520,1305383370
520,396,1305384333
215,198,1305384893
198,215,1305385321
378,198,1305386386
257,273,1305386600
198,378,1305386627
502,526,1305388222
526,502,1305388271
198,224,1305389104
224,198,1305389116
171,198,1305389529
198,171,1305389537
554,502,1305390174
350,64,1305390393
64,350,1305390469
554,547,1305390477
547,554,1305390479
350,520,1305390560
520,350,1305390701
520,555,1305393158
555,520,1305393289
257,441,1305393814
520,556,1305396567
556,520,1305396594
386,198,1305398480
198,501,1305399034
198,386,1305399041
501,198,1305399254
394,557,1305400506
557,394,1305400557
202,488,1305402115
488,202,1305402592
88,558,1305403778
476,520,1305403827
520,476,1305403912
198,394,1305404112
394,198,1305404194
468,437,1305407804
198,559,1305409167
559,198,1305409194
394,560,1305411438
560,394,1305411465
468,295,1305412258
468,561,1305413123
561,468,1305414111
200,533,1305414119
533,424,1305414434
295,468,1305415109
257,246,1305415402
539,520,1305415869
424,533,1305416716
491,249,1305417588
468,144,1305417922
144,468,1305418038
249,491,1305418552
558,88,1305419238
558,443,1305419347
530,200,1305420957
200,530,1305420961
530,262,1305421146
262,530,1305421159
547,262,1305421731
262,547,1305421771
533,200,1305422057
520,262,1305422902
262,520,1305422917
262,562,1305424075
562,262,1305424310
198,262,1305425701
262,198,1305425726
159,288,1305432914
288,159,1305432967
480,495,1305435512
495,480,1305435599
479,353,1305437247
1,563,1305438446
563,564,1305438483
564,563,1305438535
565,566,1305438616
566,565,1305438636
64,551,1305442500
550,469,1305443644
469,550,1305443667
1,567,1305443881
567,1,1305443900
64,488,1305447815
1,569,1305447851
569,1,1305447897
488,64,1305448094
249,198,1305466645
198,249,1305466658
563,570,1305467714
570,563,1305467895
571,570,1305468084
570,571,1305468211
415,572,1305469504
198,399,1305477372
399,198,1305477466
283,508,1305477483
508,283,1305478081
167,64,1305478355
64,167,1305478368
144,393,1305480156
393,144,1305480163
186,269,1305482423
269,186,1305484455
350,547,1305487976
547,350,1305487981
163,408,1305488883
573,570,1305493883
573,571,1305494572
570,573,1305494834
496,499,1305495705
159,273,1305499185
273,159,1305499240
443,575,1305502710
575,443,1305502742
462,474,1305503646
462,577,1305503686
474,462,1305503783
405,578,1305505200
578,222,1305505260
578,405,1305505302
578,443,1305505751
443,578,1305505798
1,215,1305509119
215,1,1305509143
488,562,1305514498
562,488,1305514843
480,159,1305515513
159,480,1305515644
230,198,1305523885
528,35,1305543359
159,580,1305560259
580,159,1305560376
159,581,1305561626
581,159,1305561771
361,508,1305562297
508,361,1305562433
144,283,1305565271
7,68,1305565340
68,7,1305565476
7,88,1305565654
396,283,1305565824
283,396,1305565854
273,582,1305567464
581,583,1305568539
7,584,1305569958
584,7,1305569959
480,357,1305572185
488,480,1305574415
480,488,1305574431
202,480,1305581727
480,202,1305582073
585,159,1305582346
399,542,1305586833
387,198,1305587076
542,399,1305587097
198,387,1305587177
198,586,1305588131
533,587,1305590212
587,533,1305590463
405,589,1305592597
589,405,1305592645
224,590,1305593283
590,224,1305593289
530,533,1305593629
383,268,1305595545
13,518,1305596162
518,13,1305596171
222,578,1305596176
222,372,1305597038
372,222,1305597071
501,592,1305597331
222,276,1305597668
276,222,1305597926
163,476,1305598572
476,163,1305598638
7,551,1305600657
1,579,1305600755
159,585,1305600822
202,219,1305602728
443,558,1305602823
219,558,1305602926
219,202,1305602936
257,343,1305606209
171,7,1305607825
7,171,1305608753
13,594,1305608997
594,13,1305609089
427,595,1305610659
595,427,1305610730
202,594,1305612031
384,596,1305613836
596,384,1305613928
497,597,1305627976
597,497,1305628137
588,587,1305628567
563,598,1305631002
598,563,1305631361
598,564,1305632359
598,599,1305634282
599,598,1305634318
587,588,1305640917
468,495,1305644050
495,468,1305644095
159,600,1305644227
600,159,1305644384
159,601,1305646103
601,159,1305646437
159,602,1305647064
602,159,1305647124
484,603,1305647383
603,484,1305647435
564,604,1305649143
604,564,1305649150
64,591,1305649678
591,64,1305649686
64,538,1305650129
577,462,1305650549
64,520,1305650853
64,605,1305652414
605,64,1305652454
64,272,1305652820
272,64,1305654177
159,606,1305655737
605,13,1305657906
13,605,1305657912
235,607,1305658063
607,235,1305658114
13,159,1305658191
159,13,1305658224
586,198,1305658946
198,608,1305661339
598,609,1305661465
608,198,1305661589
270,610,1305663145
610,270,1305663198
159,611,1305664574
546,64,1305664965
611,159,1305665953
113,550,1305667201
550,113,1305667493
13,612,1305667849
612,13,1305667874
613,298,1305669065
550,298,1305669096
298,613,1305669171
520,64,1305669572
520,198,1305669659
583,567,1305669934
198,520,1305670104
268,200,1305671511
567,583,1305671575
598,614,1305674010
614,598,1305674026
304,615,1305675064
615,304,1305675600
502,554,1305676168
298,617,1305681290
617,298,1305681302
405,617,1305683530
617,405,1305683557
462,550,1305686150
304,557,1305689776
21,618,1305690291
618,21,1305691092
484,1,1305692549
13,619,1305692800
619,620,1305692837
619,13,1305692846
620,619,1305692873
462,621,1305695289
621,462,1305695413
159,622,1305695528
622,159,1305696710
13,620,1305697758
484,7,1305697887
620,13,1305697899
7,484,1305698226
13,96,1305698600
96,13,1305698692
346,374,1305700588
200,623,1305704401
202,427,1305705733
609,598,1305705905
427,202,1305706115
374,346,1305712027
592,586,1305713488
586,592,1305713615
616,7,1305713701
7,616,1305714708
593,13,1305723918
13,593,1305723965
113,244,1305728695
113,219,1305728759
33,624,1305731731
624,33,1305732255
270,625,1305733821
468,626,1305735331
484,304,1305735770
113,295,1305743019
304,484,1305746758
159,378,1305747096
571,573,1305749246
295,113,1305749839
416,276,1305750019
276,416,1305751703
566,533,1305752522
533,566,1305752536
564,598,1305753873
628,605,1305759412
605,628,1305759430
578,628,1305759603
628,578,1305759638
304,4,1305760773
4,304,1305761024
222,295,1305763548
488,537,1305765469
405,7,1305767241
7,405,1305767271
295,222,1305767355
222,629,1305768717
629,222,1305768817
623,200,1305769595
495,630,1305771276
630,495,1305771294
623,550,1305783845
550,623,1305784009
523,631,1305818095
631,523,1305818144
627,346,1305819551
257,240,1305822198
257,261,1305822207
143,396,1305823164
396,143,1305823196
537,488,1305826504
514,632,1305826925
632,514,1305827047
113,7,1305830962
537,202,1305834713
446,592,1305836942
616,633,1305837099
592,446,1305837139
633,616,1305837307
633,634,1305837410
616,592,1305837453
592,616,1305837493
502,295,1305839572
295,502,1305839621
257,277,1305840184
257,266,1305840206
7,113,1305841706
632,159,1305844026
159,632,1305844083
395,342,1305845332
588,635,1305847624
342,495,1305847883
495,342,1305848078
88,36,1305850084
200,268,1305852341
635,636,1305853567
636,635,1305853623
214,342,1305855819
300,268,1305858767
64,472,1305859335
637,587,1305860984
377,386,1305862639
202,638,1305863956
638,202,1305864150
468,639,1305865667
639,468,1305866706
523,586,1305879028
586,523,1305879033
257,333,1305883399
36,88,1305893533
610,578,1305894441
578,610,1305894471
256,630,1305901173
630,256,1305901183
257,251,1305901414
257,344,1305901424
606,642,1305904285
606,159,1305904349
257,204,1305905016
7,643,1305906052
643,7,1305906098
64,643,1305906294
643,64,1305906460
159,644,1305908350
207,630,1305910941
630,207,1305911217
521,630,1305911326
647,648,1305914437
648,647,1305914489
2,632,1305917102
632,2,1305917351
228,647,1305917890
647,228,1305918293
632,647,1305918570
647,632,1305918583
644,159,1305919043
502,649,1305919225
144,632,1305920807
632,144,1305920834
446,119,1305921150
143,202,1305924567
202,143,1305924657
650,651,1305925330
651,650,1305925819
610,495,1305926806
495,610,1305926844
159,276,1305927116
276,159,1305928644
651,647,1305929321
647,651,1305929703
628,650,1305930776
650,628,1305930902
592,495,1305939048
495,592,1305939075
462,652,1305939181
652,462,1305942074
402,647,1305945269
57,537,1305945746
177,647,1305947217
647,402,1305947295
325,594,1305947516
594,325,1305947544
647,177,1305948072
353,594,1305949831
171,325,1305951982
325,171,1305952057
649,502,1305953546
325,653,1305956532
653,325,1305956672
29,256,1305958872
256,29,1305958887
272,630,1305963562
606,654,1305966265
654,606,1305966728
7,655,1305972919
655,7,1305972985
29,656,1305975691
656,29,1305975705
7,656,1305980430
656,7,1305980468
2,658,1305986186
658,2,1305986194
630,272,1305986498
582,632,1305986706
632,582,1305986909
236,402,1305989122
402,236,1305989503
632,402,1305990937
402,632,1305990950
632,390,1305993008
374,28,1305998442
436,660,1306001224
144,661,1306002221
661,144,1306002298
660,436,1306002375
661,523,1306003692
661,662,1306004056
662,661,1306004399
159,663,1306011393
635,164,1306013215
164,635,1306013269
606,664,1306013324
570,574,1306013371
574,570,1306013509
664,606,1306013650
635,659,1306015160
390,632,1306016091
663,159,1306016129
659,635,1306016211
257,321,1306016614
650,664,1306019945
664,650,1306020352
606,665,1306020785
665,606,1306020930
101,454,1306031286
256,664,1306038342
2,516,1306038669
664,256,1306038709
647,256,1306039082
256,647,1306039103
202,493,1306040030
516,2,1306040332
493,202,1306041238
651,2,1306042313
295,666,1306042758
666,295,1306042954
256,295,1306043691
295,256,1306043874
295,667,1306051002
667,295,1306051276
563,1,1306054458
266,668,1306070821
564,570,1306075703
570,564,1306075813
436,266,1306077196
266,436,1306077269
184,436,1306078601
654,266,1306079567
266,654,1306079594
222,266,1306082636
266,222,1306082656
1,61,1306083435
93,61,1306083717
222,523,1306084555
436,184,1306085268
399,651,1306085477
651,399,1306085591
266,653,1306087168
653,266,1306087821
319,670,1306087839
319,671,1306087858
670,319,1306087983
653,672,1306088344
672,653,1306088452
653,144,1306088890
144,653,1306088989
668,266,1306088997
216,436,1306090811
632,592,1306090988
592,632,1306091007
592,295,1306091959
295,592,1306091973
632,561,1306092542
561,632,1306092601
266,1,1306093951
1,266,1306094215
642,667,1306094786
667,642,1306094802
295,350,1306095239
350,295,1306095302
436,216,1306096691
399,647,1306100389
647,399,1306100506
632,171,1306100647
171,632,1306100769
630,266,1306101381
266,630,1306101420
342,214,1306101832
109,61,1306102356
4,540,1306102554
4,7,1306102575
630,276,1306102676
276,630,1306102683
266,674,1306104403
632,502,1306104590
502,632,1306104594
674,266,1306105880
427,658,1306106586
7,579,1306108661
647,674,1306110004
674,647,1306111686
2,651,1306115047
462,675,1306115862
675,462,1306115863
495,319,1306116333
632,419,1306119931
419,632,1306119980
419,7,1306120580
7,419,1306120757
1,21,1306120947
561,647,1306121651
647,561,1306121678
630,647,1306123972
647,630,1306124001
630,1,1306124713
1,630,1306124744
523,676,1306124745
446,544,1306129206
1,677,1306132108
677,1,1306132162
346,678,1306133235
346,627,1306133473
544,446,1306135722
671,319,1306143772
416,468,1306146823
468,416,1306146978
627,679,1306147061
26,680,1306153179
680,26,1306153431
678,346,1306159032
654,681,1306161009
681,654,1306161026
654,650,1306161942
650,654,1306162007
676,523,1306162519
634,633,1306163374
650,7,1306164494
7,650,1306164523
427,682,1306165995
654,325,1306166321
325,654,1306166344
243,680,1306169219
680,243,1306169337
633,630,1306170503
630,633,1306170604
680,144,1306171899
144,680,1306171945
570,669,1306174901
304,64,1306177474
585,684,1306179837
113,680,1306179853
684,585,1306179869
670,522,1306179870
522,670,1306179950
266,77,1306180044
680,113,1306180088
677,685,1306180143
685,677,1306180283
266,7,1306180594
243,7,1306180972
679,627,1306184036
650,23,1306194973
23,686,1306197148
686,23,1306197582
647,687,1306197605
687,647,1306197630
630,521,1306198863
29,411,1306201610
427,630,1306201868
630,427,1306201877
650,686,1306204626
405,667,1306204665
667,405,1306204678
298,688,1306205218
688,298,1306205224
495,687,1306205284
686,650,1306208691
630,689,1306209626
689,630,1306209635
496,462,1306213580
319,690,1306213977
4,319,1306214744
690,319,1306214966
319,4,1306215294
647,350,1306235836
350,647,1306236075
7,193,1306238451
523,691,1306256779
691,523,1306256819
243,692,1306259248
680,693,1306264106
693,680,1306264155
577,651,1306264336
651,577,1306264501
378,159,1306268291
144,667,1306274417
667,144,1306277944
171,550,1306283838
550,171,1306283896
630,650,1306289480
650,630,1306289485
394,214,1306291022
214,394,1306291074
464,694,1306296838
658,427,1306328118
644,634,1306330657
634,644,1306330772
36,678,1306333427
678,36,1306333629
1,695,1306336012
695,696,1306336024
630,418,1306336845
691,418,1306336896
634,418,1306337874
696,695,1306339548
418,630,1306341014
418,691,1306341075
418,634,1306341091
304,680,1306342236
680,304,1306342291
396,630,1306344725
630,396,1306344734
683,570,1306347676
570,683,1306347744
351,7,1306354061
7,351,1306354091
570,646,1306354176
646,570,1306354192
698,626,1306356046
616,399,1306358460
630,399,1306364884
361,7,1306365520
7,361,1306365541
386,630,1306365767
630,386,1306365805
144,697,1306366321
522,57,1306369620
57,522,1306369739
559,699,1306370581
699,559,1306370670
567,687,1306371845
687,567,1306372094
171,700,1306372937
700,171,1306373067
7,666,1306374953
697,144,1306375408
304,701,1306376011
701,304,1306376263
701,523,1306376758
198,702,1306377004
701,399,1306377241
399,701,1306377377
399,630,1306377564
702,198,1306377858
202,697,1306379103
697,202,1306379153
177,325,1306379725
523,702,1306379929
702,523,1306380012
325,177,1306380104
620,7,1306380849
7,620,1306380888
452,523,1306381974
659,75,1306383849
548,703,1306384021
703,548,1306384028
703,608,1306384064
416,691,1306393868
691,416,1306393877
691,585,1306402044
585,691,1306402064
641,571,1306408214
642,634,1306410659
202,634,1306410776
634,642,1306410782
634,202,1306410830
598,641,1306413707
634,705,1306416814
705,634,1306417127
29,135,1306418572
135,29,1306418837
642,706,1306419626
701,634,1306421019
634,701,1306421100
706,642,1306421598
691,113,1306424039
113,691,1306424065
585,523,1306425811
523,585,1306426881
647,585,1306430086
585,647,1306430185
571,641,1306430374
171,521,1306432719
521,171,1306432827
644,243,1306433903
243,644,1306433920
577,708,1306436170
570,707,1306436238
707,570,1306436500
708,577,1306436595
171,390,1306438908
697,57,1306440580
202,704,1306444753
7,639,1306446575
639,7,1306447007
26,626,1306447241
704,202,1306447575
390,171,1306447677
666,7,1306448930
142,7,1306450115
270,521,1306452535
202,64,1306457032
64,202,1306457106
687,304,1306458659
626,26,1306460473
626,698,1306460521
709,7,1306462223
709,417,1306462252
709,710,1306462257
469,711,1306463128
711,469,1306463206
45,4,1306463585
417,709,1306463777
654,687,1306463947
687,654,1306463954
28,374,1306463984
322,484,1306465742
104,712,1306466731
4,45,1306469022
537,407,1306469779
256,321,1306471798
321,256,1306472286
460,449,1306473523
579,7,1306475362
427,523,1306476159
523,427,1306476233
523,714,1306477248
641,598,1306479851
647,714,1306482599
7,709,1306482978
436,318,1306485862
710,709,1306505198
561,390,1306507359
678,717,1306510359
1,672,1306513049
718,672,1306514163
597,719,1306515333
719,597,1306515359
184,720,1306515538
64,721,1306517470
721,64,1306517833
651,718,1306518776
720,184,1306518922
718,651,1306519067
7,153,1306519740
685,722,1306521897
722,685,1306522035
390,561,1306524271
717,678,1306525150
722,723,1306526397
723,722,1306526424
36,202,1306527926
202,36,1306528050
647,724,1306530964
724,647,1306531049
502,480,1306533845
7,725,1306536996
725,7,1306537144
386,718,1306537460
64,725,1306537798
480,502,1306538033
718,386,1306539951
550,726,1306543347
726,550,1306543505
144,720,1306543701
720,144,1306543794
537,727,1306551790
159,640,1306551845
727,537,1306551855
727,728,1306552571
728,727,1306552777
728,387,1306553671
630,387,1306553800
387,728,1306553874
387,630,1306553908
469,592,1306554675
592,469,1306554698
284,257,1306554907
691,548,1306557303
353,730,1306560700
363,523,1306563784
523,363,1306563942
729,523,1306565871
523,729,1306565892
715,707,1306576099
469,731,1306580277
731,469,1306580303
141,186,1306606637
186,141,1306606839
4,538,1306611684
325,104,1306612221
393,732,1306613024
652,216,1306630032
216,652,1306630778
214,495,1306633897
495,214,1306635761
7,733,1306644708
733,7,1306644897
432,214,1306647594
214,432,1306647787
325,19,1306682663
630,484,1306685052
484,630,1306685069
732,734,1306685663
658,643,1306686801
523,654,1306687248
654,523,1306687261
523,222,1306687772
608,703,1306689057
707,571,1306692475
571,707,1306692638
680,735,1306705898
735,680,1306706147
412,592,1306706870
592,412,1306707017
537,736,1306707509
736,537,1306709017
378,676,1306712165
676,378,1306712449
654,171,1306720444
171,654,1306720458
491,13,1306723953
13,491,1306724603
278,737,1306727044
737,278,1306727093
654,738,1306728065
738,654,1306728111
705,104,1306728417
278,60,1306728544
104,705,1306728607
346,644,1306738330
644,346,1306740609
673,598,1306745642
598,673,1306745657
716,598,1306747898
598,716,1306750589
734,739,1306750890
564,740,1306753589
740,564,1306753727
13,741,1306758479
642,741,1306759884
678,644,1306763656
644,678,1306763824
13,742,1306767840
742,13,1306767925
741,13,1306770862
741,642,1306770892
714,647,1306771506
13,647,1306772472
378,644,1306776000
644,378,1306776016
633,742,1306778520
742,743,1306778538
743,742,1306778584
742,633,1306778599
387,35,1306779145
13,744,1306780556
744,13,1306780931
144,743,1306781427
743,144,1306781464
35,387,1306782389
167,2,1306782449
167,245,1306782452
167,223,1306782459
167,39,1306782464
633,745,1306782502
745,633,1306782611
39,167,1306782884
39,223,1306782898
39,245,1306782901
39,1,1306782916
35,390,1306782934
687,746,1306783439
746,687,1306783615
687,744,1306785172
732,540,1306786712
540,732,1306787898
732,747,1306792587
747,732,1306792639
732,748,1306794128
748,732,1306794421
732,749,1306795988
749,732,1306796128
452,163,1306802860
163,452,1306803036
610,452,1306804343
452,610,1306804386
687,750,1306804594
452,714,1306805305
13,751,1306806552
751,13,1306806656
576,507,1306806830
700,752,1306807949
752,700,1306808107
202,753,1306810806
753,202,1306811437
361,202,1306812671
202,361,1306812688
405,714,1306812914
714,405,1306812957
630,308,1306813379
308,630,1306813420
308,13,1306813442
678,754,1306813559
688,45,1306818256
268,62,1306820448
688,523,1306820715
523,688,1306820877
734,732,1306823256
644,692,1306825076
739,734,1306832022
754,678,1306834326
734,755,1306835781
459,756,1306838893
647,757,1306844551
390,35,1306845191
757,647,1306845366
390,219,1306845835
270,681,1306857618
681,270,1306857638
634,484,1306857643
634,64,1306857663
484,634,1306857773
507,576,1306858270
2,758,1306859587
758,2,1306859798
202,759,1306859938
759,202,1306860049
270,452,1306860518
452,270,1306860532
309,257,1306861010
452,744,1306861880
744,452,1306862156
2,744,1306862212
744,2,1306862442
570,761,1306864311
761,570,1306864451
634,763,1306865375
763,634,1306865427
570,657,1306865896
657,570,1306866116
647,764,1306868077
13,634,1306870000
634,13,1306870011
764,647,1306870173
13,765,1306871598
765,13,1306871619
766,412,1306873101
427,449,1306873207
647,144,1306873810
412,766,1306876466
416,634,1306881621
634,416,1306881698
7,358,1306881774
261,576,1306882088
576,261,1306882319
132,767,1306884278
767,132,1306884638
7,621,1306885017
621,7,1306885064
452,751,1306885778
751,452,1306885820
193,7,1306886300
228,57,1306886594
230,768,1306892621
768,230,1306893140
634,523,1306894293
523,634,1306894432
630,523,1306896050
523,630,1306896104
523,769,1306898523
769,523,1306898690
64,770,1306906479
770,64,1306906533
425,353,1306908907
144,647,1306911509
249,764,1306927178
764,249,1306927482
475,466,1306927698
466,475,1306927902
592,501,1306934031
249,772,1306934070
772,249,1306934225
592,605,1306936248
135,773,1306936699
773,135,1306936885
249,774,1306938523
729,207,1306938709
1,773,1306939155
773,1,1306939194
1,647,1306939892
647,1,1306939934
774,249,1306942302
207,729,1306943051
775,776,1306944965
776,775,1306945199
605,592,1306946658
249,777,1306947949
475,760,1306948150
777,249,1306949414
732,778,1306953983
778,732,1306954000
647,779,1306960265
779,647,1306960315
742,780,1306963242
100,781,1306963393
781,100,1306963429
270,782,1306964874
782,270,1306965034
270,783,1306965580
783,270,1306965709
782,784,1306965887
784,782,1306965920
270,742,1306966112
742,270,1306966136
202,785,1306967154
785,202,1306967315
587,786,1306968278
786,587,1306968326
787,39,1306969031
787,788,1306969074
202,592,1306972331
781,748,1306972747
748,781,1306972840
469,535,1306973384
535,469,1306973393
787,644,1306973694
484,789,1306978921
484,790,1306978933
324,790,1306979364
769,204,1306979501
630,350,1306979556
204,769,1306979633
350,630,1306979639
757,791,1306980018
791,757,1306980042
767,535,1306981250
177,104,1306981263
535,767,1306981285
202,792,1306981332
171,630,1306981886
630,171,1306981922
789,484,1306981972
778,733,1306982242
733,778,1306982248
792,202,1306982406
790,484,1306982672
630,733,1306982755
790,324,1306982762
733,630,1306982800
767,793,1306983770
757,794,1306984224
794,757,1306984328
793,767,1306985627
64,57,1306986817
535,795,1306987715
795,535,1306988448
202,779,1306991060
637,588,1306992215
7,64,1306994515
640,7,1306996206
522,796,1306997082
757,797,1306997871
796,522,1306998042
743,798,1307000025
798,743,1307000041
797,757,1307000725
757,799,1307002565
799,757,1307002584
757,800,1307002656
800,757,1307002765
536,801,1307003722
801,536,1307003778
572,415,1307006568
784,788,1307010627
788,784,1307011110
634,802,1307019177
634,803,1307019437
803,634,1307019576
802,634,1307019683
256,634,1307026225
634,256,1307027236
592,804,1307027594
804,592,1307027739
804,523,1307027756
634,805,1307029270
805,634,1307029397
256,629,1307031832
629,256,1307031862
499,496,1307031971
499,104,1307032133
419,806,1307032627
419,649,1307034193
707,715,1307035550
649,419,1307035698
249,808,1307035941
419,762,1307035973
132,72,1307036096
535,697,1307036215
762,419,1307036309
808,249,1307036383
753,535,1307036737
697,535,1307037761
732,809,1307038335
634,2,1307038469
2,634,1307038479
2,732,1307038484
809,732,1307038600
742,810,1307038629
810,742,1307038771
2,13,1307038831
13,2,1307038941
732,2,1307039032
419,780,1307039465
634,811,1307040561
811,634,1307040664
642,812,1307042967
812,642,1307042995
811,37,1307043440
270,813,1307043532
813,270,1307043573
37,811,1307043597
780,742,1307044229
780,419,1307044263
780,814,1307044315
814,780,1307044316
781,256,1307044429
37,680,1307045199
680,37,1307045224
642,815,1307045441
570,816,1307046311
642,606,1307046618
396,1,1307048882
1,396,1307049475
815,642,1307049838
353,1,1307051141
1,353,1307051395
817,249,1307052961
249,817,1307053020
537,818,1307053181
818,537,1307053251
815,725,1307054366
725,815,1307054373
725,812,1307054552
812,725,1307054892
812,177,1307055484
177,812,1307055512
767,687,1307056628
687,767,1307056757
725,177,1307056771
177,725,1307056856
725,767,1307056911
767,725,1307056933
767,227,1307057328
227,767,1307057534
779,7,1307058219
4,522,1307058364
725,780,1307058792
780,725,1307058809
13,522,1307058884
227,725,1307058993
725,227,1307059007
104,177,1307059142
104,363,1307059249
363,104,1307059288
687,781,1307059601
793,687,1307061270
687,793,1307061354
443,819,1307061771
770,539,1307062062
539,770,1307062415
779,202,1307062625
793,417,1307063496
779,820,1307063588
820,779,1307063691
417,793,1307063806
135,795,1307064640
535,753,1307065151
635,804,1307065278
804,635,1307065327
795,135,1307065836
57,697,1307067007
537,687,1307067010
687,537,1307067047
687,821,1307071149
821,687,1307071308
537,795,1307074494
816,570,1307074511
579,1,1307076088
725,724,1307077072
724,725,1307077097
724,537,1307077116
795,537,1307077146
770,823,1307077630
823,770,1307077674
579,687,1307078760
523,2,1307079072
1,9,1307079554
687,579,1307079581
9,1,1307079616
824,537,1307082091
725,687,1307083871
714,523,1307086417
824,826,1307087177
826,824,1307087199
202,537,1307090666
824,827,1307091469
283,198,1307092052
198,283,1307092150
647,828,1307092689
29,829,1307092762
826,827,1307093717
827,826,1307094672
828,647,1307095418
795,830,1307095654
830,795,1307095668
691,831,1307095711
295,523,1307098400
777,41,1307102825
4,537,1307103234
270,775,1307108477
534,833,1307109082
833,534,1307109121
760,834,1307109361
760,475,1307109422
760,835,1307109438
21,777,1307109792
64,399,1307110635
399,64,1307110740
835,760,1307111262
784,29,1307111537
29,784,1307111544
784,545,1307112525
64,547,1307113189
547,64,1307113225
780,499,1307113536
812,776,1307113985
776,812,1307114004
499,780,1307115140
779,701,1307115423
701,779,1307115651
701,833,1307115654
35,836,1307117081
779,1,1307117317
1,779,1307117325
836,35,1307117364
411,29,1307118611
776,837,1307119239
837,776,1307119347
144,820,1307120553
144,198,1307120673
198,144,1307120794
350,779,1307123417
779,350,1307123496
35,838,1307123683
755,839,1307123818
839,755,1307123843
755,734,1307123853
833,701,1307125271
61,109,1307125676
560,839,1307127103
839,560,1307127175
753,840,1307127963
832,841,1307128627
841,832,1307128708
209,842,1307128924
775,270,1307129255
842,209,1307129544
209,843,1307130775
522,13,1307131756
522,4,1307131767
820,209,1307131927
843,209,1307132120
209,820,1307132690
832,359,1307132898
775,844,1307135316
689,687,1307136823
687,689,1307136993
2,779,1307137061
779,2,1307137106
689,837,1307137129
837,689,1307137203
687,216,1307137323
390,243,1307137379
216,687,1307137561
689,845,1307137609
845,689,1307137779
689,523,1307138602
216,846,1307138606
523,689,1307138903
687,847,1307140464
847,687,1307140488
832,769,1307140638
769,832,1307140720
832,848,1307140740
832,735,1307140825
243,849,1307141611
849,243,1307141669
846,687,1307141949
209,818,1307144209
818,209,1307144286
228,850,1307145229
850,228,1307145595
630,295,1307145600
295,630,1307145805
769,847,1307147073
630,851,1307147308
851,630,1307147353
851,539,1307147450
848,832,1307147579
346,838,1307147756
851,687,1307148138
838,346,1307149632
847,769,1307149814
7,548,1307150279
587,637,1307152700
132,852,1307153758
852,132,1307153874
847,853,1307154194
853,847,1307154210
216,295,1307154800
295,216,1307154875
318,436,1307156123
561,854,1307156595
235,21,1307156662
21,235,1307156782
687,855,1307158261
855,687,1307158306
856,857,1307159622
856,687,1307159628
856,858,1307159643
687,856,1307159750
41,859,1307159972
295,860,1307160803
860,295,1307160920
859,41,1307161064
847,304,1307161893
304,847,1307161897
854,561,1307162396
295,861,1307163075
861,295,1307163116
714,687,1307165035
202,714,1307166044
13,687,1307166125
687,862,1307169733
862,687,1307169760
687,714,1307169791
799,832,1307172516
832,654,1307172632
654,832,1307172646
832,799,1307172685
824,623,1307175686
832,295,1307176098
353,494,1307176988
494,353,1307177013
295,770,1307179010
770,295,1307179123
494,569,1307179575
569,494,1307179628
390,863,1307183719
770,820,1307183740
863,390,1307184597
863,786,1307184808
534,714,1307184923
714,534,1307185228
832,820,1307186136
820,770,1307186517
820,832,1307186530
832,864,1307188467
864,832,1307189091
2,654,1307189946
654,2,1307189984
770,771,1307191215
842,830,1307191357
830,842,1307191409
295,865,1307191514
374,838,1307192058
838,374,1307192467
844,775,1307194821
857,856,1307194857
832,687,1307198593
687,832,1307198593
832,866,1307198611
866,832,1307198674
866,755,1307198679
171,283,1307201771
687,867,1307202094
867,687,1307202130
832,868,1307202744
868,832,1307202809
35,862,1307203964
862,869,1307204185
869,862,1307204199
283,171,1307204200
862,35,1307204727
283,479,1307204846
479,283,1307204895
346,870,1307205357
779,770,1307205575
770,779,1307205576
864,871,1307205918
871,864,1307205948
832,872,1307207574
872,832,1307207588
870,346,1307208075
832,873,1307208677
873,832,1307208763
283,295,1307209286
295,283,1307209309
535,104,1307209417
779,537,1307209538
418,283,1307209606
475,874,1307210175
874,475,1307210211
864,875,1307211362
875,864,1307211401
862,770,1307211957
770,862,1307212122
862,876,1307212521
862,732,1307212621
732,862,1307212641
283,418,1307212922
862,735,1307213256
735,862,1307213269
733,763,1307213353
862,13,1307213859
13,862,1307213925
283,606,1307214256
862,877,1307214260
798,862,1307214468
862,798,1307214470
523,535,1307214913
535,523,1307214984
606,283,1307215439
877,862,1307215597
687,851,1307215695
13,775,1307216059
775,13,1307216091
876,862,1307216191
866,687,1307217581
687,866,1307217609
374,545,1307219769
7,878,1307220657
878,7,1307220711
866,879,1307220956
879,866,1307221023
725,875,1307222615
875,725,1307222647
832,880,1307222808
547,592,1307224475
592,547,1307224572
832,824,1307225551
880,832,1307225755
696,883,1307226449
882,884,1307226649
884,882,1307226786
883,696,1307227589
578,874,1307228145
874,578,1307228210
13,699,1307229556
699,13,1307229657
735,725,1307230173
725,735,1307230204
824,832,1307230450
824,770,1307230482
802,886,1307230814
886,802,1307230905
13,887,1307231255
887,13,1307231286
418,888,1307232729
687,865,1307234148
865,687,1307234171
150,735,1307234415
621,775,1307234750
171,714,1307236609
714,171,1307236621
537,890,1307240170
832,583,1307240441
832,617,1307240841
583,832,1307240995
818,768,1307243501
768,818,1307243512
687,416,1307244449
416,687,1307244479
742,284,1307244632
284,742,1307244643
770,546,1307245397
546,770,1307245535
535,202,1307246850
29,891,1307249876
891,29,1307249980
7,892,1307253003
97,893,1307255039
893,97,1307255106
768,638,1307256759
725,295,1307257719
635,152,1307258186
295,725,1307258736
687,480,1307259261
480,687,1307259437
888,418,1307259463
732,494,1307260569
494,732,1307260589
13,537,1307262653
537,13,1307262676
732,822,1307263337
480,894,1307263824
894,480,1307263971
638,768,1307266424
732,895,1307270535
775,896,1307273036
775,537,1307273118
13,56,1307276062
56,13,1307276107
383,775,1307277520
775,383,1307277684
654,13,1307277852
13,654,1307277901
534,897,1307278886
849,566,1307282597
566,849,1307282887
832,898,1307283200
898,832,1307283406
732,899,1307283693
899,732,1307283728
654,900,1307284378
900,654,1307284586
742,535,1307285923
535,742,1307286021
617,832,1307287038
775,621,1307287507
227,273,1307290716
273,227,1307291201
802,901,1307291399
295,902,1307291477
901,802,1307291557
742,902,1307291716
902,742,1307291904
902,903,1307291973
707,762,1307294046
762,707,1307294099
26,780,1307294246
64,882,1307294364
507,415,1307295069
64,633,1307295134
523,879,1307295143
879,523,1307295166
523,904,1307295182
904,523,1307295215
633,64,1307297150
906,732,1307297994
180,206,1307298120
206,180,1307298333
418,742,1307298661
742,418,1307298709
802,832,1307298921
832,802,1307298967
906,907,1307299443
144,775,1307299948
775,144,1307300589
907,900,1307301172
900,907,1307301199
802,378,1307302186
378,802,1307302203
907,207,1307303079
418,775,1307306213
775,418,1307306326
762,908,1307309182
832,775,1307309182
908,762,1307309193
64,910,1307309198
64,238,1307309203
7,753,1307309551
753,7,1307309575
792,7,1307309772
7,792,1307309824
238,64,1307309914
908,911,1307309993
911,908,1307310168
911,548,1307310180
911,832,1307310216
732,912,1307311086
227,396,1307311785
396,227,1307311888
912,732,1307313302
732,913,1307313334
913,732,1307313359
903,902,1307313660
838,545,1307313960
909,908,1307313973
908,909,1307313986
832,886,1307314209
742,238,1307314442
238,742,1307314447
906,238,1307314794
480,537,1307316230
537,480,1307316233
64,658,1307317278
658,64,1307317298
561,914,1307318426
914,561,1307319029
912,915,1307319642
915,912,1307319901
906,405,1307320623
915,770,1307322152
480,916,1307322164
916,480,1307322433
832,714,1307322438
33,714,1307324193
714,33,1307324227
770,915,1307324438
712,104,1307326771
1,545,1307327004
545,1,1307327088
908,804,1307330908
268,383,1307332314
268,300,1307332406
714,791,1307333229
908,917,1307333334
791,714,1307334132
522,918,1307334173
918,522,1307334219
537,781,1307335537
798,832,1307336710
917,908,1307336939
495,835,1307337285
835,495,1307337289
908,523,1307337490
523,908,1307337681
547,687,1307339817
547,480,1307339858
687,547,1307340020
908,919,1307340714
480,547,1307340945
919,908,1307341458
295,920,1307342344
824,480,1307348378
480,824,1307349320
725,920,1307350160
921,920,1307352306
725,922,1307353691
922,725,1307353714
922,658,1307354459
658,922,1307354479
906,523,1307355803
125,924,1307357102
924,125,1307357216
770,658,1307358365
838,36,1307358487
658,770,1307358569
36,838,1307358823
707,614,1307360818
383,891,1307362297
468,925,1307362523
925,468,1307362727
891,383,1307362729
770,926,1307363916
926,770,1307364155
346,775,1307364560
644,418,1307365942
418,644,1307365964
770,927,1307366355
927,770,1307366391
770,928,1307366697
654,929,1307367862
202,906,1307368290
906,202,1307368317
770,735,1307368993
929,654,1307369392
735,770,1307369652
906,7,1307370034
930,418,1307370434
867,908,1307375608
838,931,1307375700
931,838,1307375764
767,546,1307376222
546,767,1307376328
838,35,1307376516
767,933,1307376712
908,929,1307378436
929,908,1307378713
95,931,1307379047
933,767,1307379139
931,95,1307380455
576,462,1307380539
775,346,1307380575
908,928,1307380784
928,908,1307380867
732,906,1307381308
144,805,1307382414
235,934,1307382653
805,144,1307382661
934,235,1307382692
928,770,1307382956
842,832,1307387427
374,775,1307388018
579,273,1307388912
273,579,1307388925
828,545,1307389198
443,936,1307389499
775,374,1307391609
178,937,1307391832
937,178,1307391980
885,853,1307392257
775,832,1307392323
853,885,1307392695
927,832,1307393008
832,927,1307393054
405,906,1307393404
832,906,1307393671
238,906,1307394726
475,525,1307394862
525,475,1307394936
768,576,1307396013
576,768,1307397045
907,906,1307400281
780,26,1307400282
938,923,1307400727
908,939,1307402154
95,940,1307402449
939,908,1307402481
742,144,1307404504
838,942,1307404846
627,39,1307405233
885,903,1307405729
903,885,1307405789
687,928,1307406319
943,944,1307407377
944,943,1307408313
923,920,1307413682
735,19,1307413792
284,854,1307415041
885,946,1307415265
946,885,1307416472
897,534,1307417632
897,535,1307417749
801,947,1307419299
947,801,1307419644
889,443,1307422079
443,889,1307422102
125,108,1307431766
941,23,1307433212
7,948,1307434058
948,7,1307434441
795,35,1307434452
35,795,1307434527
614,707,1307435045
937,26,1307436992
26,937,1307437066
202,948,1307438838
948,202,1307438910
799,949,1307441530
374,950,1307445203
950,374,1307445871
261,951,1307448159
951,261,1307448182
714,725,1307449996
735,832,1307451253
346,931,1307451347
922,894,1307453986
726,832,1307455334
726,880,1307455516
880,726,1307455545
917,952,1307459823
952,917,1307459824
125,171,1307460141
171,125,1307460149
399,273,1307462061
273,399,1307462165
714,832,1307466268
757,954,1307469257
954,757,1307469454
931,346,1307471101
757,104,1307471285
416,832,1307471337
832,416,1307471365
104,757,1307471387
932,928,1307471428
689,955,1307471782
832,956,1307472278
894,922,1307473194
832,957,1307473435
956,832,1307473568
957,832,1307474579
832,934,1307474946
243,390,1307475960
832,742,1307476715
742,832,1307476736
832,959,1307477939
959,832,1307477945
832,960,1307478344
650,202,1307479557
202,650,1307479572
7,129,1307482055
908,961,1307484451
832,920,1307484510
961,908,1307484592
729,832,1307484712
892,7,1307485124
923,402,1307485802
402,923,1307485834
7,963,1307488001
963,7,1307488084
402,961,1307488599
961,402,1307488621
964,7,1307489376
908,932,1307489426
932,908,1307489605
832,894,1307490694
502,273,1307493931
273,502,1307494159
934,832,1307494954
284,801,1307495588
171,273,1307495698
943,966,1307495711
273,171,1307495712
847,967,1307495862
966,943,1307495885
967,847,1307495913
273,534,1307497532
534,273,1307497898
770,968,1307498578
968,770,1307498712
578,885,1307499779
885,578,1307499815
968,829,1307500093
273,767,1307500644
767,273,1307500840
832,935,1307501211
923,353,1307501551
353,923,1307501633
935,832,1307501716
705,827,1307501757
827,705,1307502211
923,925,1307502768
925,923,1307502770
770,965,1307503294
417,7,1307504979
801,969,1307505619
801,284,1307505630
202,825,1307507430
825,202,1307507601
273,967,1307507923
967,273,1307507949
198,967,1307508385
967,198,1307508414
546,970,1307508874
970,546,1307508906
198,534,1307509354
714,971,1307509790
969,801,1307510666
903,972,1307513544
742,973,1307513590
606,416,1307513655
416,606,1307513684
972,903,1307513829
973,742,1307517366
537,144,1307518534
144,896,1307518545
144,537,1307518608
725,974,1307522156
974,725,1307522172
35,894,1307524979
35,975,1307525004
35,976,1307525017
610,977,1307526243
977,610,1307526336
416,802,1307526485
802,416,1307526692
977,923,1307527425
923,977,1307528234
923,953,1307529583
953,923,1307529718
925,222,1307529735
222,925,1307529771
402,978,1307532439
979,978,1307534038
978,402,1307534157
950,35,1307535669
894,980,1307536958
781,827,1307540633
827,781,1307540848
973,981,1307541361
770,416,1307541579
416,770,1307541616
981,973,1307541643
981,982,1307541712
982,981,1307541832
982,983,1307541856
984,770,1307543136
628,273,1307543981
374,931,1307544181
937,610,1307544681
610,937,1307544707
295,985,1307546135
953,643,1307546514
985,295,1307546683
732,559,1307547395
559,732,1307547518
940,95,1307547823
633,554,1307547903
941,926,1307547990
926,941,1307548068
811,917,1307548182
917,811,1307548217
953,986,1307548841
986,953,1307548901
475,755,1307549321
755,475,1307549328
443,885,1307550092
755,885,1307550132
489,987,1307551056
987,489,1307551189
249,241,1307552148
346,988,1307552732
7,838,1307553971
770,489,1307554251
489,770,1307554468
755,989,1307555397
554,633,1307555446
988,346,1307555648
989,755,1307555682
273,632,1307556179
632,273,1307556189
725,990,1307556293
983,982,1307556295
984,779,1307556321
990,725,1307556343
955,689,1307556686
593,991,1307557009
203,113,1307558012
912,930,1307559039
984,230,1307559545
554,585,1307560030
715,993,1307560463
203,994,1307560547
732,908,1307560627
993,715,1307560681
994,203,1307560745
908,732,1307560755
994,647,1307560920
418,489,1307561063
546,273,1307561356
273,546,1307561414
489,418,1307561491
585,554,1307561508
144,273,1307561840
273,144,1307561998
418,930,1307562191
479,523,1307562378
523,479,1307562423
844,995,1307562675
523,359,1307562805
359,523,1307562814
346,940,1307562999
931,374,1307563124
931,7,1307563143
616,678,1307564034
685,991,1307564188
606,905,1307564392
113,203,1307565727
755,996,1307566356
996,755,1307566445
632,554,1307566888
554,632,1307567028
273,978,1307567218
838,997,1307567836
770,273,1307568034
273,770,1307568043
905,606,1307568207
273,628,1307569068
632,999,1307569192
984,650,1307569263
999,632,1307569433
202,535,1307569515
885,755,1307570473
885,443,1307570491
943,578,1307570699
578,943,1307570757
832,857,1307571033
554,1000,1307571308
1000,554,1307571388
572,549,1307571912
857,832,1307571944
632,820,1307572055
732,468,1307572295
468,732,1307572342
903,943,1307572407
943,903,1307572496
832,273,1307572525
273,832,1307572549
1001,273,1307572657
1001,492,1307572789
1001,1002,1307572796
549,572,1307573361
1001,1003,1307573516
1003,1001,1307573602
978,1004,1307573940
1004,978,1307573971
492,1001,1307574677
1002,1001,1307574743
273,1001,1307574782
908,925,1307575302
925,908,1307575723
139,998,1307575888
1001,928,1307576110
928,1001,1307576580
838,7,1307577160
923,861,1307577880
832,827,1307578937
492,1006,1307579426
1006,492,1307579437
742,1007,1307579827
1007,742,1307579860
923,1008,1307579972
923,967,1307580668
832,1009,1307581408
492,733,1307581829
733,492,1307581859
967,1010,1307582030
1010,967,1307582082
39,627,1307584740
273,1011,1307584783
861,923,1307584843
1011,273,1307585034
537,1010,1307585072
554,1012,1307585076
1010,537,1307585111
1012,554,1307585128
687,908,1307585335
202,781,1307585425
1010,832,1307585736
832,1010,1307585753
781,202,1307585813
202,256,1307586391
256,202,1307586469
904,995,1307586601
908,923,1307587253
995,904,1307587339
925,967,1307587475
522,113,1307587477
923,908,1307587486
908,1013,1307587660
967,925,1307587791
824,1015,1307588450
1015,824,1307588545
7,931,1307589276
832,25,1307589524
113,57,1307590247
972,987,1307590657
987,972,1307591090
908,1016,1307591344
832,2,1307591400
1016,908,1307591412
1013,908,1307591807
4,13,1307592205
908,1017,1307592329
1017,908,1307592403
2,202,1307592440
357,917,1307592649
202,2,1307592681
917,357,1307592821
925,632,1307594579
632,925,1307594638
777,21,1307595728
917,298,1307595957
202,807,1307597058
557,537,1307597776
925,230,1307597869
807,202,1307597871
606,632,1307598526
925,1018,1307599520
1018,925,1307599544
1018,1019,1307599576
1019,1018,1307599591
904,875,1307599939
875,904,1307600019
832,953,1307600369
557,1020,1307600422
1020,557,1307600466
1020,537,1307600523
876,353,1307600647
953,832,1307600756
1019,1020,1307600816
917,1021,1307601564
1019,896,1307601615
1021,917,1307601650
904,476,1307602063
1019,632,1307602127
632,1019,1307602150
476,799,1307602727
799,476,1307602736
832,729,1307603548
1020,1022,1307604911
1022,1020,1307604935
908,832,1307608473
832,908,1307608682
923,1023,1307609888
832,1024,1307612044
1024,832,1307614262
1023,923,1307614279
1025,626,1307614357
1024,908,1307614462
827,832,1307614623
626,1025,1307614624
626,468,1307614704
928,832,1307614968
832,928,1307615207
726,1026,1307616587
1027,832,1307616866
925,1028,1307617167
1028,925,1307617243
775,1029,1307617585
1026,726,1307617618
775,1030,1307617692
925,469,1307617971
469,925,1307618013
997,838,1307618196
707,1031,1307618508
1031,707,1307619491
984,202,1307620144
832,770,1307621687
960,832,1307621863
832,1027,1307623624
832,1032,1307624046
681,634,1307624206
634,681,1307624492
1032,832,1307625226
976,35,1307626023
832,1033,1307626329
1033,832,1307626346
904,832,1307627156
832,241,1307627453
489,1026,1307627569
1026,489,1307627744
489,925,1307627781
925,489,1307628161
925,832,1307628687
960,978,1307631640
832,1034,1307631654
650,984,1307632338
779,984,1307632681
908,1024,1307633144
978,960,1307634001
978,1013,1307634694
1013,978,1307635337
475,853,1307635536
449,1035,1307635900
678,950,1307637485
273,64,1307637571
907,1036,1307637898
894,1037,1307638083
894,1038,1307638110
714,908,1307638345
1036,907,1307638542
13,4,1307638649
1029,775,1307639639
853,475,1307640295
1013,1039,1307640916
202,984,1307641007
950,678,1307642325
628,606,1307642448
606,628,1307642483
150,41,1307642974
523,1013,1307644420
1013,523,1307644474
1039,1013,1307644530
779,144,1307644943
144,779,1307644972
940,346,1307645207
1037,732,1307646812
926,476,1307647502
476,926,1307647558
1020,760,1307649832
1005,1040,1307651318
7,1041,1307651649
476,1042,1307651684
1042,476,1307651834
1040,1005,1307652818
475,540,1307653108
540,475,1307653158
476,316,1307654516
832,851,1307656309
851,832,1307656344
1013,1005,1307657264
1005,1013,1307657358
832,962,1307657388
943,834,1307657677
962,832,1307657678
943,835,1307657741
832,1044,1307658489
1044,832,1307658512
628,867,1307659007
1009,832,1307659213
1005,1045,1307660486
1045,1005,1307660641
209,902,1307661623
353,1046,1307661865
832,1047,1307662416
928,1013,1307662522
1047,832,1307662580
1013,928,1307662591
1009,1048,1307662888
1005,1048,1307662942
1048,1005,1307662998
1048,1009,1307663005
832,608,1307663308
608,832,1307663526
178,1049,1307664373
832,1005,1307664393
832,1050,1307665198
1050,832,1307665348
178,1051,1307665657
1051,178,1307665738
1013,1048,1307665769
1048,1013,1307665865
832,925,1307666035
178,1052,1307666236
1052,178,1307666342
1049,178,1307666430
925,920,1307666638
1052,60,1307666756
920,925,1307666954
925,1013,1307667039
1013,925,1307667092
920,1051,1307667141
1051,920,1307667176
920,725,1307667215
920,295,1307667299
920,923,1307667467
920,921,1307667538
835,943,1307669560
920,832,1307670458
922,606,1307670990
606,922,1307671079
1009,1053,1307671180
553,700,1307672540
920,1054,1307673065
1054,920,1307673163
742,1026,1307673226
1026,742,1307673422
832,937,1307674012
1008,1055,1307674277
1055,1008,1307674333
19,64,1307675562
19,4,1307675595
19,325,1307675624
19,7,1307675825
19,23,1307676106
19,1,1307676356
1040,805,1307677120
1008,1056,1307679924
1056,1008,1307680090
1057,733,1307680393
1005,1050,1307680576
832,915,1307680601
915,832,1307680709
1050,1005,1307680716
1014,1043,1307680900
1043,1014,1307680900
1005,1014,1307681139
1014,1005,1307681177
533,832,1307682798
1014,777,1307683051
476,805,1307683185
484,1058,1307683355
1058,484,1307683482
1040,476,1307683718
1008,1059,1307683894
72,132,1307684812
1053,1009,1307685314
1008,152,1307685350
1053,41,1307685377
1010,853,1307686388
853,1010,1307686502
832,1060,1307687893
1060,832,1307688597
1060,959,1307688639
937,1026,1307691837
1026,937,1307692210
937,1053,1307694558
1053,937,1307694589
937,1061,1307695327
1061,937,1307695354
982,1062,1307695479
156,13,1307696714
13,156,1307696755
1005,908,1307697178
908,1005,1307697178
982,988,1307697217
978,1063,1307699955
1063,978,1307700029
908,1026,1307700115
1026,908,1307700864
1005,1004,1307707981
716,573,1307713667
1043,1026,1307716545
1059,1008,1307718654
273,763,1307719858
886,832,1307720535
109,1050,1307721067
1026,1043,1307721450
664,272,1307722288
975,907,1307723172
907,975,1307723201
755,866,1307723594
957,978,1307723843
209,634,1307724203
634,209,1307724216
263,23,1307724318
617,908,1307724791
652,576,1307725290
576,652,1307726060
499,832,1307726837
520,907,1307726987
907,520,1307727020
566,832,1307727191
1006,832,1307729125
832,1006,1307729267
418,17,1307730783
732,144,1307730792
17,418,1307730796
144,732,1307730811
678,616,1307731568
546,877,1307733504
958,1065,1307733876
1065,958,1307734209
877,546,1307734589
651,350,1307734889
350,651,1307735101
113,1066,1307735122
1066,113,1307735142
908,492,1307735319
908,867,1307735608
820,908,1307736362
908,992,1307736392
882,730,1307737378
908,954,1307738858
954,908,1307738918
988,982,1307740765
908,820,1307740945
533,1068,1307743411
480,1063,1307744187
1063,480,1307744303
533,142,1307744661
142,533,1307744683
225,1069,1307745091
209,1070,1307745377
1069,225,1307745448
1070,209,1307745511
319,730,1307745545
1062,1071,1307747471
1062,982,1307747780
1050,109,1307750498
484,845,1307752043
845,484,1307752666
533,530,1307752976
209,1073,1307754237
64,832,1307754328
1073,209,1307754402
626,1,1307754642
143,1068,1307756320
484,141,1307758050
141,484,1307758095
1043,484,1307760350
733,1074,1307761283
1074,733,1307761365
1074,967,1307762504
760,1075,1307763577
1075,760,1307763642
889,760,1307763813
21,284,1307763906
760,1076,1307764705
1074,908,1307765274
733,1073,1307765314
1073,733,1307765342
801,1077,1307766730
1077,801,1307766804
1026,962,1307767567
962,1026,1307767937
801,21,1307768312
908,846,1307769347
846,908,1307769513
726,1078,1307770152
1078,726,1307770190
1078,1079,1307771089
1079,1078,1307771106
760,1020,1307771466
1078,1080,1307771639
1080,1078,1307771659
1078,1081,1307772242
1081,1078,1307772244
1078,1082,1307772488
1082,1078,1307772519
1078,1083,1307772729
1083,1078,1307772746
1019,908,1307772840
908,1019,1307772940
908,714,1307772988
1022,1084,1307774015
908,1073,1307774075
1078,1085,1307774076
1085,1078,1307774105
1045,1084,1307774196
1073,908,1307774320
1084,1045,1307774619
1078,1086,1307775034
1086,1078,1307775036
228,908,1307775981
732,832,1307776533
1078,1087,1307776649
1087,1078,1307776664
1078,1088,1307777363
1088,1078,1307777398
606,908,1307778376
760,1084,1307778707
1084,760,1307778765
626,760,1307780766
1078,1089,1307780849
1089,1078,1307780873
777,1014,1307781070
1028,586,1307785773
586,1028,1307786396
1072,545,1307788488
374,988,1307790786
374,1090,1307793227
1090,374,1307793296
988,374,1307793484
35,950,1307801864
484,533,1307803583
295,1091,1307803849
980,492,1307804953
1063,1092,1307809150
1092,1063,1307809163
1092,908,1307809211
1092,1093,1307809271
1093,908,1307809319
492,832,1307810275
270,832,1307810436
64,1094,1307810817
1094,64,1307811046
573,716,1307811354
143,774,1307811640
492,1094,1307816375
1094,492,1307816452
144,1073,1307817491
1073,144,1307817558
13,832,1307817872
1008,923,1307818896
492,1092,1307819869
1092,1095,1307820269
492,1066,1307820743
1066,492,1307820938
1008,1096,1307822059
1096,1008,1307822163
1096,1097,1307822204
1097,1096,1307822261
853,394,1307822829
628,900,1307822879
394,853,1307822929
900,628,1307823010
1092,394,1307824087
468,492,1307824276
394,1092,1307824362
492,468,1307824371
342,882,1307826082
882,342,1307826125
353,1043,1307826559
1043,353,1307828777
1073,492,1307829068
492,1073,1307830272
457,777,1307830982
725,907,1307832423
907,725,1307832464
1026,538,1307834933
1021,1012,1307835425
1021,1100,1307835609
1100,1021,1307835639
492,1098,1307835657
1098,492,1307836855
7,881,1307836955
1099,882,1307837039
881,7,1307837176
492,1101,1307839057
1101,492,1307839090
1102,383,1307841201
186,489,1307843226
714,1103,1307844248
1103,714,1307844419
1092,1104,1307845555
1104,908,1307845993
1092,284,1307847076
284,908,1307847106
284,1092,1307847199
1092,972,1307848077
972,908,1307848171
1105,967,1307848427
1092,492,1307849901
492,908,1307850053
576,104,1307850436
967,1104,1307850787
1104,967,1307850993
1092,1106,1307851728
1106,908,1307851789
1106,1092,1307851810
198,923,1307853568
923,198,1307853584
64,1107,1307853603
1107,64,1307853613
1107,929,1307853686
967,794,1307854492
794,967,1307854576
537,198,1307855193
492,1108,1307855294
198,537,1307855319
342,1094,1307855925
1094,342,1307855987
1108,492,1307856320
1092,923,1307856588
461,462,1307858792
346,62,1307859884
1074,1042,1307860479
383,1102,1307862466
1092,203,1307865669
203,1092,1307865686
1092,804,1307866432
804,908,1307866498
1092,975,1307867147
975,908,1307867376
975,1092,1307867550
923,1109,1307867577
1109,923,1307867632
923,913,1307869146
913,923,1307869276
1008,1100,1307871377
1026,832,1307873912
1030,775,1307874030
1030,35,1307874160
496,1110,1307874248
1110,496,1307874367
817,1111,1307874965
1111,817,1307875314
972,516,1307878230
516,972,1307878649
953,1112,1307878723
1112,953,1307878780
1112,35,1307878801
425,13,1307880293
1105,777,1307882212
1092,1113,1307894274
1099,953,1307894474
953,975,1307895701
1113,908,1307896218
975,953,1307896690
1092,1114,1307897995
1114,1092,1307898285
1113,1104,1307898406
1104,1113,1307898508
539,851,1307900371
1092,304,1307904941
304,908,1307904985
7,198,1307905695
7,330,1307906789
507,216,1307906989
1043,198,1307907350
198,1043,1307907362
1100,1008,1307908417
492,1116,1307909901
1104,1116,1307912453
492,1117,1307912628
608,910,1307912632
910,608,1307913035
1117,492,1307918224
492,1113,1307918700
346,832,1307918929
1113,492,1307919056
489,186,1307919109
215,353,1307922177
353,215,1307922312
492,714,1307923531
714,492,1307923698
962,520,1307925206
520,962,1307926141
1046,60,1307927977
1046,353,1307928077
1043,872,1307928900
923,394,1307929953
1043,1118,1307933423
1118,1043,1307933520
904,19,1307933790
667,19,1307934779
113,522,1307936935
908,975,1307937741
908,606,1307937855
908,1106,1307937911
1065,1119,1307940507
853,908,1307941378
7,132,1307943108
725,160,1307944878
851,995,1307947643
484,1120,1307948216
1120,484,1307948408
533,7,1307951657
7,533,1307951723
592,228,1307953911
228,592,1307953930
982,950,1307954287
827,898,1307955054
898,827,1307955091
346,1121,1307960861
953,922,1307963484
537,469,1307963557
469,537,1307963579
160,725,1307963673
922,953,1307964124
922,1122,1307966101
452,160,1307970536
160,452,1307970604
1121,346,1307971927
231,1123,1307980104
972,760,1307982093
1122,922,1307987460
492,1114,1307987664
1114,492,1307987797
569,882,1307994920
775,1124,1307996752
1124,775,1307997362
462,576,1307997729
462,461,1307997741
882,1125,1307998136
905,113,1307998143
1125,882,1307998166
113,905,1307998205
687,520,1308002794
522,446,1308004226
780,775,1308005304
882,1119,1308007455
1092,455,1308008883
1119,882,1308008971
1119,209,1308008999
209,1119,1308009090
209,1126,1308010591
1126,209,1308010594
967,1105,1308011127
1092,1127,1308013799
1127,1013,1308014034
1127,1092,1308014612
1018,984,1308016242
1092,1036,1308016756
1036,1092,1308017294
726,1013,1308018664
1092,726,1308018718
266,1128,1308019426
1128,266,1308019452
1107,1129,1308027813
1043,1130,1308027949
484,1043,1308028111
967,1119,1308028721
1043,1129,1308030594
1129,1107,1308030665
1129,1043,1308030694
1019,1055,1308031370
484,687,1308034507
673,716,1308041069
716,673,1308041198
537,1132,1308044238
768,1133,1308056561
1133,768,1308056610
882,1099,1308057675
1,1134,1308060193
953,1099,1308062616
7,906,1308064620
1130,1043,1308065206
1119,270,1308066697
1134,1133,1308067056
1134,1,1308067664
1133,710,1308071953
710,1133,1308072006
35,1136,1308072007
35,1137,1308072083
962,725,1308072216
775,780,1308075459
1013,1092,1308075544
1092,1013,1308075666
1095,1092,1308076364
725,962,1308076894
725,1138,1308076906
1095,908,1308076997
1005,1139,1308077007
1100,725,1308077042
537,775,1308077058
725,1100,1308077059
1139,1005,1308077143
1139,1140,1308077594
1139,1141,1308078648
1139,1142,1308078677
1139,1143,1308078722
1143,1144,1308078820
1143,1140,1308078895
1143,1139,1308078937
1143,1145,1308079015
113,1043,1308081550
1043,113,1308081597
452,272,1308081684
770,984,1308082210
272,452,1308082519
452,1098,1308083019
1098,452,1308083026
570,1146,1308083831
1146,570,1308084107
634,1147,1308086182
804,1139,1308086985
804,1143,1308086993
804,1145,1308086998
710,1139,1308087043
710,1143,1308087050
64,309,1308087853
1145,710,1308089292
1145,804,1308089413
710,1145,1308089671
962,1135,1308089862
1135,962,1308090311
64,1145,1308090338
786,863,1308090339
64,1143,1308090358
64,1139,1308090623
1133,1145,1308091447
443,1148,1308091616
309,64,1308091922
1147,1149,1308092438
1005,1105,1308092458
405,1150,1308092949
1150,405,1308093134
405,1151,1308093280
1149,1147,1308093293
923,687,1308096153
1028,1152,1308097434
1152,1028,1308097441
882,962,1308098750
1067,627,1308099222
767,1043,1308099252
995,1153,1308100286
1153,995,1308100308
962,687,1308100435
687,962,1308100511
1043,767,1308100945
1132,537,1308101943
937,962,1308104940
962,937,1308104951
198,7,1308105023
1105,1005,1308106123
929,1107,1308106656
7,945,1308110575
1018,1154,1308111896
710,309,1308118179
309,1155,1308118199
309,537,1308118414
627,1067,1308120986
775,1156,1308128618
537,1157,1308129943
1157,537,1308130040
1156,775,1308131157
972,922,1308133626
922,972,1308133675
673,1158,1308151040
781,1127,1308154344
1127,781,1308155933
770,1023,1308156144
958,832,1308156904
634,957,1308158511
570,1159,1308159739
1159,570,1308159766
1159,1160,1308159775
958,1129,1308160166
1129,958,1308160326
1130,710,1308163120
1160,1159,1308166583
520,1161,1308168422
520,687,1308168576
1071,1062,1308172625
1158,673,1308176641
1068,1162,1308177952
1068,1163,1308178250
1163,1068,1308178386
209,7,1308179136
7,209,1308179856
209,1164,1308181395
1164,209,1308181409
978,957,1308182110
537,1,1308199146
875,923,1308201405
923,875,1308201603
592,202,1308201892
1067,988,1308206936
988,1067,1308208805
1165,535,1308213850
1154,1018,1308213985
537,906,1308217061
309,906,1308217134
626,1076,1308240919
1133,1134,1308241080
950,982,1308241561
1,3,1308241841
1,8,1308241904
1,197,1308241990
1,60,1308241997
1,41,1308242001
1,39,1308242007
1,33,1308242022
1,6,1308242030
1,10,1308242057
535,1165,1308242922
35,1112,1308245332
64,1140,1308245689
1161,520,1308246346
416,962,1308250401
962,416,1308250407
387,1166,1308254084
1166,387,1308254357
1028,1167,1308254586
1167,1028,1308254693
710,416,1308255016
416,710,1308255030
958,1168,1308256785
1168,958,1308257040
261,655,1308257178
655,261,1308260597
97,1164,1308261250
1164,97,1308261315
270,1119,1308263875
700,553,1308268864
1119,1170,1308270608
1170,1119,1308270629
1171,1056,1308270781
1056,1171,1308270798
1130,978,1308271132
353,134,1308272887
484,593,1308274336
222,978,1308275912
978,222,1308275971
593,484,1308277106
29,1172,1308277985
1036,455,1308278108
832,13,1308280697
832,309,1308280753
832,64,1308280769
361,257,1308284426
270,62,1308284434
1094,1173,1308286503
270,1174,1308288472
538,1026,1308300678
1100,923,1308302574
917,340,1308309281
1,270,1308316797
270,1,1308319250
688,113,1308324627
113,688,1308324671
664,1162,1308328644
270,93,1308330799
198,959,1308330943
978,979,1308331655
917,1175,1308333809
1175,917,1308333829
363,1176,1308334048
1176,363,1308334347
959,198,1308335383
1048,209,1308337607
209,1048,1308337622
272,664,1308341500
273,1177,1308346537
1112,1178,1308347115
962,882,1308348950
1062,1179,1308349088
537,522,1308349331
522,537,1308349334
273,780,1308351105
780,273,1308351181
1179,1062,1308351910
628,272,1308358880
272,628,1308358942
853,522,1308359634
522,853,1308359967
1096,1180,1308360138
1180,1096,1308360205
537,1181,1308361295
1181,537,1308361341
317,537,1308369242
537,317,1308369391
19,546,1308370570
19,735,1308370712
546,19,1308370759
882,7,1308373641
178,894,1308380165
894,178,1308380197
178,1040,1308381121
1040,178,1308381303
1177,273,1308383368
178,1182,1308383648
1182,178,1308383714
937,661,1308385799
1040,664,1308385980
661,937,1308387077
1180,832,1308387899
1162,775,1308406070
1162,1068,1308406081
1162,664,1308406166
1100,1132,1308418018
1132,1100,1308418090
972,436,1308425270
570,1169,1308425665
1169,570,1308425802
1100,1028,1308428289
1028,1100,1308428289
204,1168,1308442999
1168,204,1308443161
399,579,1308445033
579,399,1308445103
978,1181,1308450894
1181,978,1308451460
905,579,1308452534
579,905,1308452559
578,1100,1308461420
1100,578,1308461426
882,577,1308465278
577,882,1308465336
29,383,1308472446
436,972,1308482397
109,1184,1308483945
536,1185,1308490911
757,1186,1308493818
1186,757,1308493832
1186,1187,1308496501
1187,1186,1308496527
1187,1188,1308496911
1188,1187,1308496961
346,656,1308497064
656,346,1308497278
540,834,1308503945
555,850,1308504014
540,835,1308504094
577,929,1308526377
317,651,1308531758
651,317,1308531789
651,1189,1308534150
1189,651,1308534622
406,1190,1308535009
1190,406,1308535279
500,1191,1308542693
1162,1192,1308543568
1192,1193,1308544062
1193,1192,1308544093
1005,1194,1308546423
1194,1005,1308546438
1162,1195,1308546503
1195,1162,1308546639
353,535,1308550031
535,353,1308550183
664,647,1308553273
1165,1018,1308553720
1018,1165,1308553786
1192,1162,1308554060
768,1196,1308555832
1196,768,1308556236
1191,500,1308557386
1196,1197,1308573140
1197,1196,1308573361
39,842,1308576761
842,39,1308576922
39,787,1308582656
644,787,1308584775
1183,1199,1308584873
199,13,1308586317
13,199,1308586664
788,634,1308592544
634,788,1308592586
353,1200,1308598001
1200,353,1308600926
1200,1201,1308603199
1201,1200,1308603220
775,1162,1308605630
775,1166,1308605655
1202,1162,1308606829
1053,1204,1308606939
1204,1053,1308606985
1192,832,1308608859
832,726,1308613256
1162,1205,1308613457
1205,1162,1308613590
1205,1206,1308616780
522,17,1308620856
1206,1168,1308621399
1168,1206,1308621462
832,566,1308623074
832,1026,1308623124
832,732,1308623203
832,492,1308623363
832,958,1308623373
1104,502,1308623801
1207,832,1308626115
17,522,1308627060
1162,1208,1308633370
1208,1162,1308633586
1166,775,1308635359
1065,870,1308644955
870,1065,1308645425
1065,1209,1308645532
1209,1065,1308646203
1209,1110,1308646596
1200,1210,1308647026
1110,1211,1308648252
832,1207,1308651034
1028,1200,1308651675
1212,1200,1308651719
1200,1212,1308652319
1200,1028,1308652333
943,72,1308655963
72,943,1308656017
295,832,1308661563
832,270,1308668850
571,1213,1308675188
446,1214,1308678158
1162,1215,1308679364
1215,1162,1308679448
570,673,1308683622
673,570,1308683682
64,312,1308685459
312,64,1308686009
1202,1216,1308688276
1162,1217,1308692472
1210,1200,1308692490
1217,1162,1308692607
23,1218,1308696916
23,941,1308697466
23,1219,1308697486
23,1,1308697521
23,1220,1308699002
1214,446,1308699923
1162,1221,1308700160
1221,1162,1308700907
1162,1202,1308701174
13,1222,1308701429
13,1223,1308701488
1222,13,1308701541
1162,1224,1308701624
1223,13,1308702656
923,938,1308702978
923,1100,1308703009
1224,1162,1308703895
1162,1225,1308704027
1225,1162,1308704097
1220,23,1308704187
171,994,1308706007
994,171,1308706060
1162,1226,1308707845
1226,1162,1308708071
13,1226,1308708525
1226,13,1308708552
270,1207,1308712016
1214,1227,1308713263
1043,1162,1308716993
36,1228,1308717685
1162,1043,1308717739
1198,1229,1308718325
579,72,1308721693
72,579,1308721707
1107,1227,1308723652
1218,1219,1308723687
1198,1230,1308724727
1230,1198,1308724795
540,923,1308728280
923,540,1308728282
642,1231,1308731505
923,1232,1308736307
1232,923,1308736391
644,25,1308738236
634,1227,1308743888
1199,1183,1308744495
1228,36,1308749089
632,1233,1308757721
1233,632,1308757865
632,729,1308760803
729,632,1308760847
1100,1234,1308761061
1234,1100,1308761081
775,1235,1308762660
775,710,1308762936
592,775,1308763809
775,592,1308763975
1219,23,1308764974
1219,1218,1308764980
1219,263,1308764985
710,775,1308766774
1237,1238,1308775327
1217,1239,1308776782
1217,1225,1308778260
1043,651,1308779863
1237,1217,1308779998
577,452,1308780290
452,577,1308780302
1217,1237,1308780312
1239,1217,1308780312
1225,1217,1308780887
1207,522,1308787047
1207,1226,1308787150
1207,270,1308787234
935,1240,1308787328
1240,935,1308787341
522,1207,1308795083
1100,946,1308797589
946,1100,1308798137
1230,1241,1308799902
1241,1230,1308799989
1241,1242,1308800215
1242,1241,1308800615
1226,1207,1308802779
113,1207,1308803376
1235,775,1308818193
1216,1202,1308827983
899,1239,1308835755
1239,899,1308835764
1239,1230,1308836843
1239,1243,1308837161
1243,1239,1308837415
1243,634,1308843920
923,608,1308844478
608,923,1308844549
894,350,1308845133
350,894,1308845140
537,350,1308846210
350,537,1308846528
634,1243,1308847057
1243,1226,1308849684
502,1104,1308850555
634,1244,1308850731
1084,1100,1308851197
1100,1084,1308851307
634,1107,1308851323
1107,634,1308851397
1244,634,1308852756
978,1245,1308852947
1245,978,1308853132
1226,1243,1308853700
1243,1201,1308856853
1227,634,1308857822
1227,1107,1308857847
1201,1243,1308861390
4,1246,1308861974
1207,113,1308866537
120,1247,1308866825
209,1222,1308869825
1222,209,1308869913
1247,120,1308872291
1025,978,1308875180
978,1025,1308875195
1162,1248,1308875235
1248,1162,1308875530
1100,904,1308888410
904,1100,1308888440
1243,1162,1308894739
908,1094,1308894762
1094,908,1308894867
1162,1243,1308894933
1249,1162,1308896010
1162,1249,1308897010
365,1250,1308905486
894,1252,1308913631
1252,894,1308913661
1247,1251,1308913764
1251,1247,1308914967
270,634,1308923729
634,270,1308924030
830,1253,1308926130
1253,830,1308926154
777,978,1308926624
570,1236,1308934077
561,1254,1308934647
1254,561,1308935147
1198,1197,1308940292
1249,1255,1308943646
905,550,1308943943
1255,1249,1308944008
550,452,1308945326
452,550,1308945343
1100,452,1308946556
452,1100,1308946570
1250,365,1308952314
209,550,1308952428
550,209,1308952506
882,1256,1308957277
1256,882,1308957300
978,628,1308959655
628,978,1308959677
1220,3,1308960348
978,777,1308961304
1162,1104,1308963479
1104,1162,1308963544
688,714,1308975154
714,688,1308975239
577,1094,1308975298
1094,577,1308975379
908,1257,1308976772
1162,781,1308980389
781,1162,1308980411
781,667,1308982770
1257,908,1308984967
1028,1226,1308985814
1226,1028,1308986221
1162,1257,1308986247
1257,1162,1308986276
1257,667,1308986353
667,781,1308987075
561,1231,1308987089
667,1257,1308988056
1231,561,1308994974
1231,642,1308995050
905,1162,1309003917
788,787,1309013822
788,25,1309013894
1094,592,1309015029
791,1094,1309015033
1094,791,1309015065
592,1094,1309015100
1217,1198,1309017585
522,1258,1309017650
1258,522,1309017652
1198,1217,1309022526
1217,1259,1309024301
1259,1217,1309024398
1037,1260,1309026025
1260,1037,1309026031
1260,1261,1309026405
1260,1166,1309026526
1166,1260,1309027036
1257,384,1309037415
384,1257,1309037474
539,1,1309065147
1,539,1309065236
113,72,1309066360
72,113,1309066361
72,667,1309066464
667,72,1309068133
7,1166,1309069623
1262,664,1309072491
1166,7,1309072954
1217,1263,1309085604
1263,1217,1309085695
1162,1264,1309089822
1217,1264,1309090686
1264,1162,1309092096
1264,1217,1309092187
1162,1265,1309097738
1265,1162,1309098361
1162,1266,1309100771
1266,1162,1309101095
1266,1239,1309101116
1239,1266,1309101575
1237,1094,1309112715
1094,1237,1309112749
929,577,1309114781
1236,570,1309118464
304,929,1309118651
929,304,1309118676
1229,1198,1309127588
1229,1162,1309129752
1162,1229,1309129804
72,1162,1309129896
1162,72,1309129950
1198,1262,1309130126
1262,1198,1309130769
1162,353,1309131054
1162,1262,1309131545
1262,1162,1309131624
1257,923,1309138549
923,1257,1309139553
923,592,1309158824
353,493,1309159260
493,353,1309159341
592,923,1309159645
592,634,1309185400
634,592,1309185522
1162,777,1309189279
777,1162,1309189404
634,1269,1309198755
905,493,1309204469
35,945,1309204581
1269,1270,1309208506
945,7,1309210453
1239,1253,1309211506
1253,1239,1309211599
835,540,1309212632
1239,1257,1309215241
1239,777,1309216506
777,1239,1309216620
522,726,1309235554
908,4,1309237983
4,908,1309239244
4,1257,1309243972
1162,905,1309257694
1269,1037,1309272697
1037,1269,1309272702
1162,1269,1309274303
1269,1162,1309274496
228,325,1309274837
325,228,1309275019
1162,1271,1309280009
1271,1162,1309280144
325,1272,1309284996
1272,325,1309286067
1272,1273,1309286351
1273,1272,1309286511
1037,1257,1309287720
1257,1037,1309287778
1064,1274,1309289064
917,1268,1309289898
1268,917,1309289918
1274,1064,1309290726
1270,1269,1309291913
1042,1074,1309295896
537,1263,1309299402
1263,537,1309300027
942,1275,1309302295
1275,942,1309302876
1257,1263,1309303105
1263,1257,1309303313
786,1207,1309306738
492,729,1309306879
729,492,1309306935
908,1074,1309309054
1257,832,1309309166
4,832,1309309207
1064,1276,1309309693
1276,1064,1309309753
1268,1277,1309313207
1257,1278,1309314176
1278,1257,1309314200
135,1277,1309314304
635,1279,1309316630
1279,635,1309316845
882,635,1309319228
1043,270,1309321483
270,1043,1309321505
1165,1280,1309322058
1280,1165,1309322072
967,1074,1309322811
1154,1043,1309323270
1043,1154,1309323331
214,1064,1309323550
1064,214,1309323645
1043,538,1309326687
538,1043,1309326793
1213,571,1309329060
882,1257,1309332377
35,923,1309334581
923,35,1309336608
1090,35,1309342307
35,1090,1309344051
7,1281,1309352731
19,904,1309352757
19,667,1309352767
1281,7,1309352805
905,1277,1309358874
882,1282,1309360094
1282,882,1309360484
537,1283,1309375912
1283,537,1309376072
1251,1284,1309377160
1284,1251,1309377171
4,713,1309380593
4,423,1309380665
4,62,1309390992
1257,4,1309391278
243,1281,1309391942
1257,1282,1309391967
1282,1257,1309392010
1281,243,1309392011
13,621,1309394451
621,13,1309394507
593,7,1309401354
7,593,1309401417
7,1098,1309401451
1174,270,1309401977
729,1257,1309410059
1257,729,1309410251
923,882,1309415993
882,923,1309416002
7,882,1309416197
923,1285,1309416870
1285,923,1309417253
1217,775,1309460352
941,29,1309467145
882,925,1309468948
227,925,1309472526
925,882,1309473889
925,227,1309473897
925,905,1309476814
905,925,1309477065
1147,1287,1309478771
522,664,1309480815
522,714,1309482436
664,522,1309482819
801,1131,1309486737
801,1257,1309495085
1257,801,1309495162
714,922,1309495511
1094,1242,1309498976
1242,1094,1309499026
1064,853,1309499306
1066,664,1309499870
664,1066,1309500807
853,1064,1309500895
641,715,1309523594
925,1252,1309542796
1252,925,1309542828
925,546,1309545436
775,1288,1309551392
1257,1289,1309556396
1289,1257,1309556655
546,925,1309556805
1244,1065,1309560682
735,846,1309571385
846,735,1309571557
925,1066,1309571824
1066,925,1309571991
1053,925,1309573098
925,1053,1309573185
1288,775,1309598492
309,647,1309603339
647,1290,1309604214
1290,647,1309604310
1094,261,1309622869
261,1094,1309622976
191,1291,1309630624
492,1267,1309631994
1267,492,1309632001
1291,191,1309634381
1291,1277,1309635222
1292,204,1309640015
204,1292,1309640043
1277,1293,1309641380
1277,908,1309641424
1277,135,1309641564
1277,1291,1309641588
1277,905,1309641644
1293,135,1309642133
1293,1277,1309642554
263,1219,1309644605
540,626,1309651562
626,540,1309651686
1261,1260,1309671838
35,1294,1309672873
35,1295,1309672885
1295,35,1309679658
7,1223,1309696725
452,1270,1309724780
1270,452,1309726073
492,1296,1309726934
452,1297,1309727233
1223,7,1309734826
1131,801,1309758954
1094,1298,1309758956
1298,1094,1309758997
468,1290,1309772448
1290,468,1309772483
492,1299,1309783901
997,1217,1309785033
492,1290,1309785312
492,1300,1309786264
1300,492,1309786303
945,35,1309786504
1277,1268,1309787622
1290,492,1309787804
1299,492,1309788309
1244,1128,1309788355
1207,786,1309793224
1207,1279,1309793254
1128,1244,1309793912
1217,997,1309800986
359,832,1309802357
905,1267,1309803475
1267,905,1309803885
905,927,1309803988
927,905,1309804044
1094,1301,1309813610
1301,1094,1309813784
270,1301,1309815103
1299,35,1309820754
35,380,1309820950
1301,270,1309821262
875,729,1309828469
729,875,1309828477
1190,1301,1309835784
1301,1190,1309836034
1198,882,1309846486
468,566,1309863842
566,468,1309863848
492,1302,1309884814
1302,492,1309886256
1304,621,1309893643
621,1304,1309893651
1296,222,1309896828
35,1305,1309903639
363,222,1309903898
1236,1306,1309914066
1306,1236,1309915375
388,148,1309918082
1107,465,1309928760
1098,7,1309947717
1305,35,1309952452
634,1174,1309960184
1174,634,1309960247
963,1307,1309961476
1307,963,1309961617
309,832,1309980509
537,1308,1309980769
589,350,1309984109
350,589,1309984143
468,546,1309985342
546,468,1309985415
929,1309,1309991644
1053,1310,1309992723
1310,1053,1309992900
1290,1257,1309995323
929,1311,1309996803
1311,929,1309997069
1094,729,1310001951
729,1094,1310001967
729,1308,1310004785
714,522,1310011218
1053,1290,1310020425
1290,1053,1310020541
729,1290,1310021380
1290,729,1310021406
1309,929,1310025648
1231,1312,1310037317
1312,1231,1310037983
546,1286,1310044120
1286,546,1310046299
1277,832,1310053263
540,1303,1310060506
1303,540,1310060931
222,1296,1310063026
222,363,1310063039
963,1313,1310065627
1053,521,1310066017
1313,963,1310066047
104,1053,1310066183
521,1053,1310069193
1053,104,1310071422
1053,608,1310071536
608,1053,1310071637
204,1286,1310072231
417,493,1310072406
1286,204,1310073260
770,824,1310084327
827,824,1310085056
7,1011,1310095919
1011,7,1310096143
623,824,1310106424
1119,1065,1310107934
634,917,1310142743
537,824,1310145303
908,1277,1310146972
1268,1270,1310155626
1270,1268,1310157462
35,1314,1310161574
35,1299,1310161594
882,1315,1310162255
1315,882,1310163009
628,1053,1310169975
1053,628,1310171215
846,1053,1310177805
1053,846,1310177934
270,1316,1310178107
1316,270,1310178150
522,1316,1310182244
1290,1317,1310189389
1317,1290,1310189530
452,1053,1310191267
1053,452,1310191274
729,986,1310198423
986,729,1310198451
468,1252,1310208225
1252,468,1310208335
621,1315,1310223971
1315,621,1310223978
963,708,1310237826
708,963,1310237879
1252,1315,1310244250
1315,1252,1310244253
468,1053,1310252227
1053,468,1310252297
1131,1185,1310252330
1316,522,1310265857
95,35,1310272544
95,415,1310273776
635,1267,1310285965
1267,635,1310286040
1317,1318,1310297023
1318,1317,1310297051
1207,1317,1310306476
1317,1207,1310306527
1094,1319,1310311639
1319,1094,1310311705
239,36,1310312736
1162,1320,1310319199
1320,1162,1310319254
929,1317,1310320420
1317,929,1310320432
1319,1162,1310323063
1162,1319,1310323073
1147,1317,1310330873
882,465,1310334070
1053,1321,1310335657
1321,1053,1310335678
1317,1053,1310348955
1053,1317,1310352752
1053,522,1310353100
1185,536,1310354767
1185,1131,1310354862
537,664,1310358702
923,1053,1310370741
1053,923,1310370778
1312,1322,1310380837
1162,1323,1310385371
1323,1162,1310385470
1310,1295,1310387429
1295,1310,1310387508
641,1324,1310388676
1324,641,1310388939
1315,1162,1310396603
1162,1315,1310396605
1162,1325,1310396644
1322,1312,1310417768
635,1,1310422442
911,1326,1310444039
937,1328,1310488488
1328,937,1310489080
1329,1327,1310505365
36,239,1310507713
1320,1329,1310513966
635,882,1310517532
1162,1330,1310517934
1330,1162,1310518040
882,1331,1310525749
678,1062,1310526279
920,882,1310529127
882,920,1310529206
882,647,1310532428
647,882,1310532464
1331,882,1310535563
1326,911,1310555148
1312,1332,1310555699
1332,1312,1310556851
937,1319,1310572254
1319,937,1310572290
319,1176,1310581296
1176,319,1310581648
319,1302,1310582883
1302,319,1310583023
1034,1332,1310586316
1332,1034,1310587004
1162,1333,1310587078
270,1115,1310590391
1115,270,1310590428
608,664,1310601326
1312,1292,1310602079
1292,1312,1310603166
144,1239,1310603329
664,608,1310605037
1239,144,1310605285
929,1162,1310609224
1162,929,1310609310
1162,530,1310609358
530,1162,1310611071
7,1335,1310619705
238,1302,1310623150
1217,1336,1310637649
1336,1217,1310637773
113,1053,1310655463
1053,113,1310655486
113,1292,1310658435
1292,113,1310660146
1268,1337,1310667554
1337,1268,1310667689
397,260,1310668638
978,1332,1310669516
1332,978,1310670963
1162,1332,1310671955
1332,1162,1310672841
1334,664,1310687838
1268,1334,1310694696
1334,1268,1310694779
1268,550,1310696127
550,1268,1310697087
7,1334,1310698578
882,1268,1310699786
1275,1334,1310711372
1334,1275,1310711547
917,634,1310736955
538,729,1310747864
729,538,1310764845
905,1053,1310767173
1053,905,1310767187
729,113,1310768201
113,729,1310768415
1094,1275,1310772454
1275,1094,1310772466
1094,777,1310775428
1334,1094,1310775478
1094,1334,1310775540
1292,1053,1310776928
1053,1292,1310776964
1094,1053,1310779157
1053,1094,1310779285
1094,1292,1310829767
1292,1094,1310829898
1268,1094,1310843024
113,317,1310845843
317,113,1310845873
502,1332,1310853062
1332,502,1310854661
280,1094,1310867239
1268,1053,1310871250
1053,1268,1310871391
937,1338,1310909136
1338,937,1310910337
937,1325,1310919586
1325,937,1310919855
664,537,1310920953
729,350,1310926367
350,729,1310926393
1333,1162,1310934942
468,1268,1310949297
729,530,1310949408
530,729,1310949424
1268,468,1310949437
1302,1238,1310959884
113,1340,1310960140
1340,1139,1310960330
1268,7,1310960351
1340,1144,1310960428
1340,1142,1310960444
1340,1141,1310960475
1340,1140,1310960516
1340,1143,1310960527
1340,832,1310962263
7,964,1310963740
733,1057,1310967665
35,1337,1310988044
1183,270,1311001360
1090,1341,1311013933
1162,1307,1311019918
1307,1162,1311021695
280,1053,1311023500
1053,280,1311023586
1341,1090,1311023711
1162,729,1311030389
729,1162,1311030413
621,1053,1311037986
1053,621,1311038058
664,1262,1311044102
882,1053,1311051375
1053,882,1311051450
882,1342,1311055980
1342,882,1311056120
1342,1317,1311056142
1337,35,1311060566
309,270,1311070236
35,1328,1311078731
164,1343,1311095868
309,666,1311125206
666,309,1311125295
1162,666,1311127770
666,1162,1311127905
2,832,1311132603
1343,164,1311143650
1217,1344,1311146344
1302,1345,1311158362
1345,1302,1311158415
1094,1268,1311166518
1325,1345,1311169635
1345,1325,1311169756
1325,1268,1311170563
1252,1302,1311174576
1162,1130,1311183013
1130,1162,1311183303
1325,1162,1311183885
1344,1217,1311192305
1344,775,1311192649
1268,35,1311196959
35,1268,1311197118
1,522,1311199990
522,1,1311200202
1162,1346,1311200831
1325,780,1311201627
937,452,1311211458
452,937,1311211503
923,1162,1311216774
1094,280,1311219538
7,1268,1311221770
937,688,1311221823
688,937,1311221865
1094,1299,1311222727
1299,1094,1311222810
1302,1252,1311225314
468,1302,1311229535
1302,468,1311229979
923,937,1311239126
937,923,1311239141
468,1332,1311246999
1332,468,1311247470
1094,80,1311253320
664,1347,1311269746
522,1162,1311269927
1162,1348,1311270869
1348,1162,1311271019
1347,664,1311273541
1090,1349,1311274483
1349,1090,1311276334
1346,1162,1311282075
1312,1350,1311285153
1350,1312,1311285641
1,882,1311286702
309,1162,1311287194
468,1351,1311287988
1351,468,1311288224
353,664,1311308681
664,353,1311308732
384,1317,1311308927
6,35,1311312167
6,664,1311312174
664,6,1311312446
7,152,1311312658
35,664,1311342793
664,35,1311343538
1312,1352,1311347066
1352,1312,1311347486
1348,1353,1311351241
1353,1348,1311355382
757,522,1311359541
1349,1354,1311360773
1349,1355,1311363428
1354,1349,1311364035
775,1344,1311365425
1355,1349,1311365657
1312,1356,1311372366
1162,25,1311372474
387,1346,1311373380
1356,1312,1311373813
1346,387,1311376867
687,1128,1311380659
1128,687,1311381379
546,1352,1311384099
1352,546,1311384281
937,6,1311396960
6,937,1311396972
283,7,1311397220
937,1199,1311411130
1199,937,1311411148
546,1342,1311435936
608,1352,1311449814
1352,608,1311450055
1176,1320,1311525263
1320,1176,1311525376
1312,1357,1311526148
1357,1312,1311526209
861,1,1311538210
1,861,1311538216
1358,518,1311554658
518,1358,1311554712
1359,1358,1311562606
1353,1360,1311569345
1360,1353,1311569444
1201,1268,1311574152
1268,1201,1311574343
35,1361,1311574850
1312,1362,1311596878
1362,1312,1311596922
1362,35,1311596963
708,1363,1311616185
664,1352,1311621631
1176,1327,1311621811
1268,786,1311624880
361,522,1311626251
363,1364,1311627070
1364,363,1311627177
786,1268,1311627462
1362,1332,1311629658
522,361,1311629920
1312,1365,1311633157
1365,1312,1311633198
468,1366,1311640687
1366,468,1311640703
1366,1367,1311641073
625,1368,1311649051
923,1057,1311651067
1057,923,1311651123
1,1369,1311653852
1369,1,1311654443
41,7,1311654509
1352,1370,1311656404
1370,1352,1311656893
1352,635,1311656924
635,1352,1311657022
664,1028,1311668514
1162,923,1311696950
1358,1359,1311713576
80,1094,1311720136
80,165,1311720223
1312,1371,1311732737
1371,1312,1311733585
1198,462,1311735145
462,1198,1311735394
1371,419,1311737472
1267,1328,1311766225
1328,1267,1311768826
635,729,1311822251
729,635,1311822312
635,1372,1311825044
1372,635,1311825528
1094,1348,1311826875
1348,1094,1311826933
1162,1373,1311847929
1373,1162,1311853145
35,1362,1311888076
1053,781,1311893784
781,1053,1311893820
1053,664,1311894384
664,1053,1311910234
6,384,1311915459
948,1374,1311932030
1374,948,1311966547
729,363,1311982897
363,729,1311982935
7,283,1312011917
1317,384,1312013907
725,1358,1312060707
1358,725,1312060723
452,664,1312076540
664,452,1312076586
7,1053,1312078549
939,1377,1312090603
1377,939,1312091159
1377,1378,1312091763
1377,1328,1312091825
1378,1377,1312092173
1162,1252,1312136054
1252,1162,1312136101
1162,1377,1312136751
1377,1162,1312139871
1162,1379,1312143540
1379,1162,1312145721
1370,1379,1312147059
1379,1370,1312148927
1363,708,1312157637
353,1162,1312164934
1345,1380,1312176932
1380,1345,1312177075
1379,1377,1312178939
1377,1379,1312178971
937,550,1312179373
550,937,1312179885
1242,1162,1312218299
1162,1242,1312218327
1379,780,1312218378
1368,1381,1312228052
1381,1368,1312228128
35,1382,1312229850
780,1383,1312233570
1317,522,1312233654
522,1317,1312233802
780,1325,1312233919
780,1379,1312234147
202,235,1312244040
1162,794,1312248112
794,1162,1312248167
353,484,1312250238
484,353,1312250265
1,1010,1312252188
921,1310,1312278745
1310,921,1312278779
1185,827,1312290613
628,1377,1312292136
921,1267,1312293220
1267,921,1312293401
628,937,1312295795
937,628,1312295810
1201,1384,1312311332
921,1384,1312313991
1384,921,1312314117
628,1252,1312314896
1252,628,1312314962
1384,1385,1312322144
1385,1384,1312322956
1377,1128,1312339744
1128,1377,1312339957
1377,628,1312340923
882,13,1312346643
13,882,1312346789
1377,1387,1312348857
786,25,1312349215
1383,1370,1312382630
1370,1383,1312382662
1368,1359,1312383413
1359,1368,1312383444
6,521,1312392223
521,6,1312392323
1317,521,1312393173
521,1317,1312393260
1377,1388,1312395340
1388,1377,1312396251
1352,1,1312398530
1384,1201,1312405245
1363,80,1312412195
1201,1018,1312412925
1018,1201,1312412986
882,592,1312466661
592,882,1312466677
1377,1390,1312473886
1390,1377,1312474163
1368,673,1312487133
1383,1391,1312497761
1391,1383,1312500739
353,135,1312501379
135,353,1312501389
635,1384,1312509991
1383,1011,1312511151
1011,1383,1312511265
635,1318,1312528017
1318,635,1312528052
1328,1377,1312532869
1328,35,1312541457
1252,1393,1312556109
35,1393,1312556326
1267,1393,1312557385
1,309,1312557813
1385,882,1312561589
882,1385,1312561590
1392,882,1312565020
468,522,1312589360
664,1394,1312591946
1046,1395,1312594511
1207,1391,1312596821
882,1392,1312601774
1267,546,1312601992
546,1267,1312602106
1391,1207,1312658834
1267,1397,1312661774
1397,1267,1312661868
921,80,1312670399
80,921,1312670424
729,353,1312688793
353,729,1312688809
725,468,1312698259
468,725,1312698415
664,1201,1312724194
1201,664,1312731569
270,1368,1312740543
655,669,1312744420
1134,272,1312745780
272,1134,1312745939
1174,1368,1312746957
1368,1174,1312747021
921,1399,1312754348
1399,921,1312754936
1053,546,1312758319
546,1053,1312758455
522,1396,1312771728
1396,522,1312771762
1389,1,1312779845
1383,1400,1312787855
1400,1383,1312787894
468,1401,1312790270
1401,468,1312792542
468,1402,1312793765
1402,468,1312794187
350,921,1312800185
921,350,1312800269
540,1403,1312818871
1348,1375,1312822220
1375,1348,1312822566
1317,1252,1312823944
1252,1317,1312823981
1162,1404,1312827609
1404,1162,1312827641
35,1405,1312828200
35,1406,1312828234
921,1252,1312833075
1252,921,1312833247
1382,35,1312835395
522,468,1312846768
1317,1028,1312847410
1028,1317,1312847420
1406,35,1312853730
1267,149,1312869946
1405,35,1312878457
775,1407,1312880706
1407,775,1312881660
1207,882,1312891813
1368,1408,1312898296
1408,1368,1312899302
186,35,1312909954
35,186,1312910715
346,1409,1312913001
1409,346,1312913256
1368,634,1312915022
634,1368,1312915090
775,1410,1312921507
1410,1062,1312925165
80,1411,1312925196
1411,80,1312927218
882,204,1312931915
882,1207,1312931930
1402,1366,1312933362
1366,1402,1312933545
1396,60,1312936503
1162,309,1312936920
1162,1,1312937036
1162,522,1312937519
204,882,1312942979
1094,1412,1312950419
1412,1094,1312950540
1267,1366,1312951233
1366,1267,1312951351
7,1413,1312953496
1413,7,1312953588
35,1414,1312967887
35,528,1312967975
1383,1402,1312985706
1402,1383,1312985894
937,1402,1312988168
1402,937,1312988193
882,468,1313000633
468,882,1313000668
905,1332,1313001742
1332,905,1313001887
905,1192,1313003639
1192,905,1313003756
1368,1275,1313005459
1275,1368,1313005663
882,1162,1313009138
41,1415,1313020143
1415,41,1313020225
1376,80,1313027723
468,1416,1313045747
1416,468,1313045835
346,1417,1313058066
1417,346,1313059475
209,1267,1313087021
1267,209,1313087314
209,1377,1313088104
1377,209,1313088151
80,1376,1313089017
1411,1377,1313100606
1377,1411,1313100896
1094,1389,1313113802
1389,1094,1313113829
135,1317,1313114452
1094,207,1313115626
207,1094,1313119552
635,1317,1313120397
1317,635,1313120649
1401,1418,1313125981
1418,1401,1313126071
1267,1419,1313129500
1419,1267,1313129716
1162,1286,1313170601
729,780,1313189178
780,729,1313189712
1368,80,1313198280
80,1368,1313198650
522,7,1313211705
7,522,1313212110
861,149,1313246199
1217,1420,1313259054
1366,1317,1313259978
1217,546,1313260078
546,1217,1313260086
1366,1222,1313260192
1420,1217,1313262379
882,904,1313271415
904,882,1313271450
664,1376,1313271940
1421,545,1313277365
468,428,1313286275
1415,468,1313286314
468,1415,1313287086
1376,664,1313287159
417,1422,1313297321
468,1423,1313324417
1423,468,1313324613
468,1352,1313330900
1352,468,1313330951
468,1207,1313332428
468,1222,1313333356
1222,468,1313334072
149,1267,1313342654
1286,1162,1313345375
1422,417,1313351472
1422,209,1313351487
1422,280,1313351536
905,1366,1313352875
41,1422,1313356679
1422,41,1313356787
1207,468,1313361993
468,470,1313364558
470,468,1313364582
937,1275,1313379612
937,1424,1313380545
1424,937,1313380952
1275,937,1313382987
7,235,1313390505
468,13,1313391486
13,468,1313391560
1034,1348,1313391680
1400,41,1313392376
41,1400,1313392380
516,468,1313394289
468,516,1313394347
516,13,1313397133
13,516,1313397134
1217,1034,1313405962
1034,1217,1313406050
1217,1413,1313417746
1413,1217,1313417793
1383,149,1313420644
1348,1034,1313423780
1034,832,1313434796
1162,1034,1313435193
1034,1162,1313435216
1384,635,1313445352
1366,905,1313453578
35,729,1313489996
729,35,1313490012
468,729,1313497030
729,468,1313497115
775,1425,1313513896
1366,1426,1313519837
1425,775,1313520235
1426,1366,1313520292
1426,35,1313521097
546,207,1313524397
207,546,1313526865
1312,1426,1313533725
1426,1312,1313534242
149,468,1313538474
468,149,1313538541
1062,1427,1313539139
1062,1410,1313539193
522,1376,1313542542
1376,1,1313545025
468,705,1313558027
705,468,1313558328
7,1428,1313579288
1427,1062,1313584954
468,113,1313591687
113,468,1313595252
149,78,1313610883
1396,705,1313628711
705,1396,1313628946
468,1429,1313634988
1429,468,1313635830
468,592,1313642383
592,468,1313642459
635,468,1313655825
468,635,1313655888
468,545,1313674866
921,1396,1313680356
1396,921,1313680401
468,1430,1313689397
1430,468,1313689481
1217,465,1313695344
465,1217,1313695396
1317,1431,1313698815
35,1432,1313707374
1432,35,1313707465
1432,1433,1313707480
1379,1207,1313737922
35,1434,1313739761
1434,35,1313740239
468,1034,1313755390
1034,468,1313755447
1433,1432,1313768351
1201,113,1313771334
113,1201,1313771339
1431,1317,1313777024
35,1426,1313782997
1207,1379,1313815279
1034,7,1313900298
7,1034,1313900308
948,1435,1313940864
1435,948,1313945264
439,3,1313945278
439,62,1313945297
1376,905,1313964366
1376,781,1313964445
1028,1322,1313975696
1322,1028,1313976208
905,1401,1313983306
1401,905,1313983388
725,1383,1313989777
1383,725,1313989813
417,905,1313990002
35,1338,1314005826
1338,35,1314005852
1185,801,1314013337
1338,209,1314026310
1383,961,1314031648
961,1383,1314038512
41,1436,1314043851
1317,1368,1314043971
1436,41,1314044036
1383,465,1314045408
465,1383,1314045425
1368,1317,1314052072
905,209,1314056497
209,905,1314056514
387,209,1314057024
209,387,1314057037
935,7,1314060014
1401,1358,1314060785
7,935,1314063046
1436,621,1314069337
621,1436,1314069420
88,101,1314072083
1322,452,1314075003
452,1322,1314075043
1436,468,1314075237
468,1436,1314075262
882,729,1314144020
417,1005,1314144468
729,882,1314144484
905,1439,1314145094
280,1436,1314145790
801,1185,1314149352
495,1322,1314156075
1322,495,1314156255
775,35,1314179705
35,1440,1314188342
1441,35,1314189375
35,1356,1314197929
963,1348,1314206973
1348,963,1314207011
1319,41,1314213309
41,1319,1314213336
1319,1396,1314215005
1396,1319,1314215231
1162,540,1314216243
41,729,1314229873
1376,522,1314237344
209,1375,1314289274
149,1396,1314291718
1396,149,1314292774
36,1442,1314297974
1442,36,1314298293
1375,209,1314301215
1115,1348,1314304707
1348,1115,1314304715
270,1183,1314314506
1370,1317,1314328126
1439,1438,1314332140
1438,1439,1314332337
775,1203,1314350214
1203,775,1314364442
1356,35,1314369256
729,41,1314380456
729,135,1314380662
1162,894,1314394660
894,1162,1314395056
163,1383,1314398372
135,209,1314400077
209,135,1314400252
468,353,1314418544
353,468,1314418715
1383,468,1314418871
468,1383,1314418967
1383,163,1314419237
894,1444,1314438730
1444,894,1314438794
894,832,1314439032
15,729,1314458586
1198,1201,1314466014
1201,1198,1314466088
35,1445,1314468891
35,1441,1314468916
35,1439,1314469330
1439,35,1314469513
309,1393,1314504224
309,1308,1314504231
309,1143,1314504287
309,1145,1314504292
32,1201,1314507202
1443,1376,1314513718
1443,1201,1314515179
1201,1443,1314546389
1201,32,1314554824
1396,1446,1314561416
1376,1443,1314565864
1446,1396,1314566161
1368,1412,1314569663
1412,1368,1314569776
56,35,1314569884
35,56,1314569984
1317,1370,1314580664
1317,468,1314585740
468,1317,1314585762
937,1302,1314593419
1302,937,1314595041
1302,832,1314595478
135,1348,1314600395
1348,135,1314600455
1193,628,1314601470
35,1447,1314614597
36,1444,1314623712
1444,36,1314623772
921,468,1314631886
468,921,1314631899
439,309,1314642633
1094,1386,1314676479
1441,95,1314686731
1376,309,1314688993
1317,922,1314704808
922,1317,1314706298
729,15,1314710875
35,1417,1314714481
209,1338,1314720358
1417,35,1314722618
1383,1448,1314734187
1448,1383,1314734323
1162,1449,1314737251
882,304,1314737645
1162,1317,1314745666
1317,1162,1314745739
304,468,1314746654
468,304,1314746688
1449,1162,1314750538
465,882,1314756627
1094,882,1314759432
921,204,1314776721
204,921,1314776869
1354,112,1314783536
41,1352,1314784369
35,1446,1314785102
35,1450,1314785115
35,1451,1314785376
1451,35,1314785571
1386,1394,1314794783
243,141,1314815138
35,1452,1314895110
1452,35,1314896036
546,1376,1314906846
1386,705,1314909748
1410,775,1314912015
705,1386,1314914812
1384,905,1314914867
1376,546,1314927403
664,1443,1314936567
1366,1453,1314941630
1453,1366,1314941678
786,592,1314942738
592,786,1314942789
95,1441,1314975028
775,1454,1314991274
1454,775,1314991427
905,1384,1314991816
1396,587,1314995898
587,1396,1314995932
1451,1455,1314996293
1455,1451,1314996590
1396,163,1314998064
163,1396,1314998078
225,1368,1314998192
1439,1018,1315000900
35,1217,1315002375
35,775,1315002581
1018,1439,1315003881
546,1456,1315005058
546,1384,1315006700
546,1451,1315007145
280,1456,1315013500
1456,546,1315015359
1456,280,1315015371
1447,35,1315023731
1,1447,1315028115
1348,687,1315034390
592,1396,1315034725
1396,592,1315034736
1217,35,1315042012
1368,228,1315045654
228,1368,1315046495
1456,1457,1315093457
1457,1456,1315093895
7,417,1315185780
1201,1334,1315201308
1334,1201,1315201446
1348,1458,1315204018
1458,1348,1315204254
664,1334,1315212569
35,1459,1315224563
35,1460,1315227658
1217,550,1315234298
550,1217,1315234343
882,1438,1315237161
882,1348,1315238844
1348,882,1315238931
1334,1217,1315248737
1217,1334,1315249041
1217,1458,1315253117
1458,1217,1315254852
1018,882,1315267262
1345,1406,1315319606
1406,1345,1315322396
573,1461,1315329729
1461,573,1315329833
1217,905,1315342360
41,1384,1315356525
1384,41,1315359803
1458,1406,1315372167
1201,272,1315382104
1217,1354,1315393555
1217,1300,1315394901
1300,1217,1315395321
1462,1217,1315416733
1386,546,1315418314
1464,1439,1315445929
1439,1464,1315446159
1368,592,1315474539
592,1368,1315474689
641,1461,1315480594
1354,1465,1315486025
1354,1217,1315486172
1252,1466,1315503512
1466,1252,1315503671
1368,1467,1315525156
1467,1368,1315525257
1396,1400,1315532960
1461,641,1315540234
1201,1451,1315550184
1451,1201,1315550668
1094,1400,1315594612
1400,1094,1315594636
1400,1396,1315595266
1396,1468,1315609059
1468,1396,1315611186
1383,1447,1315614370
1447,1383,1315614431
1396,449,1315617875
1396,1470,1315622213
1470,1396,1315623328
1396,1471,1315641153
1471,1396,1315641222
1317,1396,1315665616
540,272,1315683440
1458,1472,1315692527
104,1464,1315693759
104,535,1315693768
1472,1458,1315730584
1334,1473,1315752948
1473,1334,1315753145
1368,1334,1315758552
35,1474,1315761202
417,1475,1315762988
1474,35,1315769687
1334,705,1315783362
1198,1290,1315792472
1290,1198,1315797469
1185,1317,1315800789
204,1476,1315818890
1476,204,1315818914
272,705,1315853478
705,272,1315853604
1468,1477,1315857602
1477,1468,1315857796
41,1377,1315866248
1377,41,1315866275
35,1463,1315900666
1463,35,1315900709
35,1478,1315900901
1162,882,1315910432
1478,35,1315910890
1478,112,1315911362
566,546,1315927291
546,566,1315927623
566,1477,1315934561
921,592,1315937034
592,921,1315937099
546,1479,1315937846
1479,546,1315937983
1477,566,1315940070
1334,1480,1315954944
1480,1334,1315954963
592,1317,1315960375
1317,592,1315960426
186,1376,1316004359
710,882,1316012999
1465,1354,1316013098
566,1217,1316013960
1217,566,1316013963
1217,1252,1316014451
1252,1217,1316014512
1217,1481,1316016186
1481,1217,1316016440
1348,1482,1316028203
1482,1348,1316028326
1376,186,1316041257
592,149,1316049209
149,861,1316049605
149,592,1316049608
1217,705,1316077694
705,1217,1316077811
705,35,1316078419
35,705,1316078513
249,1477,1316090793
1477,249,1316090857
1386,1479,1316106557
35,1482,1316108705
1482,35,1316108769
1479,1386,1316111306
35,1483,1316115885
35,1484,1316115895
1386,1457,1316119574
1383,41,1316124335
882,1383,1316124999
1368,1201,1316140867
1368,1162,1316198286
1406,1458,1316212290
184,17,1316217575
280,387,1316221533
387,280,1316221651
1483,35,1316228829
35,823,1316290010
823,35,1316290134
1406,823,1316300301
823,1406,1316302326
1317,1353,1316309202
1353,1317,1316309276
309,1368,1316309552
280,905,1316368198
905,280,1316368217
35,280,1316370789
280,35,1316370978
7,465,1316380317
465,7,1316380362
540,1162,1316463339
540,1,1316463436
540,1486,1316467528
1386,1488,1316486432
1488,1386,1316486811
1486,540,1316487910
546,353,1316488752
353,546,1316489314
41,777,1316512948
1217,777,1316519553
777,1217,1316520054
1217,1486,1316526568
1486,1217,1316526592
35,1486,1316534255
1486,35,1316534318
1457,1386,1316535046
1162,1386,1316539316
280,1217,1316544666
1217,280,1316544704
1473,1037,1316545190
280,7,1316545733
1217,523,1316545744
7,280,1316545753
523,1217,1316545755
439,1489,1316550161
280,1473,1316552554
1473,280,1316552747
280,1490,1316557460
1490,280,1316557610
280,1491,1316560163
1491,280,1316560742
6,280,1316572145
280,6,1316572171
280,1447,1316573614
1447,280,1316574018
1486,523,1316621424
523,1486,1316621930
1396,1477,1316625644
35,1288,1316626238
280,1493,1316635806
1493,280,1316635877
1396,1375,1316664812
1288,35,1316685615
1386,1379,1316721158
1473,129,1316722859
540,1473,1316737683
1473,540,1316737745
1438,546,1316746559
41,1217,1316793637
1217,41,1316796821
1383,1222,1316875977
1222,1383,1316878135
1201,1368,1316974954
1486,1386,1316982753
1386,1486,1316990186
1317,1494,1317078312
1494,1317,1317078373
1438,523,1317095971
1464,280,1317101935
280,1464,1317102035
41,1477,1317143582
1477,41,1317143654
546,1438,1317148852
1438,882,1317155315
1490,41,1317189062
41,1490,1317189600
35,1437,1317205991
1217,1442,1317219274
1492,1217,1317230872
1442,1217,1317232372
1477,1495,1317245333
635,1477,1317245378
1495,1477,1317245685
1386,1404,1317259813
522,757,1317261294
1496,545,1317301805
1477,1396,1317316298
1396,1201,1317319183
1201,1396,1317319425
1396,129,1317319722
35,1497,1317329344
35,1498,1317329374
1484,35,1317331251
309,1386,1317349882
1162,1368,1317395560
465,1386,1317413672
1386,465,1317413983
41,1500,1317488129
1500,41,1317488293
1500,823,1317490740
823,1500,1317491555
823,1348,1317520802
1348,823,1317520929
1352,823,1317569920
823,1352,1317570017
540,1487,1317588800
88,1501,1317588867
1487,540,1317589576
1473,1368,1317594379
1386,1028,1317615926
1028,1386,1317615959
1375,1396,1317624106
1386,1502,1317653581
1502,1386,1317653644
775,545,1317671898
775,1503,1317671959
775,1462,1317672045
1383,1487,1317672887
1462,775,1317675273
35,1505,1317676440
1473,545,1317676629
1302,546,1317686433
1499,1506,1317694874
1506,1499,1317694955
1506,35,1317695077
1464,1386,1317749527
1464,1383,1317749604
1477,905,1317763062
894,1386,1317829785
1386,894,1317829879
1477,546,1317837490
546,1477,1317837531
1507,1386,1317840310
1507,1508,1317869911
1508,1509,1317870104
1508,1499,1317870216
1508,1507,1317870397
1499,1508,1317870917
1053,777,1317888765
777,1053,1317889957
725,1386,1317949048
1386,725,1317949158
41,1507,1317957359
1507,41,1317957401
1386,1508,1317963466
1510,1386,1317964968
570,641,1318007146
1386,204,1318007562
204,1510,1318011340
1510,204,1318011455
775,1437,1318023670
775,1504,1318023736
1386,1507,1318027222
1383,1464,1318094598
1499,905,1318114184
1499,1394,1318122423
1386,1511,1318194426
1508,1317,1318208450
1478,347,1318209269
1487,1317,1318209356
1478,535,1318209392
1317,1508,1318211678
1508,1480,1318213353
1198,1480,1318216097
1480,1198,1318216266
1508,1386,1318217607
905,1499,1318221577
905,1477,1318221623
1480,1508,1318221786
1513,1514,1318298186
1386,1513,1318298846
1514,1513,1318298930
112,93,1318305371
641,570,1318315801
35,1506,1318322723
1217,1328,1318331044
1328,1217,1318331131
1512,1345,1318349532
1354,894,1318358314
1413,1513,1318386901
1513,1413,1318387387
1386,469,1318388458
469,1386,1318388582
1386,1464,1318391016
546,1302,1318428171
1383,1322,1318453843
112,223,1318458724
1386,722,1318551337
35,1469,1318609449
1469,35,1318610062
1469,1386,1318624182
1386,1469,1318624260
112,1,1318628902
112,28,1318628919
112,174,1318628958
112,110,1318628969
112,775,1318628990
112,1354,1318629001
4,935,1318631855
546,1517,1318649571
1517,546,1318649812
202,1518,1318657845
540,1517,1318692505
1517,540,1318692565
546,1469,1318703723
1469,546,1318703865
1317,304,1318720292
304,1317,1318720389
6,687,1318751882
112,1519,1318767413
112,61,1318767541
1519,112,1318768348
35,1517,1318769759
1517,35,1318769770
350,1386,1318785588
1386,350,1318786101
350,1517,1318790208
1517,350,1318790236
1386,6,1318812472
905,1520,1318821477
7,23,1318847945
663,665,1318865698
665,663,1318868496
1490,1386,1318896230
1386,1490,1318896322
1386,540,1318902193
1217,1462,1318926802
937,1521,1318931414
35,350,1318933668
1521,937,1318933901
350,35,1318934839
1386,545,1318961962
243,545,1318963896
1386,1522,1318989041
1353,905,1319006992
1353,832,1319023849
35,1523,1319025030
786,1386,1319047848
1383,44,1319068939
1386,832,1319128478
1451,1469,1319144606
1469,1451,1319144645
64,1473,1319158023
1473,64,1319158062
1386,1524,1319165735
1524,1386,1319165935
1456,1386,1319211380
41,718,1319223047
718,41,1319223734
1386,1525,1319229297
1386,1512,1319229798
1396,777,1319294012
353,35,1319299578
1386,1473,1319310663
1473,1386,1319311027
1473,1396,1319311410
1487,1525,1319317679
1525,1487,1319317714
1525,1396,1319317781
35,592,1319321341
1363,1526,1319322842
1526,1363,1319322916
1386,1516,1319334757
1516,1386,1319335031
1334,1527,1319337600
1363,1317,1319337604
1317,1363,1319337610
1527,1334,1319342532
1386,1392,1319410401
1334,545,1319410990
1386,1528,1319427481
1528,1386,1319427649
592,1412,1319431746
1413,1529,1319431804
1529,1413,1319431825
1412,592,1319431884
1413,1386,1319464619
1386,1413,1319465581
1525,35,1319471585
1396,1530,1319479251
1530,1396,1319479366
309,1201,1319488168
1317,1529,1319498414
1529,1317,1319498502
1473,1531,1319507135
1473,1524,1319507160
1524,1473,1319507258
1531,1473,1319507490
1217,243,1319528323
1529,1532,1319548317
13,1533,1319549347
1533,13,1319549452
35,1533,1319562204
1533,35,1319562224
243,775,1319571269
243,1217,1319571322
1396,535,1319572373
309,1363,1319596453
1531,280,1319602990
35,1534,1319617805
1317,1412,1319617836
1412,1317,1319617958
1353,1352,1319633279
1352,1353,1319633356
1353,1396,1319637619
882,1396,1319638381
1386,1412,1319659376
1396,1525,1319739317
1520,905,1319747835
905,1535,1319748023
1535,905,1319748531
1535,1396,1319749401
1317,1386,1319755951
1386,167,1319761695
1525,1386,1319769207
1412,1386,1319773649
1386,1536,1319777006
35,1525,1319780903
7,1386,1319831636
13,1537,1319834201
1537,13,1319834349
1353,1538,1319836394
1538,1353,1319836427
1352,1487,1319844589
1487,1352,1319844752
1352,35,1319867377
35,1352,1319867686
35,1539,1319872348
35,1540,1319872361
1353,1383,1319890666
1396,1353,1319905398
1396,1244,1319905997
1244,1396,1319906030
1348,1463,1319947521
1463,1348,1319947654
1396,628,1319987039
628,1396,1319987051
1245,1383,1320021876
1383,1245,1320022409
1317,1541,1320031048
1541,1317,1320031070
1348,1542,1320042768
1542,1348,1320042871
1352,465,1320045958
465,1352,1320046051
1543,1396,1320066584
1543,1217,1320066607
1543,1525,1320066617
1543,1512,1320066666
1543,1544,1320077898
1544,1543,1320078098
660,1545,1320097728
1386,1546,1320098249
1546,1386,1320099018
35,1547,1320145008
35,1548,1320145019
35,1544,1320145147
1544,35,1320153756
1548,35,1320172895
1547,35,1320184342
1217,1549,1320254874
775,1550,1320256659
775,1478,1320256817
1550,775,1320260976
775,1539,1320264266
1539,1520,1320282895
1539,775,1320283417
104,1490,1320291204
1490,104,1320291280
104,1551,1320292309
1551,104,1320296738
35,1552,1320313837
1217,1543,1320318096
1478,1539,1320318638
1539,1478,1320318639
1552,35,1320325574
1548,1544,1320325891
1544,1548,1320331740
1478,775,1320397490
1217,36,1320401956
36,1217,1320403020
1217,1550,1320403426
1543,1539,1320430662
1368,545,1320430703
1386,1553,1320445126
1553,1386,1320445169
1412,1334,1320477833
1525,1543,1320515229
1386,1353,1320517979
1525,1334,1320518589
1334,1525,1320518608
1541,1,1320536410
1,1541,1320536477
1526,1334,1320543220
1334,1526,1320543254
1334,1396,1320548103
1396,1554,1320548733
1520,1334,1320551656
1317,1352,1320563066
802,1555,1320614411
1555,802,1320614452
1334,1548,1320621671
1548,1334,1320621883
592,35,1320664827
1520,1556,1320680927
1353,1386,1320681229
1556,465,1320681843
1,1557,1320692084
1557,1,1320692177
35,1558,1320697365
1557,1548,1320704335
184,1334,1320709577
1334,184,1320710280
35,1557,1320711507
1404,1386,1320727456
1557,35,1320755812
1549,1217,1320757905
1386,1352,1320762365
1539,1543,1320766696
1317,1487,1320774235
1396,35,1320775031
35,1396,1320775184
1539,1548,1320784909
1539,1386,1320784961
1548,1539,1320785052
1386,1539,1320785859
37,1334,1320787599
1334,37,1320787629
1520,1539,1320789942
1383,37,1320791647
37,1383,1320791809
1383,1557,1320799249
178,1464,1320826285
573,1559,1320826701
1559,573,1320828106
1521,1548,1320855779
1520,1541,1320863464
1541,1520,1320863519
1348,1383,1320864587
1383,1348,1320864902
35,1560,1320869426
35,1561,1320869458
1383,1562,1320870589
41,1512,1320875306
1383,1548,1320881948
1548,1383,1320882195
1,1386,1320897150
1375,1519,1320911833
1519,1375,1320912605
1521,1383,1320918139
1539,1562,1320922125
1562,1539,1320922494
1396,1539,1320927199
1539,1396,1320927207
1548,1557,1320934382
1548,1564,1320934442
1512,41,1320948414
1383,1521,1320950159
35,1383,1320952687
1383,35,1320952688
1383,1369,1320953497
1369,1383,1320953662
1217,1383,1320958350
540,1348,1320994476
1348,540,1320994674
1512,1386,1321031850
546,1548,1321041084
1548,546,1321041167
1502,1396,1321050148
1560,35,1321052594
1334,64,1321060950
64,1334,1321061316
1348,1568,1321062293
1568,1348,1321062437
1569,1568,1321065385
1568,1569,1321065419
1568,1386,1321069081
1396,1555,1321133135
1555,1396,1321133147
1562,1570,1321149815
1570,1562,1321150115
1383,1571,1321152935
7,1525,1321159614
1525,7,1321159938
1567,545,1321189998
134,1572,1321210737
134,1,1321212238
1,134,1321212290
1,350,1321218985
350,1,1321219055
1529,469,1321221880
469,1529,1321221884
775,1573,1321223007
540,786,1321225049
786,540,1321225274
1478,1383,1321244897
1555,1575,1321277073
1575,1555,1321277363
1573,775,1321294383
1566,1529,1321305091
1529,1566,1321305136
1570,1577,1321307100
1566,1544,1321318638
905,1578,1321355271
1383,1579,1321373838
1579,1383,1321373973
1544,1566,1321378947
1566,1543,1321383037
1548,1521,1321385904
1543,1566,1321392185
1562,1580,1321393106
1580,1562,1321393348
1543,1574,1321403767
1574,1543,1321403882
1396,41,1321410719
41,1396,1321410793
1556,1542,1321416913
1542,1556,1321417006
1478,1352,1321417908
35,1581,1321431015
1581,35,1321450138
1543,1582,1321467961
1582,1543,1321470708
1566,1583,1321480187
1583,1566,1321480359
1,1353,1321484568
1353,1,1321484820
1317,1584,1321485135
1584,1317,1321485233
1396,882,1321485483
1520,1317,1321504268
1317,1520,1321504380
1576,1585,1321508982
1585,1576,1321509506
1386,1526,1321515488
1526,1386,1321515559
1543,1585,1321522693
775,1354,1321530491
775,1217,1321530531
775,112,1321533356
1566,1586,1321567084
1586,1566,1321567355
1566,1587,1321616714
1566,1588,1321621930
1588,1566,1321622186
873,35,1321625867
1585,1589,1321626592
35,873,1321635483
1579,1590,1321645571
1590,1579,1321656118
1301,1334,1321742387
1396,1574,1321743038
1536,1386,1321829581
775,1562,1321830732
35,1593,1321833232
35,1594,1321833242
1562,775,1321870193
1386,550,1321913887
550,1386,1321914049
937,1317,1321950171
1317,937,1321950172
1593,35,1321956493
1566,1322,1321966601
1322,1566,1321966949
1566,1596,1321980144
1596,1566,1321980203
546,1596,1321991174
1596,546,1321991266
1502,905,1321993160
1596,1386,1321993341
1566,1597,1321996805
1597,1566,1321997062
1386,1596,1321997957
1574,1396,1322000558
1386,1574,1322002851
1568,1598,1322006334
1317,1599,1322006601
1566,1598,1322012319
1598,1566,1322012404
1593,1555,1322047033
1555,1593,1322047055
1572,1600,1322049770
35,1601,1322074416
1566,1595,1322082668
775,1602,1322084043
1386,786,1322084140
1602,775,1322084188
6,1386,1322088614
1585,1603,1322096221
1603,1585,1322096283
1478,1604,1322101769
1604,1478,1322120705
1593,1566,1322138189
1566,1593,1322138236
1555,1606,1322157471
1386,1555,1322158054
1606,1555,1322159005
1605,35,1322176007
353,1605,1322180943
1605,353,1322181130
1601,35,1322192645
1354,775,1322206277
1555,1605,1322220160
1605,937,1322220342
937,1605,1322220369
1605,1555,1322220376
1574,1386,1322226949
1317,905,1322256142
905,1600,1322263939
1543,1529,1322291036
1555,225,1322301371
225,1555,1322301842
1566,1605,1322316358
1605,1566,1322316504
1383,1568,1322340928
1568,1383,1322340975
1568,1608,1322342050
1608,1568,1322342225
1585,545,1322415709
1585,41,1322447520
41,1585,1322447532
41,1348,1322454731
1348,41,1322454833
353,1609,1322459268
1609,353,1322459362
1386,41,1322460389
1473,566,1322467293
1539,545,1322487159
1585,1610,1322500293
1610,905,1322500319
1610,1585,1322500351
1562,266,1322506692
266,1562,1322506711
1566,1611,1322517702
1611,1566,1322518235
1611,1579,1322518648
7,80,1322524170
1478,1611,1322526076
35,1492,1322527383
1609,937,1322552448
1611,1478,1322588909
35,1613,1322593606
35,1597,1322593641
1386,4,1322613381
4,1386,1322613940
1566,1576,1322654955
1613,35,1322678544
546,1245,1322695013
1245,546,1322695263
1566,1607,1322697136
1562,1526,1322725255
1526,1562,1322725359
1566,1614,1322746511
1614,1566,1322746784
35,1615,1322753621
309,1316,1322758128
1386,1316,1322759267
1585,1316,1322759385
1316,1585,1322761524
1562,1608,1322774154
1608,1562,1322774887
1383,1576,1322779094
775,1179,1322783743
1317,1616,1322790970
1616,1317,1322791021
1616,1499,1322794058
1281,1617,1322797307
1617,1281,1322797450
1515,35,1322824968
35,1515,1322825084
1179,775,1322839488
1179,545,1322839602
1566,353,1322854528
1591,1566,1322859575
1566,1591,1322859579
41,1386,1322877388
1568,1618,1322891204
1618,1568,1322891423
35,1618,1322894645
1618,35,1322894690
1334,1618,1322899036
1618,1334,1322899104
546,1334,1322949293
546,1386,1322949372
1566,1619,1322956363
1619,1566,1322956690
1566,4,1322958147
1522,1386,1322958279
1566,1522,1322960878
1522,1566,1322960892
1618,25,1322961904
1568,1334,1322962074
1317,1620,1322962968
1568,1607,1322964726
1568,1585,1322965209
1585,1568,1322965287
1317,537,1322965990
1317,1621,1322966857
1621,1317,1322966932
1585,1621,1322967872
1621,1585,1322968705
4,1566,1322970543
537,1585,1322973819
537,1317,1322974087
1618,1383,1322976194
1585,861,1322977723
1317,1,1323027807
1620,437,1323029748
1566,1618,1323034863
1217,1622,1323078451
1517,1290,1323116615
1386,1517,1323123144
1607,1568,1323138529
1517,1386,1323142967
1386,1623,1323143369
537,7,1323147286
7,537,1323147460
1348,35,1323157215
35,1348,1323157366
1217,1615,1323168852
1290,537,1323204460
537,1290,1323204750
1620,1317,1323223953
1383,1623,1323224000
1623,1383,1323225179
1623,1386,1323243284
1620,1624,1323268825
1592,775,1323274199
1566,1625,1323277785
1595,1566,1323278512
1217,1492,1323283803
1562,1217,1323284169
353,1566,1323290916
1625,1566,1323290959
1555,1591,1323292509
1162,1555,1323292633
1555,1162,1323292663
537,135,1323318493
135,537,1323318520
135,1585,1323319588
1566,1626,1323346609
1626,1566,1323346637
1622,1217,1323358086
35,1627,1323358140
1627,35,1323359690
1555,1487,1323376050
1487,1555,1323376110
353,1562,1323376464
1562,353,1323376473
1555,1348,1323376704
1348,1555,1323376746
1487,1628,1323390076
1487,1518,1323391747
1628,1487,1323391928
1386,1518,1323392120
41,10,1323397729
1628,1629,1323398058
10,41,1323398450
1629,25,1323398651
1290,1631,1323442691
1631,1290,1323442950
1566,592,1323446233
592,1566,1323446236
1585,537,1323456128
1624,1620,1323458710
546,1632,1323473673
1632,546,1323473796
41,1633,1323489255
1633,41,1323489851
1386,1634,1323494795
1634,1386,1323494883
178,1386,1323497201
1386,178,1323497226
178,1,1323497250
178,1201,1323497283
775,1592,1323553127
775,1635,1323553294
1499,1636,1323555770
1334,1636,1323555942
1290,1636,1323555946
1626,1636,1323556026
184,96,1323558421
1,178,1323560232
1396,1473,1323561150
96,184,1323561520
1618,1566,1323575960
1386,184,1323586186
35,1625,1323598935
7,545,1323609246
1635,775,1323640818
1317,1585,1323660180
1585,1317,1323660367
1386,1585,1323662852
546,1637,1323710065
1637,546,1323710111
1566,896,1323712770
537,1566,1323712967
1363,1639,1323713983
1639,1363,1323714063
35,1640,1323714674
1386,1628,1323727577
1628,1386,1323728407
1566,621,1323736507
621,1566,1323736641
41,1,1323744945
1562,1628,1323748037
1628,1641,1323749550
1628,1562,1323749860
1566,1451,1323778345
1451,1566,1323778373
1641,1628,1323779680
1585,1642,1323789042
1642,1585,1323789092
899,1643,1323799971
899,1566,1323801753
1566,899,1323801802
1637,1585,1323806338
1585,1637,1323806359
1515,1566,1323808550
1566,1515,1323808583
1566,537,1323808617
1053,1565,1323813855
1565,1053,1323813905
1053,1628,1323815581
1585,1403,1323832654
1526,1644,1323834724
1348,537,1323841002
537,1348,1323841048
1644,1526,1323858285
1644,545,1323858319
35,1644,1323861545
1565,1645,1323884031
1645,1565,1323884302
1217,1562,1323898978
1548,1386,1323900915
1386,1548,1323901146
1369,1386,1323915905
1386,1369,1323916142
1541,25,1323917484
6,537,1323920006
537,6,1323920028
64,304,1323922485
1628,1053,1323923683
1566,1646,1323965522
1640,35,1323976888
1566,1634,1323986944
1634,1566,1323987028
1396,1502,1323988111
1566,1527,1323989608
1527,1566,1323989627
178,1647,1323992519
1576,1566,1323995561
1566,1648,1323998669
1648,1566,1323998689
905,1201,1324005846
1201,905,1324005893
592,1,1324013210
1,592,1324013224
1353,1478,1324042079
1386,1647,1324050947
1555,1566,1324061956
1566,1555,1324061985
1591,1555,1324062549
1487,304,1324064254
1478,1353,1324080296
1053,537,1324090752
537,1053,1324090780
7,125,1324093698
1386,1629,1324094390
125,7,1324094397
35,1651,1324123115
1487,1647,1324153992
1566,1222,1324228948
1222,1566,1324231523
775,1653,1324251730
1317,6,1324260622
6,1317,1324260661
1566,1394,1324262435
1629,1585,1324268950
1585,1629,1324268999
7,1629,1324276905
1629,7,1324277067
35,1654,1324286088
35,1655,1324287280
1654,35,1324296451
184,1620,1324306921
1566,1654,1324307385
1654,1566,1324307949
1566,546,1324320165
546,1566,1324320189
1566,6,1324322191
6,1566,1324322271
1562,537,1324324405
537,1562,1324324437
1348,545,1324338557
1585,1566,1324342673
1566,1585,1324343569
1492,35,1324374326
1421,1386,1324378644
1655,35,1324382717
1566,1655,1324385537
1655,1566,1324385787
1386,1421,1324389680
1566,1659,1324391767
1566,1660,1324404021
1566,1316,1324404378
359,1510,1324405556
905,1566,1324406685
1566,1245,1324406919
1245,1566,1324407287
1566,41,1324418463
41,1566,1324423540
1629,1661,1324423542
1661,1629,1324423563
1612,1386,1324427743
1386,1612,1324427750
1585,1386,1324432271
1386,1662,1324434741
522,1543,1324437412
1543,522,1324437473
1568,1663,1324445617
1630,545,1324456906
1566,1575,1324469426
1575,1566,1324469499
35,1664,1324490168
1664,35,1324490449
1566,1665,1324498229
1665,1566,1324501238
1576,1565,1324504663
1565,1576,1324504705
363,1636,1324506586
1566,1666,1324509262
1666,1566,1324509327
1665,1636,1324509943
1636,1665,1324510132
647,309,1324516616
1386,1496,1324517723
1496,1386,1324517849
882,1386,1324529979
1615,1654,1324538469
1281,1217,1324547087
1566,1252,1324565328
1252,1566,1324565374
1566,1668,1324565792
1668,1566,1324566229
4,1664,1324567719
1664,4,1324568248
1664,1566,1324578971
1566,1664,1324589729
1281,1668,1324591477
775,1669,1324593893
1217,1669,1324596592
1217,1437,1324596651
1668,1281,1324605207
1317,1612,1324608349
1612,1317,1324608354
1585,1670,1324616363
935,1562,1324618104
1562,935,1324618419
1670,1585,1324650027
1671,1615,1324653982
1654,1615,1324657865
1654,1655,1324662503
1585,64,1324662640
64,1585,1324662678
1655,1654,1324664078
35,1672,1324667478
35,1657,1324667487
35,1649,1324667497
1672,35,1324667574
1541,905,1324668837
1615,1655,1324672909
1566,1615,1324673954
1566,1673,1324677399
1673,1566,1324677622
1662,1541,1324690650
1541,1662,1324695787
1636,1657,1324695911
1670,1383,1324695937
1657,1636,1324696016
1636,1667,1324696258
1566,905,1324702205
1566,1396,1324741809
1670,1674,1324758726
1674,1670,1324758813
540,1317,1324763464
1317,540,1324763469
905,184,1324771011
184,905,1324771103
1636,184,1324772714
1667,1636,1324780654
1386,1675,1324831946
1675,1386,1324832424
1348,579,1324844969
579,1348,1324845180
1334,1675,1324855542
1675,1334,1324855623
1670,1675,1324856274
1674,1672,1324859800
1672,1674,1324860098
353,1412,1324863222
1412,353,1324863271
1636,579,1324866564
579,1636,1324867513
1386,1676,1324871075
1676,1386,1324871193
579,353,1324873679
353,579,1324873713
1403,1585,1324875436
1657,1566,1324875617
1647,178,1324906928
1566,1677,1324921092
1676,1636,1324936814
1636,1676,1324936817
1629,1664,1324949028
1629,1670,1324950251
1670,1629,1324950302
882,1334,1324970239
35,1678,1324994362
1678,35,1324998799
1566,1612,1325000775
1612,1566,1325000776
1607,1566,1325010942
1566,1541,1325021964
1334,1667,1325027218
1667,1334,1325027258
1670,1679,1325027259
1679,1670,1325027268
1317,1658,1325042050
184,1317,1325050571
1317,184,1325050717
592,4,1325059719
4,592,1325063002
1555,1595,1325070834
1437,1669,1325095111
540,1566,1325106914
1566,540,1325106921
905,1629,1325113653
1566,1675,1325115164
1675,1566,1325115281
1675,1317,1325115287
1317,1675,1325115312
1053,7,1325117789
1566,1053,1325127547
1053,1566,1325127669
1487,1585,1325128124
1585,1487,1325128199
7,1596,1325137743
1596,7,1325137814
1556,1543,1325161426
1615,775,1325171141
1396,1681,1325174423
1681,1396,1325174668
1596,1487,1325177689
1487,1596,1325177699
775,1615,1325182795
1386,1682,1325189235
1682,1386,1325189600
1566,1683,1325193281
1683,1566,1325193769
579,13,1325195937
13,579,1325196019
579,1334,1325215135
1334,579,1325215169
1317,1677,1325221861
1053,579,1325221891
579,1053,1325221992
1684,1685,1325254871
1591,1565,1325261697
1565,1591,1325261771
775,1686,1325267244
537,1687,1325267660
1677,1317,1325268849
1566,1620,1325292675
1585,1676,1325301575
1676,1585,1325301618
1396,1672,1325304037
1672,1396,1325304327
1672,57,1325359352
1629,1396,1325370256
1318,827,1325389795
1596,1584,1325394256
1584,1596,1325394329
1595,1555,1325434357
1396,1687,1325443802
1396,1629,1325443874
1687,1396,1325444198
1564,1548,1325444923
7,1665,1325454845
1665,7,1325455264
1676,1688,1325473671
1688,1676,1325473783
1636,1689,1325484548
1689,1636,1325484582
1386,1636,1325484965
1636,1386,1325485040
283,1556,1325488179
1556,283,1325488769
1317,1128,1325489957
1128,1317,1325490018
1688,1317,1325510368
1317,1688,1325510586
1690,1566,1325529589
35,1691,1325537086
1691,35,1325537389
1647,1502,1325541957
1502,1647,1325542751
1555,1499,1325546980
1499,1555,1325548360
1689,1,1325551509
1690,1,1325551556
1629,1628,1325551876
1566,1690,1325553456
1386,1692,1325586229
1692,1217,1325586595
1690,25,1325602259
1692,1647,1325603538
905,1647,1325604706
647,1647,1325605298
1585,1396,1325628991
1281,1615,1325698086
1615,1281,1325698230
1611,722,1325704593
1647,309,1325706052
1615,1692,1325725804
1650,1615,1325727841
1615,1650,1325728315
546,1693,1325730532
1629,104,1325731276
1,57,1325731951
1693,546,1325732465
104,1629,1325739151
905,1487,1325739698
1692,1615,1325754374
1655,1615,1325777730
35,1694,1325778321
35,1629,1325778652
1629,35,1325779305
905,1591,1325781733
1655,1690,1325781881
15,93,1325782726
15,1453,1325782910
93,96,1325784366
96,93,1325784421
1566,523,1325787607
1442,775,1325787961
523,1566,1325788862
1620,1566,1325788942
1629,1696,1325792809
1696,1629,1325793259
64,189,1325810660
1629,1487,1325813729
1487,1629,1325813767
1490,937,1325825514
937,1490,1325825527
1529,1697,1325852492
1697,1529,1325853178
1566,1698,1325858849
1698,1566,1325858963
363,1566,1325871969
1566,363,1325871999
1591,1386,1325887268
1386,1591,1325891398
1543,1556,1325891959
937,1609,1325906245
1639,1566,1325911022
1543,1693,1325932017
35,1699,1325937232
7,1316,1325965759
1316,7,1325965839
1658,1317,1325975629
1700,1396,1325983582
1701,1702,1326014994
1702,1701,1326015042
1620,184,1326027082
184,1585,1326033587
1669,1703,1326036386
1662,1701,1326042196
174,1701,1326047535
1701,174,1326047627
1703,1669,1326053458
1700,522,1326061836
522,1700,1326061867
903,1704,1326070590
1704,903,1326070933
540,7,1326085154
7,540,1326085210
1396,1702,1326098156
1702,1396,1326098159
35,1702,1326104756
1591,1383,1326125845
353,1585,1326125884
1585,353,1326125900
1383,1700,1326155349
1700,1383,1326155372
905,537,1326175093
913,537,1326182520
537,913,1326182548
1396,913,1326186899
913,1396,1326186950
1396,1706,1326187032
1566,1639,1326217211
1396,1348,1326221404
1386,353,1326222515
353,1386,1326222537
1348,1396,1326224502
1568,1707,1326245063
1707,1568,1326245158
1700,1708,1326250885
1708,1700,1326251170
104,882,1326259044
35,1709,1326262451
1699,35,1326263720
1686,1615,1326294512
1615,1686,1326294579
1686,1566,1326295192
1566,1686,1326295243
1591,1710,1326304553
1710,1591,1326304609
1562,1650,1326315724
1650,1562,1326315896
1568,1546,1326331270
1546,1568,1326331564
1585,1609,1326345492
1657,1281,1326356980
1541,1383,1326374874
1541,1566,1326374905
1541,1386,1326374953
1615,1705,1326385364
1386,1396,1326389101
1555,1,1326396305
1,1555,1326396349
1386,537,1326411209
1386,1529,1326411238
309,1675,1326418421
7,1702,1326432235
1657,1383,1326435447
1383,1657,1326435695
1615,1630,1326448043
1615,1595,1326454096
1566,1712,1326466305
359,1566,1326477569
1701,1396,1326487588
1396,1713,1326516923
1018,1714,1326523188
1714,1018,1326523253
1576,1715,1326569924
1715,1576,1326570260
1568,1716,1326577510
64,1386,1326580497
64,1353,1326580514
1499,1714,1326582007
1714,1499,1326584391
1562,1629,1326587835
1629,1562,1326587972
1562,1615,1326588733
775,1465,1326649059
57,1566,1326655247
1568,1718,1326659682
1718,1568,1326659726
1566,359,1326670542
1566,57,1326670561
1568,905,1326681101
1712,1566,1326724338
35,1721,1326742933
1717,775,1326790447
1615,1562,1326792144
1465,1723,1326811918
39,415,1326812066
1723,1465,1326812467
35,1724,1326816436
1724,35,1326816531
1566,1725,1326816732
1725,1566,1326817435
1383,1726,1326825804
1726,1383,1326826028
1595,1615,1326833139
1396,1674,1326836430
1396,1700,1326836565
36,1,1326839793
1,36,1326840244
1674,1396,1326843873
1674,1334,1326844111
1562,1490,1326846521
1490,1562,1326846783
1,1727,1326863467
1727,1,1326863489
1465,775,1326873887
1539,1281,1326897324
1539,1728,1326899895
1591,1724,1326917824
775,523,1326923717
775,1281,1326924937
775,1717,1326926591
1650,1729,1326929146
1729,1650,1326929200
304,1383,1326942617
1383,304,1326942703
1317,1502,1326947754
1502,1317,1326947897
1693,1502,1326947951
1502,1693,1326947970
1502,1714,1326951742
1714,1502,1326951813
1201,1615,1326993101
1615,1201,1326993116
1566,1565,1326998480
1566,1657,1327008100
1562,1555,1327008401
1555,1562,1327008473
309,882,1327013065
309,1383,1327013163
1644,35,1327024069
1201,64,1327036490
1714,1154,1327046614
1585,1555,1327083456
1555,1584,1327083750
1584,1555,1327083908
1201,1690,1327085833
1317,1453,1327090442
592,1585,1327092488
1585,592,1327092521
35,1732,1327094894
1732,35,1327095013
1317,1693,1327095215
359,1733,1327095673
1693,1317,1327096484
1334,1674,1327099238
35,1733,1327100558
35,1734,1327100567
1728,1735,1327101392
1562,1736,1327117674
1736,1562,1327117842
7,304,1327142574
184,1733,1327149222
1669,1737,1327150456
1396,905,1327165271
1736,493,1327170225
493,1736,1327171388
1487,1693,1327188921
1386,1245,1327189156
1245,1386,1327189203
1386,1562,1327190508
1562,1386,1327190938
1736,256,1327200182
256,1736,1327200200
905,1738,1327203769
1738,905,1327204087
1736,1739,1327234435
1499,1317,1327246375
1281,1664,1327246502
7,1664,1327248196
523,775,1327248971
1317,1499,1327259924
1664,1281,1327266208
1736,1334,1327269621
1629,1736,1327273234
1334,1736,1327273967
1568,1740,1327282483
1386,1727,1327283344
1740,1568,1327283386
1727,1386,1327283581
537,1201,1327285439
1571,1383,1327292634
1736,1731,1327295852
1731,1736,1327295862
1675,1348,1327300954
1348,1675,1327301078
35,1741,1327316833
1742,832,1327342767
1738,1245,1327350150
1245,1738,1327350164
1731,1582,1327350382
1562,861,1327355200
1629,1693,1327369904
1693,1629,1327369916
1396,1281,1327370811
415,39,1327407036
415,1281,1327407374
1281,415,1327409322
1281,775,1327409627
415,1417,1327416039
1720,775,1327424717
1741,35,1327427230
1417,415,1327442291
592,1352,1327445207
1352,592,1327445217
546,537,1327445239
415,95,1327445692
537,546,1327446085
415,257,1327446583
1,1352,1327446649
540,1386,1327452776
493,1743,1327462690
1366,353,1327464564
1736,908,1327501190
908,1736,1327501203
1565,1736,1327515410
1736,1565,1327515542
592,1386,1327517364
1386,592,1327530123
1727,905,1327536761
1615,1711,1327543866
1629,1386,1327544000
1711,1615,1327556455
1201,1747,1327560788
1396,1747,1327562959
1747,1396,1327563179
1693,1556,1327599249
1556,1693,1327599322
1487,1,1327603739
1,1487,1327604119
36,1748,1327609090
1748,36,1327610522
1746,1686,1327631600
1746,861,1327634510
1,120,1327641203
1,1749,1327700513
1576,1383,1327722911
1556,545,1327761600
1490,1334,1327789731
1334,1490,1327789796
1750,1334,1327789809
1366,1201,1327804479
537,1366,1327806601
1562,1690,1327811580
1657,1731,1327811747
1629,1475,1327814701
1366,1751,1327819440
1751,1366,1327820879
1751,705,1327821693
705,1751,1327821750
537,1576,1327849580
1576,1752,1327858188
1752,1576,1327858396
1751,1754,1327872725
1754,1751,1327872769
1576,537,1327878677
1751,1744,1327882530
1744,1751,1327883330
1721,1744,1327890231
1629,1744,1327890759
1744,1629,1327890879
1746,1585,1327894060
1585,1746,1327894094
1744,1721,1327898716
1725,545,1327925967
1322,1744,1327938597
537,1386,1327947547
1366,363,1327955337
1527,1752,1327964251
1752,1527,1327964281
41,304,1327977151
1756,1744,1327979347
1757,1744,1327981703
1744,1757,1327989219
1366,822,1328004038
1756,1585,1328027479
178,1758,1328030785
1756,822,1328033212
1758,178,1328033215
1759,1591,1328043914
41,1591,1328044624
1615,1735,1328049098
1585,1756,1328050997
905,1756,1328052138
1487,1756,1328052271
1744,1756,1328056037
1562,1756,1328058350
1499,1396,1328068056
1674,1714,1328078840
1685,1684,1328079600
1685,1662,1328079675
1754,1675,1328092622
1675,1754,1328092657
1591,41,1328107663
1591,222,1328107714
1591,1695,1328107723
1591,1759,1328107732
546,1744,1328112527
1591,905,1328112540
1744,546,1328112789
1591,1756,1328115217
1615,1760,1328115405
1760,1615,1328123235
540,1591,1328127924
1591,540,1328128461
36,1745,1328129693
1745,36,1328130445
1281,1539,1328142187
304,1386,1328156807
1761,36,1328196355
36,1615,1328199957
1615,36,1328200063
1565,1583,1328218227
1583,1565,1328218375
1317,1615,1328237625
1317,1762,1328250593
1762,1317,1328250701
1317,535,1328250976
1714,535,1328250986
1762,1526,1328255452
1526,1762,1328255542
1744,1476,1328272626
1585,1657,1328275977
1744,1763,1328288521
1245,1754,1328294673
1754,1245,1328295479
1755,1744,1328297548
1765,1752,1328302915
1555,425,1328303013
425,1555,1328303026
36,1761,1328306359
1674,1766,1328321025
1766,1674,1328321156
1383,1767,1328331817
1767,1383,1328331833
1615,1768,1328352622
1768,1615,1328352643
1763,1744,1328362230
1752,1222,1328373449
1222,1752,1328374105
1758,1386,1328377038
178,1770,1328381869
1770,178,1328381885
905,1317,1328406123
1396,1763,1328407213
1763,1396,1328407314
1689,1771,1328412529
1201,425,1328418425
425,1396,1328418688
1396,425,1328418711
1762,1771,1328422999
1585,1714,1328424829
1754,1771,1328430339
35,1755,1328441260
1615,1465,1328450695
1615,1671,1328450772
1690,1769,1328454044
1744,1539,1328460008
1744,1556,1328460143
1556,1744,1328460410
1693,1512,1328463127
41,1562,1328469487
1714,1735,1328470695
1735,1714,1328471558
1714,1674,1328474895
1555,1576,1328475611
1576,1555,1328475732
1539,1693,1328476347
1657,1576,1328479152
1576,1657,1328479342
1386,1674,1328498398
1674,1386,1328498627
178,1772,1328516365
1771,178,1328516692
592,1562,1328560727
1562,592,1328560739
363,905,1328561336
905,363,1328561452
1562,350,1328561797
350,1562,1328561820
1562,36,1328562785
1383,1773,1328569516
1773,1383,1328569564
1773,1693,1328569608
178,1771,1328573657
1744,1775,1328583999
1775,1744,1328584372
1490,1775,1328589361
425,25,1328605857
1771,25,1328605878
1465,1615,1328624638
1754,1776,1328645747
425,1366,1328647407
1366,425,1328647432
425,4,1328652566
1693,537,1328653367
1666,1777,1328655355
1612,1383,1328659544
1771,204,1328660848
1396,1772,1328665278
1714,1585,1328672819
1556,1771,1328675664
1771,1556,1328675993
1744,905,1328691002
36,1562,1328691349
1366,1512,1328721468
1512,1366,1328721655
1555,1778,1328725820
1555,1693,1328725910
1778,1555,1328728250
1690,1562,1328732379
1562,1730,1328737034
1562,1744,1328738136
1555,1744,1328739204
1744,1555,1328739256
1744,1562,1328739552
1366,1722,1328741525
1722,1366,1328741533
1744,1780,1328745938
1780,1744,1328746046
1366,961,1328746081
961,1366,1328746346
1744,1740,1328752090
1386,1317,1328753754
1722,1317,1328754025
1317,1722,1328754117
1740,1744,1328758682
1771,1757,1328765273
340,1764,1328820457
340,917,1328820582
1779,1744,1328826264
1771,1782,1328838642
592,1693,1328840008
1693,592,1328840047
4,425,1328843186
1782,1771,1328843740
1778,905,1328856804
35,1784,1328908426
104,1396,1328908770
1217,1785,1328909426
1785,1217,1328909574
35,1786,1328911252
1786,35,1328911323
1779,1787,1328916913
1787,1779,1328916944
1744,1779,1328935913
1784,732,1328954536
1784,1771,1328955154
1784,35,1328955163
304,1754,1328996060
1730,1562,1329003050
1396,545,1329009155
1689,304,1329024949
304,1689,1329024968
178,25,1329025083
1736,1556,1329027339
1777,1666,1329027357
1556,1736,1329027448
1771,1,1329027800
1771,1317,1329027889
425,1744,1329029936
1693,1789,1329030721
1789,1693,1329030739
1789,178,1329030854
178,1693,1329030880
178,1789,1329030941
1771,1754,1329041455
1771,1788,1329053093
1788,1771,1329053201
1788,35,1329055247
1754,1790,1329057837
1790,1754,1329067487
1437,1792,1329080559
1792,1437,1329081600
1778,1791,1329084646
304,1794,1329101616
1736,1788,1329104558
1788,1736,1329104789
1693,1744,1329144549
1744,1693,1329145343
732,1765,1329155373
1765,732,1329155478
1765,35,1329157331
35,1796,1329168781
1796,35,1329169265
1744,1245,1329169709
1245,1744,1329169822
1744,1322,1329171650
1,1693,1329181544
353,1366,1329191323
178,1797,1329194407
1797,178,1329194496
1317,1714,1329194523
35,1788,1329203360
1797,35,1329206101
1797,1744,1329207445
1386,1725,1329211841
1615,1798,1329220774
1798,1615,1329221646
1771,304,1329225563
304,1771,1329225679
1383,1725,1329229990
1790,1771,1329242967
1771,1790,1329243777
1788,1799,1329248248
1799,1788,1329248952
1383,363,1329258348
722,1611,1329258453
1576,1771,1329264165
1771,1576,1329266135
1702,7,1329288592
93,1744,1329295813
1744,93,1329296080
1771,1800,1329297352
1800,1771,1329297384
1487,1565,1329318289
1565,1487,1329318299
1693,1585,1329327971
1585,1693,1329328025
1792,775,1329339402
540,1799,1329345403
722,1366,1329345971
722,1386,1329345987
1744,1801,1329356487
1801,1744,1329356528
1693,1746,1329360401
1746,1693,1329360798
1714,1802,1329362918
1744,1281,1329374754
905,1803,1329378449
35,1795,1329390228
1795,35,1329403383
937,1677,1329408256
1677,937,1329408259
1693,1281,1329441859
1281,1693,1329441958
1675,309,1329483311
1675,1693,1329483654
1744,1675,1329483863
1185,69,1329484408
35,1797,1329485837
35,1800,1329485873
35,1386,1329488570
1386,35,1329488664
1799,1765,1329515568
1765,1799,1329515584
1677,1,1329516256
1799,540,1329518831
1765,1585,1329518905
1585,1765,1329518960
1,1245,1329521010
1245,1,1329521111
1386,1095,1329528225
1095,1386,1329528351
1746,1714,1329532675
1746,1804,1329532690
1714,1804,1329532857
1804,1746,1329532889
1714,1746,1329532893
1804,1714,1329532914
1095,1802,1329533575
1095,1680,1329536307
1334,592,1329537830
592,1334,1329537871
1771,937,1329559766
937,1771,1329559879
184,1660,1329566671
184,1662,1329566865
1771,1805,1329573938
1805,1771,1329573952
1702,35,1329579518
1776,1754,1329590409
1095,1788,1329591182
1788,1095,1329591726
1317,1776,1329600254
1776,1317,1329600280
1417,1053,1329601043
135,1334,1329606237
705,1714,1329607847
1714,705,1329607908
705,1334,1329608044
1585,1773,1329608151
1677,309,1329612916
1802,1585,1329614814
1800,35,1329640714
35,1806,1329641304
1806,35,1329641657
204,1744,1329650601
1744,204,1329650670
1744,1807,1329664692
1807,1744,1329664722
1677,1693,1329670382
1624,1806,1329671612
1281,1,1329682303
1,1281,1329682462
1744,1808,1329687323
1808,1744,1329687356
1677,1809,1329692397
1809,1677,1329692430
1809,25,1329698267
1809,1348,1329728745
1348,1809,1329728846
1771,1704,1329730758
1771,823,1329733659
304,1704,1329735020
35,1095,1329737805
1095,35,1329738161
1714,1803,1329758602
1803,1714,1329758788
1753,184,1329760184
1753,1811,1329760211
1811,1753,1329760750
1366,540,1329767069
540,1366,1329767080
1366,1714,1329767558
1714,1366,1329767589
1281,1799,1329767885
1799,1281,1329767973
775,1792,1329769858
775,1720,1329769975
1201,135,1329769995
1201,1487,1329770112
1487,1201,1329770141
1803,905,1329771893
184,1753,1329773931
1809,88,1329777198
395,1809,1329777864
1809,1464,1329777865
1334,1677,1329778177
1677,1334,1329778195
35,1812,1329781153
1744,1677,1329792883
1677,1744,1329792914
1281,1771,1329796919
415,1771,1329798771
1809,1813,1329801511
1813,1809,1329801577
1809,777,1329812251
1771,722,1329814433
722,1771,1329814500
1585,25,1329816993
1201,178,1329852342
1366,1802,1329858454
353,1383,1329861452
1802,1366,1329866561
1615,1814,1329869248
1814,1615,1329869367
1585,174,1329869874
1771,905,1329871820
174,1585,1329871843
1334,1034,1329897887
1034,1334,1329897890
35,1808,1329902350
1677,1499,1329925673
1499,1675,1329933406
1675,1499,1329933474
1317,1366,1329954958
1366,1816,1329970693
1816,1366,1329970719
1585,882,1329973913
1693,1817,1330013237
1817,1693,1330013281
1812,35,1330018480
1366,1818,1330026194
1818,1366,1330026293
1555,1764,1330031172
1764,1555,1330031284
1764,340,1330042992
1568,1366,1330050464
1714,1819,1330050572
1366,1568,1330050825
1386,1731,1330052039
1731,1386,1330052052
592,1714,1330056728
1714,592,1330056753
1568,1788,1330056962
1788,1568,1330056986
1819,1714,1330063666
1334,1714,1330066500
1802,1714,1330068133
1556,36,1330092621
36,1556,1330097938
36,1821,1330113259
1366,1822,1330116427
1822,1366,1330116654
1386,1366,1330117545
1366,1386,1330117560
1386,192,1330117595
1386,1680,1330117688
1386,309,1330117715
304,363,1330121857
1765,1281,1330126519
1670,1244,1330129475
1334,1244,1330129604
1771,1731,1330131224
1201,1317,1330131719
1771,1281,1330134048
1771,1334,1330134545
1334,1771,1330134833
1317,1803,1330138983
1803,1317,1330139351
1317,309,1330140429
1352,4,1330145267
4,1352,1330146332
1185,309,1330152020
1806,1771,1330179002
1771,1806,1330179132
1555,1585,1330179670
1095,1334,1330183419
1670,1334,1330185387
1322,1383,1330190829
1334,1820,1330195328
1788,1322,1330200754
1322,1788,1330200859
465,1556,1330203702
425,1,1330219290
1386,1,1330219627
1334,1554,1330222314
425,1773,1330247474
1556,1487,1330262127
36,1774,1330275724
1585,1811,1330279401
35,1823,1330287127
1823,35,1330287177
1751,1824,1330290066
1824,1751,1330290112
1686,1746,1330291853
1686,1690,1330292197
1690,1686,1330295849
270,184,1330297591
184,270,1330297673
1771,1820,1330309811
1820,1771,1330309963
1701,1714,1330312330
1487,309,1330320831
1201,309,1330320898
1744,1825,1330341241
1825,1744,1330341271
1798,1826,1330341471
1826,1798,1330341990
1826,497,1330342047
7,1686,1330364319
1686,7,1330364443
1386,1565,1330371018
523,1827,1330371757
1595,1626,1330378645
1626,1595,1330378691
905,1820,1330388677
1771,1714,1330406780
1714,1352,1330414160
1352,39,1330450839
39,1352,1330450888
722,1827,1330453455
1808,1788,1330457966
1788,1808,1330458002
1753,1820,1330458652
13,1366,1330458976
1366,13,1330459077
1612,1753,1330461378
1753,1612,1330463548
1753,1788,1330466182
1788,1753,1330466384
1820,1753,1330467785
1821,36,1330469052
309,1752,1330478266
1820,905,1330481483
13,1794,1330484825
1794,13,1330485356
1,304,1330495191
1185,1828,1330514784
1828,1185,1330514819
1670,1185,1330539712
1185,1670,1330539774
1555,1386,1330554715
309,1352,1330557236
1396,1752,1330559403
1386,1334,1330566610
1690,1829,1330572044
1829,1690,1330572158
1201,1386,1330572222
1690,832,1330572226
1744,1830,1330573009
1830,1744,1330573249
905,1793,1330579531
905,1714,1330579789
390,36,1330600116
36,390,1330600184
1744,1793,1330604416
545,35,1330623778
35,545,1330623953
36,1831,1330631767
1831,36,1330632107
1753,1,1330633496
1352,1832,1330636929
1832,1352,1330637038
13,1833,1330643718
1833,13,1330643730
104,23,1330644668
1752,1757,1330658006
1757,1752,1330658018
1802,1,1330664240
1802,1386,1330664268
1,1802,1330664416
1386,1802,1330667589
35,1834,1330688017
36,1835,1330708035
1835,36,1330708168
1317,1757,1330721788
1757,1317,1330721869
35,1836,1330727499
1352,1555,1330727881
1555,1352,1330727960
905,1837,1330729966
1334,1838,1330731906
1838,1334,1330732115
1838,35,1330732674
1833,905,1330737632
1583,1810,1330748483
1810,1583,1330748683
1753,1499,1330748987
1185,1839,1330750073
1839,1840,1330750591
1839,1185,1330750917
905,1841,1330760025
1841,905,1330764961
1840,1839,1330781569
425,1840,1330797471
1840,425,1330797514
905,465,1330805418
1675,1714,1330805513
1714,1675,1330808475
1764,1769,1330815060
1714,1839,1330823442
1839,1714,1330829325
1820,539,1330832874
539,1820,1330832947
1842,1317,1330851450
1317,1842,1330851549
1615,1842,1330855526
1769,1764,1330856226
1403,1772,1330858409
1317,35,1330859618
1769,1566,1330860802
1842,1615,1330862077
1842,1487,1330862109
1620,1584,1330877910
1584,1620,1330877974
1487,1556,1330886663
1487,1842,1330886674
1712,1843,1330889003
1844,1843,1330890996
1843,1712,1330892295
1317,1201,1330896920
135,1845,1330912462
1281,1657,1330924631
1585,1352,1330991029
1753,1782,1331002206
1782,1753,1331002815
1386,1811,1331009185
1771,13,1331011952
1,823,1331013156
1843,1844,1331048980
1,540,1331067539
1201,1846,1331071352
1565,104,1331075581
1487,1847,1331077446
1847,1487,1331077464
104,1565,1331080735
1719,1847,1331082491
1846,1690,1331085166
1846,29,1331085517
1690,1846,1331089196
13,493,1331101678
493,13,1331101773
1656,1185,1331135152
1185,1656,1331135948
1584,1662,1331141253
1352,1585,1331150811
1810,1848,1331157046
1201,25,1331157102
1848,1810,1331157779
1677,112,1331160021
112,1677,1331166461
135,905,1331171240
1829,1620,1331174686
1317,1829,1331175461
1829,1317,1331175647
1833,1752,1331175988
1317,882,1331177445
1317,1849,1331177834
1317,1850,1331185041
1850,1317,1331185076
1752,1833,1331201992
1845,1769,1331236492
1845,135,1331236523
1352,239,1331237283
1487,1512,1331245212
1512,1487,1331245813
1317,1785,1331248120
1615,1785,1331249664
546,1510,1331250989
1773,523,1331263939
1771,1851,1331264930
1851,1771,1331265054
1447,1,1331273837
1693,1510,1331295532
1548,1765,1331313971
1765,1548,1331316192
1849,1317,1331340907
1771,1852,1331345998
1852,1771,1331348264
1185,1334,1331350108
1334,1185,1331350130
304,1788,1331358013
1788,304,1331358121
1853,1771,1331365200
1487,25,1331400856
322,1854,1331409208
1487,1855,1331421227
1771,1773,1331428654
1773,1771,1331428754
1802,1348,1331434500
1693,1487,1331439062
1771,1348,1331442780
1348,1771,1331442805
1771,1856,1331443316
1856,1771,1331443351
1853,1585,1331473758
905,1677,1331477102
546,1222,1331480288
1222,546,1331480521
592,1348,1331480806
1348,592,1331480869
905,1853,1331481270
1585,1853,1331489469
1690,1853,1331491749
1785,1317,1331515556
1785,1615,1331515747
309,1,1331522877
309,905,1331523056
1,1714,1331525944
1677,1857,1331540579
7,1858,1331543166
1543,1859,1331544408
1859,1543,1331544806
1701,523,1331574727
523,1701,1331574766
1677,1245,1331582471
1245,1677,1331582515
1857,35,1331588966
35,1857,1331589094
1757,1366,1331595569
1366,1757,1331596895
1677,1860,1331598607
1860,1677,1331598802
1386,1510,1331602022
1701,1744,1331603868
1744,1701,1331603951
905,1861,1331610811
1860,523,1331614735
1861,905,1331617076
1677,1826,1331650508
1612,1771,1331650795
1771,1612,1331650959
1809,395,1331655647
1585,1512,1331659787
309,1862,1331660039
1386,1862,1331660086
309,1714,1331660181
26,1863,1331660250
1386,1714,1331660399
1487,1386,1331660820
1714,309,1331661704
1357,523,1331664771
309,1677,1331667383
1585,1546,1331669639
1863,26,1331669702
1546,1585,1331669722
1185,1864,1331671671
1864,1185,1331671786
1744,13,1331683238
13,1744,1331683244
1771,1865,1331690053
1865,1771,1331690088
882,1317,1331690502
882,1,1331690555
523,1357,1331695512
523,1867,1331695608
523,1383,1331695973
1585,304,1331697061
1866,1771,1331697725
1771,1866,1331697779
1185,1868,1331699793
35,1838,1331708784
35,1869,1331738558
1869,35,1331738832
882,1860,1331747157
1860,882,1331747272
882,25,1331750052
1686,1620,1331763845
1868,1185,1331766307
882,1870,1331774970
882,1585,1331775323
1746,1771,1331776497
1744,846,1331777183
1487,1811,1331777449
1811,1487,1331777565
846,1744,1331777746
1744,1871,1331777958
1771,1746,1331777996
1487,1383,1331778652
1317,1463,1331783651
1463,1317,1331783693
1819,1744,1331796166
1744,1819,1331796359
1771,1744,1331797954
905,1873,1331808230
1873,905,1331809037
882,905,1331822332
1771,1874,1331826391
1874,1771,1331826947
1352,1753,1331836192
1690,1875,1331849811
546,1876,1331850025
546,1348,1331850162
1348,546,1331850212
1875,1690,1331850289
1876,546,1331854053
1872,1744,1331855092
1744,1872,1331855495
1334,1744,1331856416
1744,1334,1331856451
1715,1348,1331863594
1348,1715,1331863965
1357,546,1331866973
846,1771,1331869794
1872,1771,1331869795
1771,1872,1331869858
1771,846,1331869881
1771,1871,1331870030
1871,1771,1331870139
1348,1317,1331870501
1317,1348,1331870539
1840,1482,1331872349
1482,1840,1331872526
905,7,1331888764
7,905,1331889075
415,1492,1331893456
1492,415,1331893468
1771,1765,1331894492
1765,1771,1331894573
1656,1877,1331905679
1656,1386,1331905741
1811,1656,1331905792
1539,1615,1331907188
1690,1878,1331920241
1878,1690,1331920264
1811,1512,1331924287
1512,1811,1331924443
35,1879,1331927407
1,1316,1331930345
1620,1686,1331930654
1620,1829,1331930660
1386,1620,1331931905
1639,537,1331931998
1873,1880,1331936996
1880,1873,1331937404
1873,1881,1331939104
1527,546,1331940083
546,1527,1331940089
1881,1873,1331940869
1713,1001,1331950147
1880,1771,1331950171
1771,1882,1331951551
1882,1771,1331951715
546,1880,1331956740
1873,1860,1331968135
1860,1873,1331968167
1879,35,1331995689
1318,1877,1331996915
1879,1771,1331997468
1771,1879,1331997537
1585,1883,1332001280
1883,1585,1332001843
1864,523,1332012649
309,25,1332015230
1754,1317,1332017042
1317,1754,1332017283
905,1880,1332018807
1880,905,1332018860
1317,135,1332031776
1771,1884,1332032421
1884,1771,1332032512
1107,1885,1332044008
1885,1107,1332044012
1677,1885,1332046378
539,1554,1332046869
1886,256,1332048536
1885,1887,1332049138
1556,1677,1332078783
1677,1556,1332079155
1887,1885,1332080946
1876,523,1332085662
256,523,1332096877
1317,1555,1332106579
1555,1317,1332106596
905,1888,1332108691
882,1693,1332113479
882,1888,1332114723
1885,1677,1332116778
905,1889,1332123851
1889,905,1332123869
523,1864,1332127258
57,1,1332128026
1860,1889,1332128224
1889,1860,1332128252
1889,523,1332128254
523,1860,1332128373
523,1889,1332128686
905,882,1332132342
523,1891,1332133293
1891,523,1332133417
546,1892,1332134829
1892,546,1332134838
1615,1539,1332156197
1888,882,1332165753
1860,1888,1332176371
546,523,1332176431
1860,1585,1332176497
1873,523,1332185990
1317,13,1332186883
13,1317,1332188472
35,1894,1332192131
35,1884,1332192183
1872,1873,1332193337
1873,1872,1332193409
1872,546,1332193737
546,1872,1332193771
1894,35,1332194235
1873,546,1332196084
546,1873,1332196085
1872,1840,1332197943
1840,1872,1332198070
546,1895,1332204900
1895,546,1332205010
1896,546,1332205708
546,1896,1332205776
1778,1512,1332228543
1512,1778,1332228583
1897,35,1332246302
1896,523,1332260535
1860,1778,1332269753
1465,1898,1332276076
1898,1465,1332276670
1888,905,1332289182
1566,1201,1332289656
1566,1386,1332289702
1487,1566,1332289821
1386,1487,1332289836
1317,1566,1332289885
425,1566,1332289896
1201,1566,1332289923
1693,882,1332292130
1487,905,1332301123
1629,905,1332301257
1317,1629,1332301596
1629,1317,1332301608
1755,35,1332313051
1899,1900,1332314407
1900,1899,1332314841
1900,35,1332317610
35,1900,1332317702
1744,1755,1332329115
1744,1901,1332331637
1901,1744,1332331731
13,1902,1332358960
1902,13,1332359252
1693,1366,1332360700
1366,1693,1332360717
539,1902,1332361407
1902,539,1332362033
1873,1744,1332368699
1744,1873,1332368751
1713,905,1332379019
905,1713,1332379067
1386,1769,1332384785
1512,1744,1332386591
1744,1512,1332391188
1744,523,1332391298
1774,523,1332440389
1774,36,1332442333
1686,1860,1332447001
1860,1686,1332447093
1873,1899,1332459781
1899,1873,1332460030
1,1860,1332460768
1873,1892,1332460987
1892,1873,1332461017
1744,1044,1332483586
1044,1744,1332484144
523,1675,1332496859
1675,523,1332496957
523,1903,1332497437
1903,523,1332497511
1860,1,1332508018
1765,523,1332535409
1810,1619,1332543899
1619,1810,1332544612
1771,1904,1332550695
1904,1771,1332551077
1565,1713,1332551413
1713,1565,1332551936
1896,1713,1332552250
1713,1896,1332552471
13,425,1332580507
882,178,1332612446
1844,1876,1332615575
1876,1844,1332615623
1562,1905,1332619801
1894,1900,1332672970
1900,1894,1332677820
1584,1906,1332702864
1906,1584,1332703171
905,1907,1332704524
1907,905,1332704678
1811,905,1332706479
41,537,1332706905
537,41,1332707102
1348,1802,1332708752
1906,1908,1332713060
1908,1906,1332713090
13,1909,1332713159
1909,13,1332713202
1888,1860,1332715400
135,1806,1332715964
1806,135,1332717006
13,1910,1332722473
1910,13,1332722652
1585,1911,1332724787
1396,1911,1332731260
539,1911,1332731410
1911,539,1332732386
1529,1771,1332733620
1201,1753,1332739784
539,25,1332740247
309,1753,1332740756
13,1753,1332740903
1185,1556,1332742712
1556,1185,1332745680
1769,1913,1332764716
523,1914,1332777420
1915,1281,1332777927
1915,1916,1332777958
1281,1915,1332778217
1629,1778,1332779123
1913,1769,1332779189
523,1565,1332779374
1565,523,1332779376
905,309,1332788172
905,1753,1332788442
202,1620,1332789962
1620,202,1332790155
1487,112,1332791197
1916,1915,1332803772
1917,1810,1332811929
1802,1357,1332819405
1357,1802,1332819460
1907,35,1332861525
1744,1918,1332886595
1918,1744,1332886885
1899,1919,1332887081
1919,1899,1332887127
1744,1920,1332890051
1920,1744,1332890214
1386,1566,1332892740
1894,1921,1332897967
1744,1922,1332901408
1922,1744,1332901441
1281,35,1332969610
35,1281,1332969727
1922,177,1332972794
177,1922,1332972925
1771,1529,1332981720
1713,1771,1332985354
1771,1713,1332985614
1525,1771,1332987471
1281,1744,1333000490
13,1923,1333005795
1923,13,1333006177
1771,1921,1333029655
1860,1924,1333030351
1924,1860,1333030372
1771,1565,1333030659
1565,342,1333040611
342,1565,1333040905
1921,1894,1333041885
1860,1806,1333056361
1806,1860,1333056570
1911,1386,1333059143
1693,1922,1333062073
57,1921,1333065980
1921,57,1333066764
1585,1925,1333067831
1925,1585,1333067876
1769,1690,1333081537
35,1926,1333095115
35,1916,1333095127
35,1918,1333095146
1876,1927,1333098613
1912,1245,1333131677
35,1928,1333131820
1928,35,1333133292
1585,1892,1333133465
1892,1585,1333133516
1754,1912,1333135195
1912,1754,1333135253
1773,1921,1333135960
1921,1773,1333136189
905,1357,1333142053
546,1357,1333142090
1922,823,1333143864
823,1922,1333143997
1922,1876,1333146933
1876,1922,1333147010
1245,1912,1333148303
1817,1773,1333152409
1773,1817,1333152600
1316,57,1333157456
905,1693,1333159315
1693,1675,1333160252
1693,1539,1333160268
1693,178,1333160302
1693,1,1333160306
1693,1677,1333160311
1693,1555,1333160316
1892,1929,1333162342
1918,35,1333166300
1929,1892,1333166418
1927,1876,1333176503
57,1923,1333248564
1923,57,1333248864
453,1931,1333313197
1931,453,1333315397
1,1053,1333326244
1201,1352,1333328041
1386,1499,1333328079
1714,1386,1333328375
1352,1201,1333336661
1890,1744,1333338215
1744,1890,1333338314
1930,1810,1333338911
1810,1930,1333339156
1185,1932,1333377247
1912,1779,1333393750
1779,1912,1333393793
35,1933,1333400613
1860,823,1333400643
823,1860,1333400644
1933,35,1333400731
1,1753,1333403159
1677,1934,1333406005
1201,1,1333411658
729,1744,1333415093
1744,729,1333415127
1744,1935,1333419162
1935,1744,1333419221
1,1201,1333421158
1629,1936,1333427948
1936,1629,1333428022
823,1937,1333428504
1860,1386,1333430331
1612,1744,1333466818
1744,1612,1333466938
1921,1744,1333468028
1744,1921,1333468324
1744,1940,1333468415
1940,1744,1333468527
1937,823,1333470858
1860,363,1333475214
363,1860,1333475306
905,832,1333479363
1677,832,1333479381
905,1403,1333485212
1941,1860,1333485806
1281,1765,1333488359
1566,1769,1333496836
540,1744,1333501378
1744,540,1333501386
1,1366,1333511733
1317,1942,1333512206
1942,1317,1333512251
1744,1765,1333516962
1765,1744,1333516993
1885,1744,1333540212
1744,1885,1333540230
1744,1893,1333545463
1893,1744,1333545486
1893,36,1333546345
1860,1744,1333548096
1744,1860,1333548185
1744,1943,1333548289
1281,1931,1333548656
1931,1281,1333548663
1943,1744,1333549834
36,1893,1333550184
1217,1281,1333550802
1629,1921,1333581915
1921,1629,1333582143
1896,1921,1333583212
1921,1896,1333583431
1921,1944,1333584166
1944,1921,1333584296
1944,35,1333593635
1744,1945,1333596038
1945,1744,1333596181
1,1944,1333598594
1944,1,1333598830
1944,1363,1333599000
1,1363,1333599170
1810,1811,1333603739
1811,1810,1333603771
1754,304,1333607966
1860,1946,1333618081
1946,1860,1333618213
1744,1947,1333622066
1947,1744,1333622326
1936,1744,1333643271
1744,1936,1333643275
1933,1949,1333678941
1949,1933,1333679666
905,1788,1333682962
1788,905,1333683003
1933,905,1333690021
905,1933,1333690035
41,1885,1333696793
1885,41,1333696927
1317,1185,1333723100
1944,1744,1333727306
546,1543,1333743982
905,1222,1333744438
1222,905,1333744993
1396,1810,1333751942
1810,1396,1333752000
1810,1950,1333754008
1950,1810,1333755709
905,1951,1333763061
537,905,1333764648
1769,1846,1333820092
1952,1810,1333821581
35,1951,1333826780
1713,1933,1333845374
1933,1713,1333845380
1352,1713,1333851441
1713,1352,1333851810
1899,1713,1333852073
1713,1899,1333852084
1352,1363,1333904059
1201,1363,1333904170
1363,1352,1333906293
1539,35,1333915764
1245,1539,1333918023
1539,1245,1333918092
1792,1396,1333920398
304,202,1333927317
1629,1937,1334001596
1562,41,1334012608
1860,1837,1334023547
1837,1860,1334027623
1890,1953,1334030475
1953,1955,1334037727
1955,1953,1334037859
1811,1890,1334039120
1890,1811,1334039175
729,1899,1334042461
1899,729,1334042544
1956,1899,1334045665
1956,905,1334049815
905,1612,1334067568
1612,905,1334067574
1201,149,1334079915
1201,537,1334080010
1675,1899,1334081462
1899,1675,1334081539
112,1690,1334088945
112,23,1334089236
1953,1896,1334092942
1693,1662,1334096038
1896,1953,1334096280
1896,1955,1334096688
1955,1896,1334096795
1937,1811,1334097560
1953,1945,1334098095
1860,1757,1334102501
1757,1860,1334102522
1937,13,1334105829
13,1937,1334105868
35,1957,1334132142
35,1958,1334149457
35,1959,1334149534
35,1960,1334149679
1959,775,1334151899
1959,35,1334151959
35,1944,1334160263
1912,1764,1334166584
1810,1952,1334181488
1922,1937,1334181697
309,135,1334182770
1245,1961,1334185345
1961,1245,1334185699
1937,1956,1334192355
309,1956,1334192429
1922,545,1334192649
1811,1956,1334193839
1811,1937,1334195060
1317,1512,1334199911
1512,1317,1334200342
1765,546,1334200729
546,1765,1334200821
1890,135,1334202194
1386,135,1334204189
1834,35,1334222002
1677,1566,1334240884
935,1899,1334259490
1899,935,1334259892
1846,1769,1334280154
1846,1962,1334280963
1846,274,1334281344
1810,1938,1334283606
1938,1810,1334283765
1860,1963,1334285139
1860,1941,1334293321
1896,1744,1334297419
1744,1896,1334297578
905,1744,1334298749
1964,1744,1334316018
1744,1834,1334316348
1834,1744,1334316851
1396,1956,1334318373
905,1937,1334337752
1701,1860,1334340493
1860,1701,1334341218
1917,1585,1334346563
1860,1965,1334365343
1965,1860,1334365372
57,1317,1334374603
1317,57,1334374657
1834,1918,1334389336
35,1964,1334407675
1964,1810,1334418518
1499,1451,1334418863
1499,1386,1334418911
1802,1917,1334422976
1917,1802,1334423217
1962,23,1334423582
1962,135,1334424674
135,304,1334425765
304,135,1334425802
1964,1917,1334428327
1964,1802,1334428888
1802,1964,1334428905
1860,1543,1334430473
1964,1966,1334439499
1966,1964,1334439628
1922,1967,1334441793
1967,1922,1334442222
729,1281,1334446747
1281,729,1334447009
135,1968,1334448523
1968,1969,1334448584
1969,1968,1334448631
1968,135,1334449460
135,1956,1334459033
135,1937,1334459381
1771,1860,1334460736
184,1860,1334462377
1860,184,1334462497
184,1783,1334463002
1771,1970,1334465403
1970,1771,1334466179
41,1053,1334474976
1899,1922,1334479044
1922,1899,1334479062
905,135,1334517588
1281,1396,1334534096
1810,1971,1334545503
1971,1810,1334545745
1967,1964,1334573293
1964,1967,1334575777
1972,1922,1334587769
1922,1972,1334587859
1744,1964,1334588398
35,1907,1334593877
1964,1973,1334597912
1281,1974,1334598097
1973,1964,1334598236
1974,1281,1334599205
1951,35,1334599586
36,1844,1334605546
1714,1701,1334614042
1964,1972,1334615357
1972,1964,1334616776
1860,1554,1334618965
1947,1976,1334621973
1976,1947,1334622027
135,1890,1334629998
1810,1400,1334641504
1400,1810,1334647069
905,1741,1334664670
1741,905,1334664736
1937,905,1334674788
1565,1281,1334680435
1898,35,1334681421
1899,1951,1334683074
1951,1899,1334683300
1899,1956,1334684171
1653,35,1334684335
35,1977,1334691486
1977,35,1334691728
1977,1964,1334693546
1964,1977,1334693554
112,235,1334698787
905,1348,1334700981
1348,905,1334701338
1769,1845,1334715438
1977,1978,1334720298
1281,1892,1334721418
1892,1281,1334721594
1978,1977,1334725834
35,1912,1334734026
1899,1886,1334736369
1886,1899,1334736401
1922,1653,1334752095
1653,1922,1334752182
1653,36,1334757342
1764,1912,1334758691
1912,1979,1334761321
1960,35,1334772145
35,1970,1334772180
1979,1912,1334774931
1978,35,1334787426
1860,1951,1334791858
1899,1943,1334800965
1943,1899,1334801204
1860,1981,1334802547
1981,1860,1334802744
1757,1810,1334807038
908,687,1334807677
908,1981,1334809102
1348,1316,1334809160
1981,908,1334809255
35,1978,1334817618
1982,7,1334825611
35,1983,1334831125
35,1653,1334857102
1556,292,1334860039
1960,1281,1334860334
1281,1960,1334863512
35,1898,1334865265
1953,1984,1334871151
1984,1953,1334871200
1555,1860,1334873693
1860,1555,1334873863
1984,1735,1334873868
1727,1281,1334875460
1982,1951,1334876934
1727,1976,1334879016
1984,1317,1334880995
1984,135,1334883358
7,1204,1334885383
1204,7,1334886406
1860,1713,1334897523
112,1701,1334901283
26,1985,1334913962
1985,26,1334930916
1916,1653,1334932437
1653,1916,1334934335
1713,1860,1334935098
1713,687,1334935168
1217,1980,1334938541
1964,905,1334939797
1217,1539,1334943707
1539,1217,1334943772
1811,1802,1334945801
1814,35,1334948918
465,1860,1334953417
1860,465,1334953437
687,13,1334954830
13,1986,1334962465
1860,1810,1334982313
72,1701,1334982400
1810,1860,1334983047
1701,72,1334983515
1714,1201,1334986699
1860,1938,1334988529
1938,1860,1334989497
1860,1754,1335004094
1754,1860,1335004199
1396,1345,1335011189
1281,1987,1335023261
1987,1281,1335023273
1499,1832,1335027439
1951,1316,1335030200
546,1988,1335037719
1953,1989,1335038848
1951,905,1335040604
1986,13,1335042952
1984,1,1335049791
1585,1888,1335053651
1888,1585,1335054344
905,1956,1335057080
1752,1765,1335058076
1201,1888,1335060191
1888,1201,1335060782
1990,13,1335061186
309,1487,1335061602
13,1990,1335064649
1981,1771,1335064812
1771,1981,1335064877
1988,1991,1335067132
1991,1988,1335067160
1771,1988,1335070021
1988,1771,1335070154
1971,1771,1335071556
1771,1971,1335071597
1899,1992,1335077005
1992,1899,1335077027
1980,1217,1335094082
1543,1620,1335103634
35,1981,1335106644
1757,1771,1335121815
1964,546,1335130776
546,1993,1335130807
546,1964,1335130819
1993,546,1335132229
1993,35,1335132244
1400,1840,1335132374
546,1986,1335132575
1840,1400,1335132606
1615,1907,1335134407
1840,1978,1335135335
1986,546,1335136626
1978,1994,1335138663
1978,1840,1335138757
1994,1978,1335138800
1840,1995,1335141524
1995,1840,1335144492
13,3598,1335152786
3598,13,1335152904
1656,1719,1335159663
1656,1811,1335159724
1656,1585,1335159753
1656,1318,1335160701
1656,4,1335172413
4,1656,1335173610
4,1984,1335173624
1984,4,1335173710
1840,1997,1335190244
1997,1840,1335190386
1916,1994,1335196265
1994,1916,1335196982
1899,1990,1335200306
1990,1899,1335200450
1720,1281,1335201686
1994,1998,1335210305
1998,1994,1335210321
1860,1999,1335211974
1999,1860,1335212255
1685,1839,1335212726
1840,1685,1335216851
1685,1840,1335216937
1997,1921,1335220800
1499,1677,1335223749
1685,2000,1335231012
1499,2001,1335232755
2001,1499,1335232911
2000,1685,1335236067
1923,1771,1335239318
1771,1923,1335239345
2002,1543,1335241675
1860,1977,1335242801
1977,1860,1335242868
309,1917,1335246316
2002,428,1335247166
2000,1771,1335248162
1771,2000,1335254422
1612,1316,1335273968
1964,1555,1335275765
1555,1964,1335275769
1281,1720,1335276855
15,1281,1335281242
1281,15,1335281322
1245,1778,1335285413
1778,1245,1335285615
1860,1245,1335286480
1245,1860,1335286500
1217,1974,1335299508
13,1245,1335305634
1245,13,1335305634
1896,1771,1335316584
1771,1896,1335316638
1478,1769,1335330977
3598,2004,1335344102
2004,3598,1335344153
35,2005,1335346769
35,1993,1335346774
2004,2002,1335347703
1860,1997,1335348187
1997,1860,1335348387
1993,1840,1335359289
1840,1993,1335359321
1670,1896,1335373947
1896,1670,1335374040
1675,1997,1335374898
1997,1675,1335375050
1951,1860,1335379627
13,1815,1335396155
1815,13,1335396286
215,1690,1335399104
1690,215,1335399131
2002,2004,1335402313
1972,1771,1335402997
1981,35,1335410566
1832,1810,1335417989
13,2006,1335420518
2006,13,1335421298
1771,1973,1335424630
1973,1771,1335424667
2006,1990,1335424858
1990,2006,1335425043
3598,2006,1335425441
2006,3598,1335425504
1973,35,1335428276
35,1973,1335428716
1615,1993,1335433270
15,36,1335434055
1922,1964,1335444728
1964,1922,1335444775
1993,1615,1335452164
1771,1972,1335460493
1964,35,1335466719
1615,2007,1335482605
1991,1937,1335486667
1771,1937,1335490097
1937,1771,1335490141
1937,1991,1335490446
1714,1334,1335495462
13,1053,1335499375
1053,13,1335499388
2007,1615,1335522890
1973,1653,1335546032
1653,1973,1335546208
1955,2002,1335566324
1955,2008,1335566463
1911,1860,1335569438
1997,546,1335573921
546,1997,1335573981
1832,1994,1335580174
1994,1832,1335581937
1543,1400,1335584275
1400,1543,1335584311
1922,1281,1335625174
1675,1482,1335642302
1482,1675,1335642395
1620,1386,1335643953
149,1201,1335645068
149,1386,1335645075
149,4,1335645163
149,167,1335645328
149,535,1335645965
149,6,1335645983
15,239,1335646760
1396,1482,1335651788
1482,1396,1335652064
1778,1860,1335683976
13,1281,1335688146
1656,1,1335688305
1281,1948,1335696133
1543,2002,1335708362
1566,202,1335709535
202,1566,1335709635
1997,905,1335724575
905,1997,1335725136
1543,2010,1335728406
2010,1543,1335728713
1653,2011,1335732148
2011,1653,1335732188
1840,1986,1335749777
1986,1840,1335749895
1400,2012,1335755804
2012,1400,1335755883
1921,2013,1335772614
2013,1921,1335772620
13,2011,1335778835
2011,13,1335779036
905,1396,1335786105
1997,2015,1335794647
2015,1997,1335794722
1620,1543,1335794915
1997,1967,1335797176
1639,882,1335817343
1899,1890,1335820791
1890,1899,1335821704
35,2004,1335822644
1955,1771,1335840211
1771,1955,1335840275
2009,1771,1335841192
1771,2009,1335841254
2017,1967,1335844477
13,350,1335867869
350,13,1335867924
1967,2017,1335875508
1451,1990,1335882675
1990,1451,1335882980
1921,2018,1335897555
2018,1921,1335897692
1334,2020,1335901027
1921,1,1335904420
1,1921,1335904474
1281,2014,1335911771
1281,1922,1335912775
2014,1281,1335912973
309,1810,1335916967
1281,2021,1335924759
2021,1281,1335924776
1810,1917,1335926958
1281,1918,1335929094
1918,1281,1335929593
1955,1867,1335937535
1867,1955,1335937895
1771,415,1335952668
1771,2022,1335953216
2022,1771,1335953404
2022,2023,1335953841
2016,2024,1335965636
2024,2016,1335965671
35,2025,1335967295
2025,35,1335967452
1615,1653,1335968423
1957,2026,1335977984
1976,1727,1335981260
2026,1957,1335981438
1615,2027,1335981641
2027,1615,1335981982
1584,905,1335987678
905,1584,1335988604
1962,1846,1335995679
1936,1810,1335996652
1810,1936,1335996863
1,1701,1336016017
2004,1771,1336016045
1771,2004,1336016100
35,2029,1336023719
1922,1044,1336033423
1044,1922,1336033458
1653,1615,1336044342
1653,775,1336044962
905,2031,1336072016
2031,905,1336072191
1832,1584,1336074750
2014,1487,1336078225
13,2030,1336081718
2030,13,1336081795
1317,2032,1336083842
2032,1317,1336083873
1508,2033,1336090814
2033,1508,1336090854
1955,2034,1336091890
2028,1990,1336100311
1990,2028,1336100491
1528,25,1336104476
1778,2035,1336105723
2035,1778,1336105773
1890,1771,1336106255
1771,1890,1336106321
1,1317,1336107393
2035,1771,1336112103
1543,1810,1336112122
1771,2035,1336112159
1771,2028,1336112580
1771,1653,1336125693
1653,1771,1336125969
1653,1217,1336131392
546,2034,1336150430
1508,202,1336150533
202,1508,1336150594
2034,546,1336163765
905,2036,1336171591
1771,2037,1336173281
2037,1771,1336173402
1701,2038,1336174467
1334,2034,1336180636
1714,1,1336188327
2038,1701,1336189641
1,1656,1336230301
1565,1714,1336233794
2014,13,1336234468
1317,1159,1336239277
1159,1317,1336239980
35,2039,1336244564
2029,35,1336246885
1690,2040,1336258499
2040,1690,1336258565
2040,1386,1336258733
2040,1846,1336259153
2040,1331,1336259245
2040,1478,1336260178
1566,2040,1336260236
1386,2040,1336260354
215,1864,1336260468
1451,1499,1336309881
2014,905,1336317335
1921,1997,1336323554
359,2040,1336331434
2040,359,1336334031
1316,41,1336334605
41,1317,1336359071
1317,41,1336359089
41,2041,1336361178
2040,2042,1336367064
935,1916,1336375585
1916,935,1336377074
1281,1727,1336383247
1615,1677,1336402643
1543,1811,1336408608
1811,1543,1336408700
2013,1217,1336414075
905,1771,1336419781
1690,1948,1336419939
1585,905,1336433140
1396,1916,1336440273
1916,1396,1336442014
1499,2028,1336446292
2028,1499,1336446360
1,1899,1336449239
1899,1,1336449266
7,2044,1336455431
1639,304,1336483133
1670,2045,1336490923
2045,1670,1336491026
1,2046,1336494115
2046,1,1336499071
1690,2047,1336504247
2047,1690,1336504559
13,1565,1336505841
1565,13,1336505859
104,2049,1336510292
2049,104,1336510511
104,13,1336515510
13,104,1336517158
13,591,1336522049
591,13,1336522142
304,1686,1336529250
1686,304,1336529320
304,2051,1336536186
1521,2034,1336568939
1940,1281,1336579759
1521,1921,1336580654
1921,1521,1336580718
546,1951,1336580851
1281,1940,1336581407
2014,1855,1336581534
1921,2052,1336581750
2052,1921,1336582080
57,2053,1336586111
535,184,1336586609
340,1690,1336588156
1810,2055,1336612054
2055,1810,1336612140
1499,2056,1336614680
184,535,1336616444
1989,905,1336659799
1921,2057,1336671089
2057,1921,1336671103
1921,2058,1336674232
2014,2022,1336674379
1921,2059,1336678104
309,1620,1336690336
309,1939,1336690339
1939,2060,1336691977
1939,129,1336692076
1939,135,1336692437
1939,1386,1336701775
1386,1939,1336701828
2058,1921,1336703551
1453,1810,1336705386
1810,1453,1336705451
309,149,1336705544
1810,2058,1336708453
2058,1810,1336708544
93,1499,1336713518
1585,1656,1336755245
823,1656,1336755462
1316,1565,1336755920
446,1,1336769368
1281,1971,1336779623
1971,1281,1336779846
1810,2061,1336787635
1508,57,1336791267
57,1508,1336791385
2061,1810,1336792117
1765,1508,1336792377
1508,1765,1336793009
905,1585,1336794981
1281,2062,1336835868
2062,1281,1336837117
1803,1899,1336839220
908,1948,1336841895
1921,1990,1336843810
1990,1921,1336843969
1921,2063,1336845344
2063,1921,1336845444
1810,1281,1336849604
1281,1810,1336849736
1543,2063,1336850541
1690,2064,1336851090
2063,1543,1336851928
2064,1690,1336853764
2064,1878,1336854902
35,2065,1336859075
1810,2065,1336859079
2028,2066,1336861049
2066,2028,1336861123
2059,2028,1336865351
2059,1921,1336865414
1803,1281,1336869564
540,41,1336871045
41,540,1336871135
1675,2057,1336877516
2057,1675,1336877527
635,2067,1336878494
2067,635,1336878549
2028,2059,1336884722
1543,1899,1336896996
1899,1543,1336897019
1896,1543,1336910619
1543,1896,1336912441
1948,2068,1336916520
446,1670,1336920029
1670,446,1336920268
1624,1744,1336920581
1566,2054,1336921044
2054,1566,1336921875
2028,1566,1336928485
1690,1317,1336937684
1317,1690,1336937753
1487,1316,1336961969
446,1810,1336966384
905,1,1336972250
1690,2069,1337010222
2069,1690,1337011356
2034,1876,1337027126
35,2070,1337027288
1876,2034,1337027751
395,1281,1337036610
1281,395,1337042103
1281,2071,1337044384
1331,2072,1337047584
2071,1281,1337053399
1939,1810,1337097249
1810,1939,1337097493
2053,2073,1337098340
35,2074,1337103099
1810,2062,1337107400
2062,1810,1337107749
1896,1991,1337118251
1991,1896,1337118377
1281,2065,1337120436
2073,2053,1337182110
2070,35,1337188187
1731,1701,1337190305
1701,1731,1337190456
36,2043,1337204282
823,1,1337217522
823,2078,1337217826
13,2071,1337219368
2071,13,1337219975
1771,2052,1337221860
2052,1771,1337222048
1629,2071,1337225176
1896,592,1337225299
592,1896,1337225354
1686,1856,1337225477
1771,2079,1337229429
2079,1771,1337229493
1771,1044,1337234840
1044,1771,1337234841
1967,1771,1337263292
1934,823,1337267453
823,1934,1337267735
823,1771,1337268764
1731,1771,1337269444
41,202,1337282915
202,41,1337283033
2046,192,1337283306
2077,1810,1337302377
1810,2077,1337302469
1529,1840,1337302484
1840,1529,1337302554
1529,1281,1337302780
1281,1529,1337304855
1585,2016,1337314797
2016,1585,1337314938
1981,937,1337315395
937,1981,1337315409
1966,1317,1337319918
1690,202,1337355074
2063,1754,1337376164
1754,2063,1337376445
1615,2080,1337383477
1810,2081,1337385579
2063,1915,1337385780
2081,2063,1337385897
2081,446,1337386810
446,2081,1337387076
2080,1615,1337388570
2063,2081,1337388583
1810,1915,1337389235
202,2028,1337393146
2028,202,1337393200
1508,2028,1337393494
2028,1508,1337393862
7,2028,1337395643
2028,7,1337395980
1860,1771,1337401187
1896,2028,1337459419
2028,1896,1337459465
2081,1810,1337460425
2080,2070,1337465522
2080,2082,1337469439
2080,25,1337469767
2082,2080,1337469951
1615,25,1337469984
2028,57,1337477777
465,2084,1337482123
2084,465,1337482210
7,17,1337482515
2068,1624,1337483517
2028,1190,1337483961
1670,1967,1337487003
1967,1670,1337487106
2068,1948,1337516503
149,446,1337526325
446,149,1337526460
1386,57,1337527934
57,1386,1337527997
425,1201,1337530076
425,309,1337530152
2053,57,1337531621
2028,1386,1337545930
4,1366,1337546128
1971,1948,1337546442
1899,1803,1337560025
1400,2085,1337565866
2085,1400,1337565891
2086,2085,1337565955
1281,2080,1337614042
2080,1281,1337614103
1639,1860,1337615933
1860,2051,1337620914
1844,545,1337625888
239,1352,1337629288
35,2087,1337632186
2087,35,1337632352
350,239,1337635470
2085,2088,1337654229
2088,2085,1337654319
202,1690,1337660063
1810,1920,1337667813
1920,1810,1337667848
1967,2090,1337669192
2090,1967,1337669710
202,2091,1337673657
2091,202,1337673738
202,1301,1337674933
1689,2089,1337675941
2089,1689,1337675963
2089,35,1337676121
1744,1624,1337677586
1675,1744,1337694824
1615,1566,1337702746
1615,1317,1337704185
1615,1366,1337704254
1615,1316,1337704291
1615,7,1337704337
1615,192,1337704381
1615,4,1337704462
1615,1396,1337704469
537,1615,1337704557
1615,537,1337704723
1615,1487,1337704820
1615,425,1337704858
1615,309,1337704915
425,1615,1337704959
425,537,1337705031
1714,363,1337712893
363,1714,1337712936
537,309,1337724098
2070,2080,1337725756
1990,2067,1337726130
2067,1990,1337726213
1989,1953,1337728138
202,2092,1337729076
2092,202,1337729170
309,1065,1337730861
1715,2093,1337735616
1585,2093,1337737533
2093,2088,1337738534
2088,2093,1337738553
304,2085,1337739619
2085,304,1337739643
304,465,1337739645
2085,2093,1337741590
2093,2085,1337741620
1222,2093,1337743830
1222,1366,1337743868
2093,1222,1337743924
1281,2094,1337789173
2094,1281,1337789352
1585,2095,1337797825
2087,2096,1337802623
2096,2087,1337802650
1317,2097,1337803942
1731,1587,1337814434
546,2099,1337825969
2099,546,1337826010
2028,2100,1337827037
2100,2028,1337827476
2090,2080,1337855090
1383,425,1337872386
1383,1201,1337872404
1383,1386,1337872430
1383,1,1337872448
1383,1316,1337872521
1383,7,1337872542
1383,1317,1337873136
1383,1217,1337873160
1383,1846,1337873203
1383,1690,1337873236
1383,1585,1337873368
1383,1396,1337874079
1383,309,1337874091
1383,1565,1337874112
1383,1334,1337874599
1383,1485,1337874606
1383,523,1337874616
1383,1353,1337874683
1383,882,1337874696
1383,353,1337874705
1383,780,1337874715
1383,905,1337874755
13,905,1337879459
1584,545,1337884087
1281,2101,1337884862
1478,1386,1337886534
1478,1846,1337886608
1478,2040,1337886655
1731,2102,1337886695
1478,1201,1337886698
1478,1566,1337886766
2102,1731,1337886775
2101,1281,1337889890
239,350,1337890831
239,1942,1337890926
1860,2103,1337893923
1896,2103,1337896615
2103,1896,1337896757
1896,2006,1337897027
2006,1896,1337897414
1714,1899,1337898034
1899,1714,1337898319
1731,2104,1337899756
2104,1731,1337899857
2099,1585,1337907365
309,1771,1337908304
1386,1771,1337908528
1714,1771,1337908835
13,1771,1337908908
2085,2104,1337913250
2093,2028,1337916910
2028,2093,1337916942
2028,2105,1337918016
2104,2085,1337923911
1245,2106,1337945139
2106,1245,1337945222
1245,2107,1337946670
2107,1245,1337947153
1585,2044,1337962047
1899,1473,1337968562
1473,1899,1337970032
1860,1473,1337970162
1473,1860,1337970174
1815,1714,1337973103
1714,1815,1337975312
1317,1846,1337983661
540,2108,1338001947
2108,540,1338002322
2089,2030,1338006973
1810,2030,1338008713
2030,1810,1338008746
2096,2095,1338046160
13,2108,1338047646
2090,2076,1338047799
2108,13,1338047873
2022,1855,1338049581
2022,2095,1338049636
35,2109,1338059758
537,1810,1338064652
1810,896,1338067569
2102,2111,1338070086
2111,2102,1338070146
1396,1714,1338071566
2028,2112,1338073226
2112,2028,1338073245
2028,2096,1338073348
309,2028,1338073952
2103,2028,1338077511
2028,2103,1338077550
1400,2103,1338082402
2102,2030,1338083733
2030,2102,1338083807
1714,2090,1338098716
1714,2012,1338098736
2090,1714,1338099173
363,2090,1338100522
2090,363,1338100680
2103,1400,1338115506
2054,330,1338116739
2067,2103,1338124451
2103,2067,1338124581
2095,2028,1338130537
2028,1473,1338142639
1473,2028,1338142790
1317,1473,1338144302
1473,1317,1338144318
1473,2054,1338145069
2054,1473,1338145205
2113,2064,1338150938
2030,2067,1338153644
823,905,1338154295
2067,2030,1338160344
2030,1714,1338163569
1714,2030,1338163619
2028,1404,1338165453
1404,2028,1338165749
1714,2114,1338167299
1714,2115,1338167304
2115,2114,1338167330
2114,1714,1338167347
1714,1693,1338168861
1921,2100,1338188098
2100,1921,1338188555
1876,1921,1338189115
1921,1876,1338189299
1478,1584,1338220867
2064,2113,1338232058
2064,1864,1338232318
2067,2116,1338236143
2116,2067,1338237316
35,2052,1338237581
2113,1584,1338240569
2085,2086,1338244837
2030,57,1338265948
1201,1366,1338267035
1584,1478,1338273072
1584,2113,1338273215
905,2117,1338273736
2117,905,1338273967
2103,1860,1338285225
2091,2103,1338286980
2103,2091,1338287002
2109,35,1338295466
1714,1953,1338305175
1953,1714,1338305218
2095,2096,1338307668
1810,1657,1338310864
1998,1921,1338311364
1921,1998,1338311464
1893,2118,1338318149
2118,1893,1338318285
1053,1921,1338324768
1921,1053,1338324979
1731,2115,1338329303
2115,1731,1338329391
1396,2096,1338336772
2089,2119,1338336916
2119,2089,1338337489
2110,2028,1338345850
2054,2120,1338355347
2120,2054,1338355364
2030,2089,1338357612
905,2120,1338365762
2120,905,1338365845
1044,2067,1338366262
1921,1771,1338378740
1473,1780,1338397945
1780,1473,1338398018
1473,2063,1338400852
2063,1473,1338401849
2120,2063,1338409354
2063,2120,1338409552
1967,1815,1338414727
1815,1967,1338414854
1053,2103,1338439387
1921,1044,1338446098
1044,1921,1338448896
2044,1921,1338449128
1921,2044,1338449217
2085,2067,1338471680
1731,2097,1338495270
2097,1731,1338495462
70,1615,1338499138
616,2121,1338505571
2121,616,1338506048
616,13,1338506605
13,616,1338506639
1615,2122,1338511617
2122,1615,1338511775
13,1412,1338517021
1412,13,1338517262
2067,2085,1338518436
13,2123,1338518652
1400,2124,1338518816
2124,1400,1338518971
2123,13,1338521353
13,1394,1338521769
1400,1386,1338522006
1386,1400,1338522094
1386,1053,1338522121
1053,1386,1338522207
1317,2124,1338523224
1394,664,1338526673
1394,1386,1338526700
1394,1499,1338526710
1394,1566,1338526721
1394,13,1338526729
1185,2126,1338530304
1185,2127,1338531165
2127,1185,1338534035
13,1593,1338538536
1593,13,1338538772
2118,2122,1338561954
1896,2087,1338579470
2087,1896,1338579664
2006,1555,1338586528
35,2129,1338586711
2129,35,1338587016
1731,1693,1338588565
1693,1731,1338588631
2125,1670,1338595261
1555,2006,1338601234
592,2125,1338603911
2125,592,1338605362
2089,2085,1338607464
1053,1394,1338619306
1843,1673,1338640233
1673,1843,1338641275
26,2130,1338659569
1714,905,1338668723
2130,26,1338672927
2089,1317,1338694873
2017,2132,1338705354
2132,2017,1338706241
2030,2016,1338738295
1934,1677,1338738999
1,2123,1338748836
2123,1,1338749679
1317,7,1338754705
1992,2133,1338761335
2133,1992,1338761397
2134,545,1338763784
905,2135,1338763927
2135,905,1338764130
2134,2118,1338764277
2118,2134,1338764283
1,2124,1338778776
1317,1204,1338782173
1204,1317,1338782306
1245,2136,1338786376
2136,1245,1338786408
493,2135,1338793393
7,1317,1338794508
2090,2137,1338795542
2137,2090,1338795598
1245,2138,1338799644
2138,1245,1338799801
1245,2139,1338803221
2139,1245,1338803449
937,1245,1338805829
1245,937,1338805961
1843,2122,1338806001
1843,1281,1338806292
2080,1735,1338815086
2138,112,1338821425
1973,1281,1338823511
1912,1593,1338833566
2028,215,1338833660
1593,1912,1338833710
1396,1764,1338838655
35,2117,1338841566
905,2140,1338848610
2140,905,1338849369
1281,2124,1338851724
2089,41,1338851779
41,2089,1338851928
1396,2142,1338854645
1967,2142,1338854732
1810,1512,1338857241
270,2143,1338858071
2143,270,1338858104
2067,2054,1338860409
2054,2067,1338860468
1185,2144,1338863791
2085,1731,1338867390
1731,2085,1338867482
2085,2028,1338868976
2028,2085,1338869014
1204,2085,1338870975
2085,1204,1338871648
2144,1185,1338873155
1204,1731,1338876226
1731,1204,1338876418
26,2128,1338879314
2141,1281,1338887697
1281,1843,1338896140
1281,2141,1338896378
1912,2128,1338909509
1543,1860,1338918752
1731,732,1338918772
732,1731,1338918803
2128,26,1338920422
2128,1912,1338920501
2067,1998,1338920575
1998,2067,1338920598
1512,1804,1338920792
1804,1512,1338920902
1543,1334,1338926242
2145,2146,1338928494
2145,4,1338928588
4,2145,1338928608
202,1204,1338928682
1204,202,1338928706
2028,1803,1338931491
1803,2028,1338933067
905,2147,1338940006
2147,905,1338940162
2120,2148,1338941798
2148,2120,1338941814
1317,2089,1338941933
635,823,1338941942
823,635,1338942105
1204,2131,1338948687
2028,2149,1338950314
2149,2028,1338950406
1185,2150,1338961608
202,1170,1338972998
202,2151,1338973034
2151,202,1338973098
2030,1803,1338989059
2150,1185,1338992231
1615,2152,1338994803
2152,1615,1338994862
2152,1642,1338994869
1543,2140,1338997125
2140,1543,1338997650
1832,35,1338998866
35,1832,1338998922
1803,2030,1339005674
1899,2087,1339009734
2087,1899,1339009878
2034,266,1339015673
266,2034,1339015903
2124,57,1339018198
2149,2153,1339020630
4,17,1339024627
17,4,1339024627
2110,1396,1339025493
4,1992,1339033102
1992,4,1339033404
2143,2155,1339034201
2155,2143,1339034361
2148,2156,1339040728
2148,2157,1339041685
2154,1752,1339047331
1752,2154,1339062835
1764,1890,1339084475
1693,304,1339093838
304,1693,1339093925
2146,2145,1339098043
1764,1832,1339099070
1832,1764,1339099127
2142,2146,1339102282
1334,2158,1339111825
2158,1334,1339111914
13,2158,1339112143
1899,2155,1339114975
546,1771,1339115201
546,13,1339115526
13,546,1339115964
2135,1861,1339120011
2159,2135,1339120443
2124,1317,1339121743
2159,905,1339126755
905,823,1339126861
1185,2160,1339152651
1921,2161,1339160447
2161,1921,1339160746
2155,1899,1339176893
1512,1585,1339182778
2067,2162,1339182919
1204,2028,1339183681
1715,2034,1339183966
1585,13,1339184765
2125,1473,1339188028
2155,1334,1339188158
1473,2125,1339191416
1701,274,1339192504
274,1701,1339192575
274,1846,1339192758
274,2040,1339192822
171,2142,1339197723
2142,171,1339197830
171,2158,1339199089
2158,171,1339199155
1765,1810,1339199935
215,274,1339202960
274,215,1339203631
215,2054,1339208062
2054,215,1339208085
2054,202,1339213439
202,2054,1339213536
2162,2067,1339218677
2115,1810,1339221056
361,1317,1339223172
1245,2163,1339250640
2163,1245,1339250814
1499,93,1339253007
2085,2089,1339254781
1764,2125,1339259503
1967,61,1339261754
2124,1366,1339261923
1810,1546,1339263338
1546,1810,1339263342
1185,2164,1339273809
13,1585,1339274301
546,251,1339281673
2067,251,1339283126
1715,2166,1339283953
251,2067,1339284185
2067,2166,1339285320
2166,2067,1339285405
1201,2167,1339287561
1899,1690,1339313787
1844,2134,1339320690
1543,2155,1339321880
2067,2168,1339323958
1396,1948,1339327650
2168,2067,1339344543
1843,2169,1339345126
2169,1843,1339345790
1245,2020,1339346384
2020,1245,1339346523
1948,2113,1339349196
1585,1948,1339349382
1948,1585,1339349774
1245,1994,1339350172
1245,1949,1339352921
1949,1245,1339352955
1994,1245,1339354587
251,546,1339356632
2155,1543,1339359064
239,2097,1339361332
35,2170,1339364719
493,1899,1339398170
1899,493,1339398188
493,905,1339398338
1921,2141,1339407687
2141,1921,1339407922
1044,905,1339409519
905,1044,1339409539
2053,1948,1339423720
1948,2053,1339423801
35,2121,1339426608
905,2096,1339427642
1731,2096,1339427801
1731,1657,1339428991
1934,756,1339430376
104,917,1339430774
2157,2148,1339437876
1843,1893,1339439974
1893,1843,1339439993
149,1363,1339442969
1,1771,1339444338
905,1363,1339444348
1386,1693,1339444484
1693,1386,1339444500
1693,1714,1339444527
35,1044,1339452517
1044,35,1339454828
1334,1487,1339460614
2148,2166,1339461445
2095,1585,1339465567
2166,2148,1339468035
1810,1815,1339479443
2016,2030,1339482525
13,2016,1339483007
2016,13,1339483164
2135,2141,1339483845
2135,2028,1339484335
2028,2135,1339484440
1555,2141,1339491367
2141,1555,1339494237
2080,2141,1339502894
2141,2080,1339504331
2141,1615,1339505494
2148,2171,1339506751
2171,2157,1339506779
2097,239,1339510112
2121,342,1339510585
342,2121,1339510720
2125,342,1339511668
342,2125,1339514369
2134,1844,1339517465
2141,545,1339521638
35,2172,1339523507
1725,2173,1339524549
2173,1725,1339524636
2125,2067,1339531204
1334,363,1339531551
363,1334,1339531562
2165,2125,1339538370
2125,2165,1339538374
2028,2174,1339541616
2174,2028,1339543922
2173,2095,1339554078
2095,2173,1339554142
1967,1185,1339560065
2118,2139,1339578380
1921,2139,1339586253
2139,1921,1339586471
2141,35,1339587996
1217,2013,1339591477
15,2141,1339602312
2141,15,1339602393
905,2175,1339605060
2175,905,1339605069
905,2125,1339605267
1899,2091,1339605546
35,2177,1339615182
1967,25,1339615758
2175,2178,1339619120
2178,2175,1339619385
2091,1899,1339622276
1615,2179,1339626464
1848,2115,1339633722
1201,2180,1339634991
2103,1053,1339636750
1817,1810,1339637929
1366,1334,1339640158
1334,1366,1339640178
1810,1817,1339646086
2146,2142,1339690615
2141,905,1339692240
905,2141,1339692489
2045,2181,1339705572
2180,1201,1339709752
2085,2182,1339729551
2182,2085,1339729675
2085,1905,1339730517
1905,2085,1339730713
2124,2176,1339733192
2176,2124,1339733322
2028,2034,1339736168
2141,1543,1339778934
2125,1334,1339783612
202,2184,1339786099
2184,202,1339786510
171,2045,1339789647
2045,171,1339789649
2174,1334,1339789718
2158,2185,1339791429
2185,2158,1339791492
2045,2186,1339792460
2186,2045,1339792570
2142,1,1339798147
1615,2141,1339799822
2142,591,1339800163
591,2142,1339800232
361,1838,1339806423
1838,361,1339806469
171,2173,1339806837
2173,171,1339806987
2125,215,1339809470
215,2125,1339809576
7,1982,1339811634
2142,2067,1339813137
2067,2142,1339813911
1585,2125,1339819733
1876,2158,1339837651
2033,2028,1339854777
2040,274,1339856112
2167,905,1339856151
2167,1201,1339856561
905,2167,1339856922
1281,1973,1339862645
1316,1348,1339871439
1316,1951,1339871471
1316,1612,1339871480
1316,1615,1339871550
1316,1334,1339871624
1316,309,1339871765
274,2187,1339873291
274,132,1339873314
2187,274,1339873581
255,2067,1339874886
1487,1334,1339895419
1053,2028,1339901190
2028,1053,1339901336
1846,2188,1339906751
1846,2180,1339906850
1846,2144,1339907009
1846,1913,1339907116
1846,1845,1339907401
1846,1386,1339907523
1846,1566,1339907558
1846,1948,1339907728
1846,2040,1339907882
1846,215,1339907925
1846,1201,1339908049
1675,2189,1339911104
2189,1675,1339911402
13,1204,1339913503
1204,13,1339913616
1386,1846,1339916635
2144,1846,1339917003
729,1529,1339919170
1529,729,1339919243
35,2190,1339922362
35,2191,1339922385
2158,2045,1339925099
2045,2158,1339925100
13,1754,1339927293
1754,13,1339929304
202,2032,1339944852
2032,202,1339944891
1615,70,1339951964
2053,1352,1339964698
2034,1334,1339977792
2188,1846,1339982423
2053,545,1339982910
1053,1316,1339985613
1316,1053,1339985671
7,1788,1339995454
1788,7,1339995646
2090,2174,1339999633
2174,2090,1339999716
1957,2192,1340006412
2192,1957,1340006458
2141,1345,1340023253
2127,545,1340025575
2121,35,1340028698
1948,2194,1340037235
2194,2187,1340038708
2187,2194,1340039100
1334,1939,1340046544
1939,1334,1340046587
1802,2195,1340046884
2195,1802,1340046998
2118,2128,1340048582
2192,35,1340049874
35,2192,1340050030
2165,729,1340051067
729,2165,1340051317
1764,1245,1340060165
1967,2187,1340061716
2187,1967,1340062441
1899,2187,1340063112
2187,1899,1340063420
546,2155,1340064686
2155,546,1340064861
2174,1317,1340068183
1317,2174,1340068231
1317,2196,1340068306
1802,1947,1340069051
1947,1802,1340069134
2125,304,1340069412
304,2125,1340069500
1317,1376,1340070048
1767,2125,1340070557
2125,1767,1340070622
135,729,1340073934
1585,2176,1340074583
2176,1585,1340074667
1376,1317,1340081005
202,2197,1340085367
2176,1204,1340085441
1204,2176,1340085555
2197,202,1340085972
1957,2141,1340096959
2141,1957,1340097233
2141,2199,1340104551
2199,2141,1340104627
937,2200,1340108039
2200,937,1340108086
1310,535,1340122751
1543,2125,1340129059
729,2142,1340141442
2142,729,1340141537
521,2142,1340142805
2142,521,1340142883
1670,2201,1340143733
2201,1670,1340143760
1750,2201,1340144082
2142,2135,1340146330
2135,2142,1340146392
1802,2202,1340146950
2202,1802,1340147025
1529,223,1340148216
2125,2203,1340154307
2203,2125,1340154368
2204,2028,1340159993
1967,1899,1340165539
304,2178,1340168140
546,2205,1340171557
2205,546,1340171670
2174,2206,1340172555
2206,2174,1340172624
1909,1984,1340174083
13,2207,1340188808
2207,13,1340188912
13,1044,1340190120
1044,13,1340190437
1905,1562,1340193818
2176,2208,1340199637
2208,2176,1340200763
1245,1764,1340216431
1792,2045,1340219889
1363,1792,1340220737
2124,2067,1340222097
1615,1792,1340222544
1334,1792,1340223553
1244,1792,1340223680
2173,905,1340227676
905,2173,1340227680
1375,2125,1340231792
2125,1375,1340232189
2205,2209,1340251314
1802,2144,1340253320
1217,2210,1340263719
2208,2211,1340267646
2211,2208,1340267687
1639,25,1340293350
1974,1217,1340304704
1953,1899,1340307248
1899,1953,1340307296
1396,1334,1340313455
905,2212,1340313938
2212,905,1340314062
1565,2174,1340317802
2174,1565,1340326255
1744,2213,1340326356
1334,1615,1340326611
1615,1334,1340326619
2213,1744,1340330826
304,1396,1340334279
2028,2214,1340334465
13,1921,1340360032
1921,13,1340360068
2210,1217,1340362172
35,2215,1340363869
2215,35,1340364632
1921,2216,1340368743
1334,1967,1340369812
1245,2129,1340372312
2129,1245,1340372490
1921,2217,1340373219
2217,1921,1340373551
1921,2071,1340374792
2071,1921,1340382158
2118,1615,1340385696
1967,905,1340394059
905,1967,1340394150
2056,1499,1340395143
1615,2118,1340395877
2212,1565,1340396441
1890,1316,1340408247
2044,202,1340410516
202,2044,1340410656
2218,2028,1340421739
2205,2219,1340429403
2219,2205,1340429434
2028,2220,1340430649
2220,2028,1340431510
2028,2221,1340433834
2221,2028,1340434038
1806,1624,1340435851
2193,1396,1340450074
1317,2181,1340459205
1316,1890,1340459363
2106,2131,1340462123
2131,2106,1340462229
2222,1843,1340464480
1843,2222,1340464504
1844,2118,1340466018
2118,1844,1340466093
2085,2223,1340469146
13,1555,1340469153
1555,2224,1340469700
2028,2217,1340481938
2217,2028,1340482128
1463,1810,1340484820
1810,1463,1340484866
2225,905,1340493336
905,2225,1340496131
2028,1937,1340508445
1937,2028,1340508494
937,2219,1340525835
2219,937,1340525918
77,1690,1340543400
2049,2217,1340552888
2217,2049,1340554144
13,635,1340554322
2045,2125,1340555050
2125,2045,1340555083
1555,238,1340555138
635,57,1340555159
238,1555,1340555167
1677,13,1340555353
13,1677,1340555368
635,1555,1340555502
1555,635,1340555547
2085,2226,1340557293
2226,2085,1340557508
2223,2085,1340558186
2146,823,1340565141
2173,635,1340566222
2173,1334,1340566230
2091,1817,1340571847
1817,2091,1340571878
2173,2195,1340572941
2195,2173,1340573004
2173,2045,1340573764
2173,1317,1340577256
1317,2173,1340577296
1802,2227,1340580391
2227,1802,1340580450
1802,2228,1340583333
2228,1802,1340583424
215,2187,1340592640
215,1846,1340592734
2187,215,1340593271
171,2141,1340641238
2141,171,1340641240
120,13,1340645318
13,120,1340645348
2141,716,1340648761
1334,309,1340648783
716,2141,1340648902
2174,1555,1340649956
1555,2174,1340649980
1555,2219,1340650009
2219,1555,1340650161
120,716,1340650922
2229,2045,1340658075
1860,1334,1340658826
2045,2173,1340659474
2229,1281,1340664114
2229,1656,1340664142
2173,1,1340664290
2173,13,1340664311
2173,309,1340664334
13,2173,1340664340
13,270,1340664404
270,13,1340664448
2229,2230,1340665286
1396,304,1340665773
215,1566,1340670991
2028,1204,1340673975
1860,1916,1340679696
135,2231,1340680083
7,215,1340680246
546,1044,1340683483
1044,546,1340685078
2231,1201,1340685147
2028,1044,1340687916
2173,1154,1340689088
1044,2028,1340692199
2141,1504,1340701409
2221,1810,1340703854
1810,2221,1340703927
2233,2141,1340709845
2141,2232,1340710047
2141,2233,1340710066
2229,1396,1340713081
2229,2234,1340714356
2234,2229,1340714545
2142,2141,1340715859
2141,2142,1340715883
1508,1478,1340728454
1508,1334,1340729546
1334,1508,1340729549
304,25,1340730999
2229,2235,1340731139
1396,2193,1340731637
1986,1315,1340732657
1315,1986,1340732699
215,1317,1340738910
215,7,1340738987
1317,215,1340739429
1967,1,1340743926
1967,1363,1340744023
1810,2115,1340744146
1967,2040,1340744336
1967,1478,1340744664
2072,1905,1340751615
2072,1331,1340751821
2072,1098,1340751881
2072,1566,1340751997
2072,2187,1340752187
1098,2072,1340752544
1810,2236,1340764419
2236,1810,1340765402
1991,2141,1340767444
2141,1991,1340767490
1890,546,1340769776
546,1890,1340769809
2187,2072,1340770343
1860,1802,1340771096
1802,1860,1340771157
1201,2231,1340771541
2028,2219,1340772101
2229,1802,1340783181
937,2141,1340784097
2141,937,1340784117
2229,2158,1340784846
1478,1508,1340800263
905,1947,1340810463
2219,1334,1340818082
1315,1624,1340819868
1217,2237,1340821861
2237,1217,1340821973
215,2178,1340822502
1967,1334,1340824143
2178,215,1340824340
1245,1810,1340826571
1810,1245,1340826647
1947,905,1340829248
2142,1860,1340832210
2158,2229,1340833550
2045,2229,1340834481
1967,1953,1340836181
841,304,1340844769
2173,1185,1340856950
1185,2173,1340857285
1555,2239,1340870558
1802,2229,1340872130
2080,2240,1340872418
1528,2229,1340872688
2229,1528,1340875041
2229,2241,1340877842
2241,2229,1340877968
2232,2141,1340879958
35,1720,1340887182
1720,35,1340887343
2118,498,1340894493
498,2118,1340894571
1,2142,1340901838
2240,2080,1340903814
2173,2219,1340906614
1334,546,1340909425
1565,120,1340914855
120,1565,1340914943
2028,2238,1340925117
2238,2028,1340927370
2243,2244,1340953678
13,2063,1340984378
2063,13,1340984807
1810,2002,1340995668
2124,1860,1341006266
1860,2124,1341006343
2045,540,1341007265
540,2045,1341007359
2244,2243,1341024575
1204,2125,1341025207
202,2162,1341030948
2141,2245,1341036400
2141,2246,1341036811
35,2141,1341043672
1693,1967,1341080343
35,2247,1341088127
35,2248,1341088133
1334,1860,1341090132
1620,722,1341094280
1620,2045,1341097763
2045,1620,1341097875
2028,2045,1341098293
2028,2250,1341103722
2250,2028,1341103858
1526,2245,1341108129
2158,13,1341112823
1,2096,1341116252
2162,202,1341154700
1893,545,1341155088
2251,2125,1341159695
1555,2045,1341160537
2045,1555,1341160602
2045,2090,1341162162
2246,2141,1341164518
2028,1762,1341172994
2173,1670,1341181289
1670,2173,1341181458
1953,592,1341194587
592,1953,1341194656
592,2174,1341194882
2174,592,1341194912
1591,2243,1341197038
1201,1860,1341199281
1860,1201,1341199409
1850,2204,1341207794
2144,1802,1341217003
1890,1860,1341218113
1860,1890,1341218168
1890,2229,1341218859
1921,937,1341219030
937,1921,1341219048
1527,937,1341219986
937,1527,1341220002
2141,1948,1341224741
1948,2141,1341226750
2028,2253,1341240983
2253,2028,1341241004
2194,2045,1341242711
177,1948,1341248573
2125,2195,1341253035
2195,2125,1341253116
2142,2254,1341255698
2254,2142,1341255739
2142,2255,1341255920
2255,2142,1341255950
1948,1690,1341259015
1620,2256,1341261255
1620,1585,1341261448
1585,1620,1341261455
2124,2174,1341262023
2174,2124,1341262184
2204,1850,1341266302
2217,1383,1341270929
1860,2125,1341272422
1860,2257,1341272786
13,1998,1341272933
1998,13,1341272946
705,2125,1341273770
1383,2258,1341274121
2173,2135,1341278108
2244,2259,1341278282
1529,2260,1341282531
2260,1529,1341282576
1529,905,1341283800
1478,1725,1341286055
2256,1620,1341287633
361,2229,1341295480
2260,2045,1341314901
2045,2260,1341314934
2045,2194,1341315925
2229,2252,1341316679
2034,1715,1341316714
2034,1521,1341316729
2034,1714,1341316737
2252,2229,1341317545
1788,25,1341317956
2034,2261,1341320987
1953,25,1341322470
2045,2087,1341323581
1396,2252,1341323733
2087,2045,1341323743
1334,2087,1341324322
2087,1334,1341324422
2087,2095,1341325042
2095,2087,1341325052
937,2199,1341330179
2199,937,1341330273
2243,1591,1341331863
2200,1620,1341333496
1620,2200,1341333789
1719,1967,1341334175
592,13,1341337692
13,592,1341337705
2260,1396,1341338387
35,26,1341338689
270,1396,1341338787
1769,1733,1341339139
2083,1810,1341339928
2229,2263,1341344404
1810,1316,1341347696
1316,1810,1341347762
1201,2229,1341349348
1675,2217,1341349361
2217,1675,1341349442
591,2219,1341350652
13,2229,1341350663
2219,591,1341350703
13,2261,1341350830
1386,2261,1341351353
2173,2261,1341351966
2261,2173,1341352014
2261,1386,1341352097
2261,1953,1341352209
1953,2214,1341352451
2261,2034,1341352504
2034,938,1341352775
2028,363,1341359686
1396,1788,1341365251
1788,1396,1341365334
2125,2257,1341376295
2257,2125,1341376542
905,1386,1341381950
1386,2229,1341381998
2194,359,1341385133
35,2264,1341392686
2264,35,1341397024
1890,937,1341402557
937,1890,1341402562
2173,2244,1341415816
2244,2173,1341415816
2244,1846,1341416280
2048,13,1341419341
13,2048,1341420055
1396,2265,1341421642
2097,2125,1341422930
1499,2229,1341424298
2229,1499,1341424731
425,1386,1341431942
1499,2265,1341434028
2173,1788,1341436099
2173,1499,1341440301
1499,2173,1341440429
2265,1396,1341446164
2173,1802,1341448247
1802,2173,1341448289
1316,1,1341455871
1316,1386,1341456118
1478,2054,1341468319
2256,2127,1341475705
1802,905,1341476689
1478,905,1341477184
905,1478,1341477216
2127,2256,1341477336
353,1802,1341477522
1802,353,1341477530
1948,2047,1341479443
2043,545,1341496098
1939,1620,1341507783
1620,1939,1341507823
1363,1986,1341516335
1386,359,1341517825
2204,2125,1341527387
2125,2204,1341527406
2178,2266,1341530690
1788,13,1341533208
13,1788,1341533214
1788,2173,1341533287
2098,304,1341533675
304,2098,1341533889
1690,545,1341535079
2266,2178,1341535114
2028,2267,1341543624
2244,2268,1341543945
2268,2244,1341544078
905,2269,1341564344
937,1940,1341565594
1940,937,1341565641
2173,2270,1341566117
2270,2173,1341566346
2256,2173,1341579394
2173,2256,1341579436
498,545,1341593874
1566,215,1341602159
2028,2173,1341610558
1334,446,1341612272
2135,2173,1341615218
1802,2271,1341615243
2271,1802,1341615342
1967,13,1341621055
13,1967,1341621413
1396,270,1341623216
425,1317,1341626943
1386,425,1341627072
1878,1846,1341632007
1878,25,1341632490
1317,425,1341643033
2034,2187,1341645017
2187,2034,1341645263
506,1185,1341653000
1185,506,1341653006
506,1334,1341653319
2173,1905,1341672570
1905,2173,1341672625
2028,2272,1341681702
540,57,1341681734
2272,2028,1341681985
2173,2229,1341688691
2271,2125,1341691256
2125,2271,1341691488
1677,2016,1341696066
2016,1677,1341703483
2028,2181,1341703791
2214,2181,1341704526
361,2211,1341722431
2125,2274,1341724510
2274,2125,1341724602
2251,2028,1341726863
2194,1478,1341727418
1396,2173,1341749083
2046,7,1341752050
1878,1677,1341754810
1677,1878,1341754931
905,937,1341756056
2272,2277,1341760701
2277,2272,1341760808
2231,135,1341772432
1334,135,1341772460
1334,2173,1341772681
2278,2028,1341781424
2231,1317,1341781597
2173,2090,1341782716
2244,546,1341789197
7,2046,1341790707
1317,2231,1341801696
1947,2178,1341813629
2178,1947,1341813718
2173,2279,1341817097
2279,2173,1341817187
1802,2280,1341819737
2280,1802,1341819799
777,1948,1341829756
1948,777,1341829941
2173,2144,1341840551
2144,2173,1341840715
546,2244,1341840748
1731,1860,1341849024
1860,1731,1341849108
2067,2229,1341849484
2067,2261,1341849504
1850,1810,1341851322
1810,1850,1341851387
2281,545,1341853199
2281,1584,1341853322
2141,1044,1341858157
1044,2141,1341860134
729,2067,1341869207
13,1860,1341871316
1731,342,1341872656
342,1731,1341872658
2187,2282,1341874725
2205,2266,1341876117
304,2135,1341881239
2067,1634,1341883953
1634,2067,1341883988
2142,2124,1341885534
2124,2142,1341886932
353,2243,1341906578
905,2194,1341908833
905,2283,1341918060
905,2284,1341934174
2284,905,1341934285
1860,13,1341939890
1967,2054,1341942495
2054,1967,1341942610
2282,2187,1341943502
1933,2286,1341952232
1746,1731,1341952817
1731,1746,1341952823
2173,4,1341953565
4,2173,1341953593
2125,2097,1341957985
506,2287,1341958465
1802,1810,1341963789
1810,1802,1341963855
2125,2187,1341965532
2187,2125,1341965549
2243,2198,1341975084
2083,2288,1341979306
304,2083,1341982692
1098,1690,1341985036
1098,1846,1341985773
2251,2289,1342015490
2289,2251,1342015499
1383,215,1342016896
2288,2083,1342017477
1764,1001,1342018105
1850,2290,1342035189
2290,1850,1342036084
304,2266,1342037608
1939,1677,1342037643
1677,1939,1342037646
1690,1899,1342041429
1810,2292,1342055686
2292,1810,1342055844
304,823,1342057215
823,304,1342057234
1400,2243,1342070892
2090,2125,1342078185
7,2097,1342097600
2293,2022,1342118884
2268,1543,1342128785
304,1677,1342129467
1677,304,1342129755
2067,1529,1342129836
1529,2067,1342129857
2067,1765,1342130558
2292,2295,1342142302
905,1899,1342142397
1899,905,1342142416
2295,2292,1342142525
1744,1771,1342153963
1819,592,1342162443
2090,1281,1342175685
546,550,1342184623
550,546,1342185654
2194,2284,1342190823
2194,2042,1342190850
2042,2194,1342192204
2125,1890,1342193618
1890,2125,1342193635
905,2297,1342194311
2297,905,1342194480
2297,550,1342194619
2174,2198,1342195727
1997,2198,1342196544
1939,2269,1342198559
2067,2269,1342199208
2269,2067,1342199284
2269,1939,1342199673
304,1939,1342199983
2284,2194,1342200528
1281,2090,1342204506
2194,545,1342204693
2067,2298,1342206494
2298,2067,1342206623
2067,1890,1342208502
550,2297,1342212198
2113,2299,1342212295
1899,2297,1342212527
2297,1876,1342213787
1876,2297,1342214172
823,2297,1342215644
2297,823,1342215730
1860,1899,1342221307
2141,1217,1342231588
1258,2300,1342233053
1201,2046,1342233281
2028,2278,1342237956
2251,592,1342241633
592,2251,1342241638
361,2251,1342243774
2251,361,1342243831
2125,1819,1342244579
1819,2125,1342244636
2034,6,1342245183
6,2034,1342245532
2173,2125,1342246425
2125,2173,1342246427
2194,2217,1342262362
2217,2194,1342263895
7,57,1342274605
937,1997,1342275654
1997,937,1342275689
304,2301,1342279223
2080,2297,1342279247
2301,304,1342279279
35,2302,1342284180
2302,35,1342284359
2053,1719,1342287346
2053,61,1342287357
1967,1997,1342292197
2214,2125,1342294599
2214,1396,1342294632
2214,1953,1342294643
304,1810,1342300157
1810,304,1342300252
1846,2268,1342302173
1846,1317,1342302833
135,2296,1342303161
2113,1990,1342307319
1990,2113,1342307424
2067,1557,1342310586
2275,2067,1342310598
2275,2198,1342311016
1316,2198,1342317212
2266,2285,1342323202
2285,2266,1342327961
1217,2141,1342356205
1217,2281,1342357106
2281,1217,1342357127
2194,1191,1342359558
1191,2113,1342360045
1191,2194,1342360051
395,2304,1342381481
2304,395,1342381500
1802,1677,1342381619
1677,1802,1342381668
2067,1629,1342382026
1629,2067,1342382075
2067,171,1342382718
171,2067,1342382735
2067,2221,1342382868
988,2305,1342383271
2305,988,1342383312
2221,2067,1342383353
2098,2306,1342388127
2306,2098,1342388174
2067,2227,1342390995
2227,2067,1342391066
1400,2198,1342408619
2276,2125,1342414449
2274,1899,1342417883
1899,2274,1342418088
304,2274,1342418885
2274,304,1342419282
1948,2299,1342425889
937,2030,1342433277
2030,937,1342433314
2139,2118,1342440076
2299,436,1342456180
2194,2307,1342456336
2307,2194,1342456398
1615,2308,1342458176
436,2299,1342458197
2173,2303,1342460235
1986,2297,1342461547
2282,2309,1342461936
2309,2282,1342462215
1899,2260,1342463146
2260,1899,1342463243
1731,2063,1342465399
2063,1731,1342465667
2049,2310,1342466252
2303,25,1342466369
1201,2311,1342466600
2310,2049,1342467192
2118,2312,1342468590
988,2049,1342470642
2049,988,1342471016
988,2313,1342476331
2073,235,1342476762
1899,4,1342477264
4,1899,1342477401
1585,2306,1342481162
2306,1585,1342481534
304,2176,1342484802
937,1316,1342489074
1316,937,1342489184
1396,2214,1342489307
2243,1400,1342489568
2243,2269,1342490876
2269,2243,1342491085
2146,1731,1342492997
937,1873,1342493877
1873,937,1342493894
1731,2146,1342493996
2046,2028,1342497768
2028,2046,1342498194
304,937,1342499433
937,304,1342499449
35,2314,1342505261
937,1044,1342519226
1044,937,1342526857
1843,1774,1342540322
2309,1576,1342540331
2176,1565,1342542675
1565,2176,1342542702
2072,2316,1342543158
1267,1802,1342544190
1802,1267,1342544212
35,2299,1342547726
2067,2317,1342548213
2317,2067,1342548245
2299,35,1342548471
1899,2067,1342551805
2067,1899,1342551805
2125,2318,1342556230
533,2119,1342557488
2312,2118,1342560222
2028,2131,1342560360
2131,2028,1342560482
1896,2076,1342561879
2119,533,1342562049
1873,2312,1342563061
2054,2309,1342566073
2309,2054,1342566181
2317,1873,1342569937
2317,2044,1342569949
1873,2317,1342569976
2044,2317,1342570133
2072,1400,1342571465
1400,2072,1342571594
2316,2072,1342573834
7,2205,1342579909
2076,1896,1342583835
2275,2243,1342585303
2243,2275,1342585670
2205,7,1342588444
436,2289,1342594409
2289,436,1342594858
2319,7,1342603171
2319,2205,1342603190
2118,2320,1342613392
1217,2192,1342620833
2189,2067,1342624241
1774,1843,1342629754
1899,2321,1342632435
2321,1899,1342632711
35,1201,1342634091
1,2322,1342637362
2022,2293,1342637401
1201,2322,1342637630
1899,2323,1342638610
2323,1899,1342640383
1815,1810,1342641136
1562,35,1342643967
2192,1217,1342645058
2219,2311,1342645838
2067,2189,1342646467
2125,2178,1342653395
2214,522,1342653875
2214,1201,1342653906
2214,1366,1342654019
2194,2324,1342657633
1802,1222,1342658090
2324,2194,1342658809
1222,1802,1342658912
729,2198,1342668538
2067,2325,1342669351
2028,25,1342671063
1829,25,1342671133
2028,2325,1342672875
2325,2028,1342672966
4,2198,1342680253
2231,1860,1342683009
1860,2231,1342683109
2265,2125,1342684764
2231,2125,1342685163
2299,2326,1342693658
1939,2327,1342704387
2327,1939,1342704409
1317,2034,1342709475
171,1832,1342710988
2303,2173,1342718029
2034,1317,1342719985
2046,1201,1342720836
2067,1502,1342721494
1502,2067,1342721569
2244,1585,1342724446
2219,2028,1342725873
1810,1838,1342726756
1838,1810,1342727416
2034,2028,1342733388
2241,1121,1342737297
1121,2241,1342737853
2028,2204,1342738171
304,2330,1342740309
2330,304,1342740409
2083,304,1342741385
2090,2269,1342744939
2326,2299,1342749906
1890,2067,1342751901
1585,2244,1342752195
1751,304,1342752759
304,1751,1342752797
1565,359,1342753453
1890,1991,1342753911
1991,1890,1342753956
2257,1585,1342762800
2318,2331,1342763806
2326,2198,1342764308
2331,2198,1342764324
2173,25,1342765139
533,1810,1342766465
1810,533,1342766481
2173,2318,1342773619
2318,2173,1342773738
2167,2311,1342790776
1001,1764,1342797265
2332,2333,1342798488
1939,304,1342804361
1201,2214,1342808287
1620,2318,1342816908
2318,1620,1342816985
2090,215,1342818148
35,2334,1342819809
2334,35,1342819862
2214,2219,1342826833
304,2255,1342829727
2255,304,1342829953
2219,2214,1342832502
2311,2219,1342833977
540,2231,1342834355
522,2214,1342835349
937,2311,1342842844
2311,937,1342842969
1585,1499,1342854325
2325,2198,1342854721
729,1860,1342854992
1860,729,1342855024
1201,729,1342856207
1529,1528,1342862482
592,937,1342882535
937,592,1342882593
1217,2335,1342883891
729,395,1342887559
395,729,1342887567
2231,540,1342893864
905,770,1342894525
2304,446,1342894609
2304,1670,1342896127
1670,2304,1342896144
2113,274,1342897227
729,1502,1342903757
1502,729,1342903778
304,2257,1342903928
2257,304,1342904021
1967,2067,1342905736
2067,1967,1342906433
2255,2198,1342919237
1396,1499,1342920579
908,2046,1342926939
1585,2257,1342929708
1543,2257,1342933519
2257,1543,1342933670
1201,1543,1342934425
2034,2214,1342936020
1899,1819,1342943544
1819,1899,1342943771
2199,2205,1342944417
2205,2199,1342944476
2297,1955,1342957056
1810,2336,1342980106
2336,1810,1342980674
2266,304,1342981894
729,2296,1342983474
2189,2337,1342985607
2337,2189,1342985643
729,1,1342985825
1,729,1342985886
2067,2119,1342995920
2119,2067,1342995969
2297,1922,1343003240
1557,2067,1343004333
2297,2338,1343004882
2325,2125,1343008280
2306,2125,1343012283
2125,2306,1343012290
2125,1946,1343012930
1946,2125,1343012985
937,353,1343014187
353,937,1343014216
2067,2292,1343016137
1396,1890,1343016399
1890,1396,1343016433
2292,2067,1343019866
2090,2339,1343025253
2339,2090,1343025405
2297,2198,1343046317
2305,2224,1343049112
2230,2229,1343057832
1967,1948,1343059708
2090,304,1343066773
35,2340,1343068231
35,1562,1343068493
2165,1948,1343073117
1948,2165,1343073401
1204,1899,1343077062
274,2113,1343080919
1185,1948,1343087599
1629,2192,1343087723
1899,1204,1343092077
1899,7,1343092224
7,1899,1343092380
1317,1937,1343094333
1937,1317,1343094414
1986,1363,1343096688
2255,1412,1343102700
1412,2255,1343102752
546,2296,1343105380
2124,1,1343105415
1,2341,1343106885
2341,1,1343106981
1,1585,1343107074
1,4,1343107173
4,1,1343107243
1585,1,1343107428
546,2125,1343107791
2125,546,1343107828
1585,135,1343108106
1819,2318,1343109314
2318,1819,1343109654
1790,2342,1343126067
2342,1790,1343127548
2192,1629,1343133255
1850,2131,1343154959
2131,1850,1343155013
1939,2343,1343159456
2343,1939,1343159764
1566,2028,1343161150
1939,309,1343161577
1317,1966,1343167148
270,1204,1343168862
1204,270,1343169705
1204,2344,1343169922
2344,1204,1343170036
1899,2345,1343183458
2345,1899,1343183493
1557,492,1343185973
2344,2296,1343188026
274,2125,1343189537
2124,1810,1343189812
1810,2124,1343189898
2348,2296,1343217032
2028,2348,1343217381
2348,2028,1343217541
2125,2349,1343226336
2349,2125,1343226398
1967,1366,1343230077
2080,2192,1343232183
2311,2349,1343234962
2349,2311,1343235074
2311,1201,1343235894
1953,1201,1343236034
2335,1217,1343237182
1316,1366,1343241225
2192,25,1343242431
2192,2080,1343242502
1316,425,1343254586
425,1316,1343254657
1585,2325,1343264066
2325,1585,1343264937
2303,2296,1343269202
1316,1487,1343269208
2188,1690,1343276604
1201,35,1343277068
322,1386,1343283086
15,1566,1343309212
2125,2255,1343314525
2255,2125,1343314575
2224,1555,1343316169
2224,2305,1343316198
1832,1675,1343317762
1675,1832,1343317906
2277,1675,1343318406
1675,2277,1343318449
2118,2352,1343318682
2352,2118,1343318810
2063,2277,1343325705
2277,2063,1343325805
546,1557,1343327328
1557,546,1343327343
2306,546,1343328102
546,2306,1343328336
2204,1899,1343329905
546,2349,1343330228
2349,546,1343330445
546,2224,1343331360
2125,841,1343332021
841,2125,1343332180
2224,2262,1343332288
546,1565,1343334619
1565,546,1343334657
1675,1912,1343338449
1912,1675,1343338505
2067,2346,1343339851
353,1994,1343340068
1994,353,1343340116
2346,2067,1343340724
2192,2013,1343342050
2255,2020,1343351152
2020,2255,1343351185
1850,304,1343353572
2277,2275,1343355409
2275,2277,1343355470
171,1,1343355699
2135,2349,1343355802
1,171,1343357724
1366,1,1343366691
732,2346,1343383820
2346,732,1343384300
2118,2353,1343386157
2353,2118,1343392391
2349,2135,1343395055
2230,2118,1343407221
2013,2192,1343407355
2013,446,1343408301
1905,2072,1343416836
1670,2356,1343417384
2356,1670,1343417423
353,1565,1343417579
1565,353,1343417592
2262,2224,1343417638
1317,2341,1343418342
2341,1317,1343418359
1396,2124,1343419988
2303,2276,1343421403
2028,2276,1343421612
2173,2276,1343421751
905,2276,1343421807
1953,2357,1343422192
2357,1953,1343422368
2349,1204,1343424609
1953,1966,1343425962
1204,2349,1343426081
2028,2358,1343430561
2358,2028,1343430569
1499,2311,1343443380
1690,2188,1343446072
2311,1499,1343446460
539,2360,1343456658
2360,539,1343457137
13,2224,1343467326
2224,13,1343467407
2363,2198,1343473248
2299,2346,1343503813
1899,2364,1343514892
2364,1899,1343515077
1366,2125,1343518365
1899,2306,1343521511
2306,1899,1343521512
2028,2251,1343523706
2365,2296,1343531354
732,2176,1343547662
1615,2366,1343574569
2366,1615,1343575061
2268,2113,1343575875
2214,2034,1343582228
1437,1611,1343586790
1611,1437,1343588536
2125,2251,1343589827
2346,2299,1343592602
13,2214,1343594815
2067,1281,1343595700
905,2306,1343599023
2306,905,1343599059
2304,905,1343599887
228,2368,1343604910
2368,228,1343605141
2046,908,1343605655
1899,2090,1343616089
2090,1899,1343616179
2208,2230,1343617057
2328,2359,1343620609
2359,2328,1343620646
2359,57,1343620684
2328,57,1343620692
2214,2198,1343626660
304,2369,1343627840
2369,304,1343628086
1185,2230,1343630900
2173,2342,1343642589
1921,2310,1343646798
7,1487,1343647173
2310,1921,1343648473
1281,2371,1343654076
2371,1281,1343654101
1396,4,1343654404
2365,2198,1343664860
2118,2372,1343668080
2012,2198,1343670855
2045,192,1343671156
2372,2118,1343675655
905,2304,1343677739
2124,1396,1343678550
2297,2080,1343679879
2255,2344,1343698173
2344,2255,1343698299
2344,2028,1343699926
2297,104,1343700091
104,2297,1343700311
2173,2373,1343706370
2373,2173,1343706704
2318,905,1343712881
35,2359,1343721753
13,1991,1343723388
1991,13,1343723404
905,1528,1343725063
2034,1584,1343726375
2067,1921,1343736895
1921,2067,1343736968
2266,2374,1343742475
2374,2266,1343743284
2367,2067,1343746677
2373,2194,1343746841
2067,1731,1343750429
1731,2067,1343750461
2173,2289,1343754025
2289,2173,1343754082
2266,2303,1343755848
2018,2375,1343756727
2375,2018,1343757332
1832,2045,1343759249
2296,2072,1343759301
2028,1953,1343765222
2067,1953,1343765267
2067,2260,1343768555
2034,1955,1343768809
729,1565,1343771737
2306,2346,1343786236
2346,2306,1343786280
13,1527,1343812957
1527,13,1343812985
2072,2296,1343839458
1850,1860,1343841390
1860,1850,1343841853
1899,2173,1343843786
2173,1899,1343843835
2359,35,1343848310
2028,1612,1343849087
1612,2028,1343849105
2305,2377,1343850923
2377,2305,1343851158
2377,2313,1343851347
304,635,1343855204
2090,1810,1343857490
2113,2243,1343859898
2359,1860,1343863899
2173,2266,1343865041
2266,2173,1343865171
2028,2242,1343872525
2242,2028,1343872669
2124,2125,1343876237
1529,1899,1343878540
2349,2124,1343878876
2214,2344,1343880566
1899,1529,1343880570
57,228,1343884032
1615,1573,1343898100
2371,2379,1343918333
2379,2371,1343919344
1899,2204,1343933771
1201,1529,1343939990
2018,2194,1343943434
35,2110,1343947451
2110,35,1343947858
2028,1946,1343948972
2344,2214,1343949502
1317,1316,1343949801
1860,2359,1343951107
2067,353,1343952482
353,2067,1343952505
1584,2034,1343959668
1850,2318,1343962064
2318,1850,1343962203
304,1584,1343970834
1584,304,1343970881
2346,2296,1343972956
304,729,1343974492
729,304,1343974569
2067,2367,1343996233
2208,2293,1344013916
2318,1832,1344015818
1832,2318,1344015824
2208,2365,1344021607
2365,2208,1344021673
35,2378,1344023421
1802,2380,1344029107
2380,1802,1344029161
2208,2381,1344048249
2381,2208,1344048326
2125,2205,1344050898
2205,2125,1344050948
2318,2382,1344054546
2382,2318,1344054597
2311,2167,1344062978
2303,1794,1344067346
2383,2313,1344074408
2383,2384,1344074455
1386,1690,1344110976
1620,2249,1344111549
2249,1620,1344111918
1316,1317,1344118858
1846,2385,1344123242
1846,2386,1344123789
1846,2387,1344124010
1846,1878,1344124302
905,1890,1344124481
1890,905,1344124552
2387,1846,1344124562
2113,2386,1344124872
1899,1517,1344125097
1517,1899,1344125349
2208,2328,1344142703
1217,2389,1344181225
2389,1217,1344185629
2201,1334,1344186003
2257,1850,1344190439
1850,2257,1344190702
2390,2293,1344191456
2293,2390,1344191484
1946,2028,1344192826
2390,35,1344194816
2370,1670,1344199803
2063,2306,1344203288
13,2221,1344206163
2221,13,1344206917
1629,2063,1344207303
2063,1629,1344207323
1922,2391,1344207580
1922,2297,1344208598
1920,2028,1344216190
304,342,1344218732
342,304,1344218742
2328,2392,1344226959
2392,2328,1344227530
2393,2296,1344228570
1890,2296,1344229320
35,2393,1344231993
2393,35,1344232141
2125,2265,1344232785
2208,2164,1344255709
2173,2394,1344258924
2394,2173,1344259146
1565,2214,1344267230
2214,1565,1344267279
1922,2293,1344272006
2293,1922,1344272035
2299,2389,1344274577
2230,2208,1344275566
2230,1185,1344275618
2389,2299,1344276322
1754,2198,1344278946
2391,1922,1344281056
1912,2389,1344282779
2121,2127,1344283736
2389,1912,1344287995
1810,2395,1344297756
2395,1810,1344298161
1832,2344,1344300764
363,304,1344301556
2127,2121,1344306916
2028,2346,1344311868
2346,2028,1344312055
1921,1810,1344326622
1810,1921,1344326693
1843,760,1344333567
1912,2362,1344343594
2362,1912,1344344524
2266,592,1344349867
592,1819,1344349952
592,2266,1344349961
171,2198,1344353422
1922,13,1344355574
13,1922,1344355623
2315,2198,1344358481
2125,2397,1344359553
2397,2125,1344359673
2266,1675,1344359987
2349,2204,1344362157
2054,1478,1344362749
1810,1953,1344372503
35,2315,1344374749
2315,35,1344374777
35,2398,1344375286
2398,35,1344375352
2315,2398,1344377394
2398,2315,1344377414
1802,1334,1344378659
2364,2399,1344380061
2399,2364,1344380096
2030,2198,1344380412
700,2198,1344390007
353,2400,1344399445
2400,353,1344400097
2028,1585,1344407461
2399,2194,1344410442
2194,2399,1344410583
1916,1860,1344416758
2208,2401,1344427950
2401,2208,1344428014
2350,2125,1344454210
2125,2350,1344454294
1675,2266,1344455122
2174,25,1344456798
2399,1948,1344462340
1948,2399,1344462566
304,1053,1344470019
1053,304,1344470081
2404,2344,1344476042
304,1656,1344483813
1053,1,1344485343
1656,304,1344485604
1656,635,1344486196
635,1656,1344486267
1529,2198,1344491610
1529,1386,1344492023
13,342,1344494605
342,13,1344494611
729,2398,1344495787
2398,729,1344495799
35,2390,1344498242
2406,2397,1344504375
2397,2406,1344505329
1675,2407,1344510211
2407,1675,1344510411
1921,2198,1344522885
2252,2408,1344526613
2408,2252,1344528184
937,533,1344531165
533,937,1344532753
905,2318,1344534048
35,2356,1344536162
2356,35,1344536186
1899,2408,1344538475
2408,1899,1344539451
1508,729,1344549932
729,1508,1344549988
1757,1899,1344553093
1899,1757,1344553129
1832,13,1344553851
13,1832,1344554053
1757,13,1344555993
21,2194,1344558302
270,2411,1344561202
2405,2407,1344562915
2405,2198,1344562924
2407,2405,1344563202
2266,2292,1344563512
1584,1832,1344574595
2407,2412,1344575462
2412,2407,1344575605
2292,2266,1344578093
2405,2397,1344581966
2397,2405,1344582102
905,2187,1344583680
2187,905,1344583791
2173,2328,1344587317
2328,2173,1344587331
1912,35,1344607963
2249,2414,1344610595
1757,2266,1344616159
2266,2262,1344619462
2262,2266,1344623285
304,1850,1344625060
304,2249,1344629885
2293,2198,1344632239
2249,304,1344633132
1201,1316,1344638098
1316,1201,1344638144
1905,2119,1344645271
700,304,1344646073
304,700,1344646089
304,491,1344650088
491,304,1344650145
304,7,1344650240
1764,1363,1344651016
1363,1764,1344651314
304,2417,1344651487
2417,304,1344652582
1352,1317,1344652942
905,1352,1344653024
2344,1899,1344654269
1899,2344,1344654288
353,2198,1344662632
2408,35,1344663128
1899,2198,1344663684
2252,1069,1344678145
2389,2411,1344693707
57,2411,1344694103
2411,2389,1344694365
2411,57,1344694500
1675,2408,1344700792
2408,1675,1344700970
13,2411,1344703425
2411,13,1344703541
1810,2198,1344711656
2291,2198,1344715520
204,2303,1344716278
2303,204,1344716292
905,2392,1344726127
2392,905,1344726316
2266,2392,1344732641
2392,2266,1344732714
2296,2266,1344733160
2296,1890,1344733178
2296,2393,1344733204
2296,2365,1344733251
2296,2303,1344733375
2296,2348,1344733439
2296,2344,1344733473
2296,546,1344733508
2296,729,1344733726
1396,2198,1344733950
304,1860,1344736361
1860,304,1344736430
1899,2262,1344747156
13,2419,1344747233
2419,13,1344747696
2344,353,1344747931
540,2198,1344748689
2262,1899,1344752915
2296,2419,1344754541
2419,2296,1344754544
1528,2318,1344761986
2194,2373,1344773258
2194,21,1344773290
2194,330,1344773796
2419,2420,1344785375
2420,2419,1344785420
2419,2289,1344789217
2289,2419,1344789583
2344,2421,1344804038
2214,1731,1344806772
1899,2421,1344809285
2421,1899,1344813757
2421,2344,1344814608
2125,2422,1344823868
2422,2125,1344824359
184,1386,1344827612
2125,2351,1344829328
1584,2194,1344830193
1899,2243,1344839113
2243,1899,1344839297
1953,2423,1344856079
2423,1953,1344856154
1316,1566,1344866727
1967,2198,1344872714
1899,96,1344879177
96,1899,1344880061
1731,2214,1344880901
1731,1656,1344881005
2266,1555,1344881989
1555,2266,1344882015
2243,2424,1344882472
1555,2397,1344882502
2397,1555,1344882571
2424,2243,1344882579
2233,304,1344882632
304,2233,1344882837
2344,1832,1344884828
2292,2425,1344887421
1281,2017,1344887450
1746,2198,1344888048
1948,1615,1344889342
2119,1905,1344891970
1757,2198,1344895130
57,1316,1344902875
1437,2416,1344906033
2266,2344,1344909935
57,1201,1344910259
1802,304,1344910294
304,1802,1344910340
304,1612,1344912751
1612,304,1344912805
1757,2292,1344913402
2411,2426,1344915620
2426,2411,1344916207
1757,2296,1344916319
35,2408,1344928755
2118,2230,1344929343
2427,2118,1344933151
1615,1948,1344935135
1478,2427,1344938734
35,2428,1344941725
2428,35,1344941924
2429,2427,1344950784
2427,2429,1344955907
2292,1757,1344957747
2427,1478,1344961694
2424,2397,1344962250
1843,2403,1344963881
2403,1843,1344967054
1810,2424,1344968890
2424,1810,1344968954
2427,2430,1344974909
2194,1901,1344975414
1,143,1344980398
143,1,1344981129
2344,25,1344982299
1586,1899,1344993584
1899,1586,1344993654
1899,2164,1344993724
2067,2424,1344994017
1543,2198,1344995713
1543,2266,1344996534
1543,1386,1344996662
1953,1543,1344997338
2296,425,1344998139
2344,2198,1344999825
2318,846,1345003545
1744,2400,1345031600
2354,491,1345033453
35,2432,1345039396
35,2433,1345039408
171,2125,1345052794
2125,171,1345052797
2400,1744,1345053320
1565,1693,1345053402
2318,2262,1345053565
2262,2318,1345053590
492,1,1345054592
2028,2434,1345057784
2434,2028,1345057824
2389,2173,1345063312
1746,1948,1345063339
2173,2389,1345063899
2415,2435,1345064950
2435,2415,1345064979
1802,2214,1345065109
2434,1899,1345068674
1899,2434,1345068696
2415,2028,1345068855
2435,2344,1345070576
2214,1802,1345071645
2344,2404,1345072897
492,550,1345074132
550,492,1345074173
1,492,1345075709
1201,2436,1345079409
1802,2344,1345086241
2344,1802,1345086250
2131,2198,1345088285
2318,2437,1345091532
2437,2318,1345091556
846,2318,1345092421
2420,2198,1345098838
1217,2427,1345105856
1948,1746,1345111151
492,1437,1345131432
1693,1565,1345133470
2125,2438,1345138000
2410,2028,1345145858
2028,2410,1345145956
2410,2439,1345146214
2332,2067,1345146707
2067,2332,1345151424
1810,2440,1345151786
7,2404,1345152842
2404,7,1345153517
2028,2441,1345160170
4,2344,1345160673
2344,4,1345162938
2441,2028,1345165250
1810,1946,1345165921
1946,1810,1345165999
2132,1810,1345177181
2296,2346,1345187288
353,2296,1345189587
2296,353,1345189653
729,937,1345194981
937,729,1345195012
353,2176,1345198366
2176,353,1345198404
700,2415,1345199361
2415,700,1345199429
635,2443,1345203850
2443,635,1345203886
635,2444,1345203896
2444,635,1345203903
2443,2444,1345203968
2444,2443,1345204020
546,635,1345226955
635,546,1345226973
2445,415,1345228455
415,2445,1345228552
729,550,1345234145
550,729,1345234251
202,304,1345235820
2080,2313,1345241523
2344,1565,1345242504
1383,1566,1345242623
2438,2125,1345243115
2176,2409,1345244740
550,2102,1345244741
2028,2344,1345245747
35,2446,1345245897
1437,492,1345246618
2392,546,1345257607
546,2198,1345258098
2132,2447,1345258603
1832,2409,1345259819
546,2392,1345259855
2441,2412,1345263766
304,1670,1345264029
2287,2198,1345265348
550,2198,1345265659
2125,2437,1345266032
2437,2125,1345266050
2447,2132,1345268290
35,2449,1345269219
35,2450,1345269228
2125,2441,1345269465
2441,2125,1345269468
2176,13,1345270745
13,2176,1345276480
2434,1885,1345278283
491,2354,1345286045
1217,1286,1345289611
492,1754,1345293246
1754,492,1345293288
2067,2449,1345298116
2449,2067,1345298317
2063,1396,1345299544
2451,1396,1345299929
57,2452,1345303594
2452,57,1345303716
2311,1222,1345310821
2067,2453,1345310916
1222,2311,1345311177
1386,2454,1345312400
492,1557,1345317679
2446,35,1345321280
2217,2455,1345322882
2067,2435,1345323312
1714,2125,1345329476
2028,1860,1345330418
2125,1714,1345331358
143,2455,1345331925
1053,2455,1345332775
3598,2458,1345333892
2458,3598,1345333913
2306,304,1345334029
2125,2459,1345342744
2459,2125,1345342759
2318,2176,1345345149
635,2460,1345346091
2460,635,1345346110
2404,2461,1345353544
2028,2090,1345355071
2461,2404,1345356978
318,62,1345357216
2080,2090,1345360056
135,2090,1345361534
353,1396,1345394593
1396,353,1345394682
729,1396,1345395104
2028,2462,1345396669
2462,2028,1345397214
2448,2428,1345398675
2385,2455,1345399395
2132,1624,1345401039
41,2455,1345404271
1948,2455,1345405536
1396,13,1345405870
13,1396,1345406044
1566,2455,1345407064
2454,1386,1345408454
2404,1557,1345409756
1557,2404,1345409864
2404,2463,1345410356
2456,2173,1345411279
2463,2404,1345411378
2214,2328,1345413361
2214,2249,1345413440
1557,2028,1345414019
2028,1557,1345414051
647,2322,1345415983
2322,647,1345416009
259,2455,1345419047
2249,2214,1345420253
550,905,1345423727
1386,1829,1345428800
1565,1829,1345428858
2296,35,1345429084
2296,2464,1345433913
2464,2296,1345434229
2464,35,1345434240
1585,2173,1345437232
1,2455,1345437549
2132,2102,1345449551
2407,2198,1345452274
2296,2433,1345459118
2463,35,1345465448
1529,1885,1345468339
1529,492,1345468342
1905,1675,1345477806
1675,1905,1345477811
1689,2063,1345478163
2063,1689,1345478244
492,1611,1345479746
1885,1201,1345480576
1201,1885,1345480728
1555,1731,1345483124
1731,1555,1345483338
1529,1396,1345487118
1529,425,1345487149
2418,2198,1345489780
7,1555,1345492059
1555,7,1345492096
1555,2404,1345492108
2028,2359,1345492203
2359,2028,1345492210
2404,1555,1345492528
6,2455,1345501525
1885,2028,1345510303
2028,2466,1345511111
2466,2028,1345511435
905,2466,1345513539
2466,905,1345513601
1693,1201,1345515137
1810,2468,1345516299
2416,1437,1345516485
2468,1810,1345516826
905,2404,1345518839
2296,2469,1345519142
2469,2296,1345519343
1860,1819,1345528906
1819,1860,1345530445
1052,1366,1345532249
2447,905,1345534387
2378,7,1345540546
7,2378,1345541528
2430,1670,1345546873
1670,2430,1345546903
2437,2198,1345559467
1585,2198,1345560125
1217,2470,1345563416
2410,2471,1345563904
35,492,1345564142
2471,2410,1345564466
2034,184,1345564786
2266,2473,1345565331
2473,2266,1345565517
2472,1544,1345567536
1555,2067,1345570406
2067,1555,1345570408
1555,1565,1345572663
1565,1555,1345572682
1555,1779,1345572856
1779,1555,1345572886
1544,2472,1345573435
395,2318,1345575371
1611,492,1345575450
1555,2198,1345582183
2080,2474,1345586158
2080,2475,1345586281
988,2476,1345587663
1499,2067,1345589133
2397,2477,1345594685
2477,2397,1345594824
1396,2478,1345595959
2478,1396,1345600365
1899,2442,1345606849
2442,1899,1345607241
905,2370,1345613043
1201,4,1345615362
4,1201,1345615389
2476,988,1345620505
2475,2080,1345631669
1366,1052,1345642841
2119,1810,1345645969
2028,2479,1345647431
2479,2028,1345647486
1,635,1345650003
1810,2119,1345650942
492,1529,1345660324
425,1529,1345661439
2266,2350,1345662042
2350,2266,1345662185
492,2404,1345682489
2404,492,1345682824
1499,1846,1345683578
2034,304,1345689248
1885,2434,1345691682
2296,2198,1345701156
2173,2456,1345702104
35,2453,1345706191
35,2464,1345706210
35,2481,1345706221
35,2482,1345706230
35,2463,1345706239
2304,2434,1345711570
2097,2028,1345736012
1905,2485,1345739983
2485,1905,1345740090
2304,2194,1345740148
1725,2486,1345743934
2486,1725,1345744024
1557,2484,1345745365
2484,1557,1345745538
2194,2304,1345752856
2296,2067,1345755363
2067,2296,1345755494
492,1912,1345758686
1912,492,1345758834
2266,2487,1345767360
2487,2266,1345767416
2447,2404,1345773537
2296,2488,1345774051
2488,2296,1345775131
2306,209,1345778078
1810,2337,1345778126
209,2306,1345778128
2337,1810,1345778241
1,2410,1345780384
1,2471,1345780392
2123,1557,1345795348
1557,2123,1345795379
2483,35,1345799551
2483,1615,1345799657
905,2447,1345801626
2122,1843,1345803486
2122,2118,1345804183
2333,2332,1345817603
2173,2176,1345819034
2485,1334,1345822468
1334,2485,1345822508
1843,2043,1345824958
2043,1843,1345825961
2397,2198,1345825989
1565,425,1345828559
425,1565,1345828579
2304,2480,1345830332
1555,2489,1345834508
1334,2266,1345834518
1217,2489,1345847086
2080,2490,1345851744
1693,2127,1345854601
2176,2491,1345860436
2491,2176,1345862760
395,2480,1345864361
1693,256,1345866258
395,2028,1345866945
2028,395,1345866974
2028,2492,1345867422
2492,2028,1345867526
395,2493,1345867814
2493,395,1345867952
1810,2273,1345872438
2273,1810,1345872511
35,2495,1345875703
35,2496,1345875712
1543,2176,1345878953
2176,2318,1345879742
184,1764,1345898127
2490,2080,1345900029
1352,1693,1345909174
304,2118,1345909871
256,2494,1345919236
2028,2454,1345919368
2454,2028,1345919394
2494,256,1345919434
35,2221,1345920922
2221,35,1345920970
1502,492,1345925282
1386,2497,1345938786
204,2499,1345939503
204,2498,1345939852
2497,1386,1345940941
4,189,1345946574
1453,2500,1345964310
2500,1453,1345964382
189,4,1345964946
340,2113,1345986695
2501,209,1345995114
209,2501,1345995170
353,2397,1345998202
2397,353,1345998339
209,353,1345999894
353,209,1346000376
184,2034,1346000415
2397,209,1346000537
209,2397,1346000676
2214,2306,1346016243
962,2028,1346016851
2028,962,1346016942
1584,2045,1346017607
1584,2214,1346017658
1584,2205,1346017746
2205,1584,1346018090
3598,2494,1346018512
2494,3598,1346018531
1584,3598,1346018806
2045,1584,1346018855
2494,2502,1346020849
2502,2494,1346020965
2311,2397,1346021036
2397,2311,1346021076
2307,2434,1346022790
2307,2367,1346023379
2307,2480,1346023410
2486,2503,1346026821
2503,2486,1346027067
425,7,1346030132
7,425,1346030522
1890,13,1346040045
13,1890,1346040064
2214,2399,1346040907
905,2198,1346045289
184,1725,1346076392
1725,184,1346077844
270,905,1346088810
550,2266,1346089662
2266,550,1346089664
270,550,1346090663
550,270,1346090693
1693,1543,1346093005
2311,2198,1346097023
1675,2198,1346100605
2318,2198,1346101584
2266,2504,1346101602
2504,2266,1346101891
2449,2178,1346104243
2178,2449,1346104781
1528,1383,1346111005
1693,1383,1346111399
2449,2505,1346113570
2505,2449,1346113684
2028,1528,1346114772
492,2198,1346120923
492,4,1346125827
4,492,1346127083
2328,2208,1346130086
1899,1860,1346132410
2495,35,1346139099
35,2506,1346144608
2173,2507,1346147224
2507,1185,1346147413
2507,2173,1346147553
563,1675,1346174621
1675,563,1346175249
1725,1383,1346175738
1810,2508,1346177765
2508,1810,1346177973
2030,1832,1346178195
1832,2030,1346178198
2501,2371,1346196075
2371,2501,1346196183
353,2344,1346201253
2399,2198,1346204463
1557,1383,1346205039
705,2449,1346207961
2399,705,1346209346
705,2399,1346209567
1352,1383,1346210081
2173,1383,1346228247
2187,2281,1346234994
35,2509,1346235435
2320,2118,1346245174
2440,1810,1346256017
1731,2397,1346260213
2397,1731,1346260430
2244,1383,1346262224
304,2306,1346264583
353,2449,1346269133
2449,353,1346269138
2399,2318,1346273594
2318,2399,1346273729
2318,2030,1346277190
1566,2510,1346278065
2510,1566,1346279452
2510,1846,1346279549
2510,2113,1346279811
2510,1733,1346279856
2034,2259,1346281525
2034,1846,1346281606
2030,304,1346286332
304,2030,1346286523
1885,1529,1346296604
2485,2511,1346316703
2509,35,1346319867
2034,1,1346321007
2067,2090,1346325677
1752,2475,1346336991
2475,1752,1346337512
1899,2512,1346343931
937,1502,1346345799
1502,937,1346345848
1502,1731,1346346221
1731,1502,1346346339
2513,1899,1346348387
1,2034,1346349635
2124,2198,1346352162
2505,2514,1346361946
2514,2505,1346361972
1899,2293,1346363723
2293,1899,1346363814
2515,2475,1346365831
2505,2516,1346365893
2516,2505,1346365903
1386,1615,1346365950
1615,1386,1346366093
2475,2515,1346366629
2505,2517,1346367205
1899,2518,1346371176
2399,2214,1346372404
2028,2519,1346382669
2306,2214,1346382937
353,2494,1346383683
2494,353,1346383817
1991,2412,1346390088
2412,1991,1346394307
2296,2328,1346397707
2328,2296,1346397719
2118,2520,1346403937
2520,2118,1346404166
2436,1201,1346412454
353,1810,1346433832
1810,353,1346433851
2347,2313,1346447884
246,2299,1346448765
304,1585,1346448855
2299,246,1346448868
2403,545,1346451751
2516,1810,1346453606
1810,2516,1346453638
2344,2517,1346454717
2344,2514,1346454727
2344,2516,1346454738
2517,2505,1346454880
1585,1810,1346455139
1317,2214,1346455828
2518,1899,1346457925
2516,2522,1346463865
1363,2505,1346474430
1363,2514,1346474445
1363,2516,1346474464
2510,2523,1346504527
2521,35,1346526105
1693,171,1346530282
171,1693,1346530315
1896,1810,1346535380
1810,1896,1346535430
2399,550,1346536140
550,2399,1346536179
1810,550,1346537878
550,1810,1346537891
1693,1584,1346542577
1584,1693,1346542644
2519,2028,1346550141
2520,2067,1346551264
2399,2524,1346552119
2524,2399,1346552435
2524,2028,1346553031
2524,2125,1346553146
1566,2258,1346553395
1352,241,1346554835
2318,2125,1346555533
2399,2328,1346556428
2328,2399,1346556653
2325,2405,1346556824
1396,2318,1346558193
2328,2525,1346558213
2525,2328,1346558366
2328,2333,1346559322
2333,2328,1346559342
2405,2325,1346559623
7,2397,1346560164
1810,2325,1346574292
2325,1810,1346574624
2296,202,1346574995
202,2296,1346575056
2258,1566,1346582788
635,1905,1346595433
1905,635,1346595474
2486,700,1346597081
700,2486,1346597138
35,2521,1346610227
35,2527,1346610249
35,2513,1346610260
35,2528,1346610269
2258,2113,1346619013
2427,2475,1346620123
2475,2427,1346620598
2028,1922,1346650093
1922,2028,1346650317
2030,2485,1346672109
2485,2030,1346672236
2520,2485,1346672989
2284,2259,1346681750
2262,2067,1346698040
304,1764,1346700753
823,2070,1346708053
2070,823,1346708098
1810,1954,1346717266
1954,1810,1346717390
2187,2529,1346718569
2529,1576,1346721912
2529,2187,1346722748
304,905,1346724018
6,1383,1346725456
2397,2399,1346740936
2399,2397,1346740983
318,1383,1346747163
159,1383,1346749030
2485,2520,1346758495
2340,35,1346759735
35,2531,1346779276
2484,2420,1346781253
1860,1502,1346783567
1502,1860,1346783618
635,304,1346790853
2304,35,1346791193
35,2304,1346791215
2420,2532,1346792394
35,1922,1346792907
1922,35,1346792916
2420,2484,1346797550
1911,1810,1346799090
7,2533,1346801419
2399,1779,1346805102
1779,2399,1346805211
2399,2016,1346812087
2484,1815,1346812450
2028,2534,1346816057
2534,2028,1346816205
2016,2399,1346818974
2523,25,1346820984
2231,2318,1346825589
2318,2231,1346825601
1921,2485,1346836368
2485,1921,1346836409
1921,2017,1346838681
2017,1921,1346839378
2535,2485,1346839410
2231,304,1346864974
2293,2231,1346865383
2231,2293,1346865774
1366,1731,1346868177
1731,1366,1346868205
1731,2536,1346877597
2067,2312,1346884475
1899,2537,1346887250
2537,1899,1346887360
2053,1383,1346889659
26,1383,1346890182
26,35,1346890534
1922,856,1346907562
1922,2355,1346911696
2538,2017,1346914638
1733,1905,1346915855
1733,1383,1346916202
1905,1733,1346932620
2516,2539,1346937243
2539,2540,1346937359
2516,2541,1346937495
2541,2540,1346937525
2516,2542,1346937678
2542,2540,1346937703
2516,2543,1346937861
2543,2540,1346937892
2516,2544,1346937986
2544,2540,1346938007
2516,2545,1346938099
2545,2540,1346938123
1396,2033,1346943589
1832,1529,1346943863
2252,2546,1346947475
2546,2252,1346948184
2028,184,1346948191
35,2547,1346952004
2355,1899,1346952712
1899,2355,1346952784
2312,2067,1346958370
241,832,1346959855
241,249,1346959921
241,1363,1346961893
2258,1383,1346963442
2028,2539,1346965096
2028,2540,1346965163
2501,2540,1346966115
2546,2485,1346966996
425,6,1346967679
2158,710,1346967848
1719,2158,1346969085
13,710,1346973647
1810,2540,1346974886
2067,2540,1346977041
2399,2521,1346980648
2521,2399,1346981348
2540,2548,1346981739
2540,2549,1346981906
2399,2296,1346983608
2296,2399,1346983697
1886,2540,1346983724
1860,2028,1346987783
1529,1832,1346994400
2296,2550,1346997490
2550,2296,1346997863
2296,2548,1347000789
2550,2548,1347001396
2266,2516,1347002865
2266,2505,1347002876
2266,2514,1347003590
2266,2532,1347003616
2266,2540,1347003715
2266,2471,1347003767
2266,2410,1347003780
2266,2539,1347003827
2266,2543,1347003903
2266,2544,1347003916
2266,2545,1347003929
2266,2522,1347003940
2266,2542,1347003951
2266,2541,1347003966
35,2551,1347006954
2342,2370,1347008737
2370,2342,1347008804
2296,2485,1347011717
2485,2296,1347011881
2067,2532,1347013525
2067,2505,1347013538
2067,2548,1347013629
2067,2514,1347013707
710,13,1347026750
905,2552,1347027222
2485,2475,1347027444
2475,2485,1347029009
425,1543,1347038736
2293,1543,1347038873
1810,2549,1347039039
546,2475,1347041867
2475,546,1347042208
2067,2549,1347042256
546,2535,1347042461
2535,546,1347042472
304,546,1347043663
304,2415,1347043680
2415,304,1347043774
546,304,1347043876
2125,2553,1347044487
2553,2125,1347044569
2552,905,1347048134
710,2552,1347048335
546,2552,1347050582
2552,546,1347050602
546,2537,1347054216
2537,546,1347054263
13,2555,1347054308
2555,13,1347054416
2552,710,1347055997
2067,2556,1347056268
2475,2067,1347056553
2067,2475,1347056653
2556,2067,1347057548
1899,2521,1347060233
2521,1899,1347060796
2328,2176,1347062077
2472,2067,1347063346
13,2557,1347072830
2557,13,1347073085
13,2552,1347073513
2552,13,1347073583
2536,1731,1347076612
242,1899,1347078520
384,2198,1347078752
1899,242,1347078790
2556,2538,1347080297
228,2318,1347087623
2318,228,1347088482
1689,25,1347094868
1689,2017,1347095647
2333,96,1347100821
2531,35,1347102585
4,2470,1347104729
2475,1615,1347105443
1615,2475,1347105521
905,1383,1347118863
905,1802,1347118945
1584,1383,1347119242
1922,905,1347119734
2,204,1347122733
2,1363,1347122757
2,167,1347122785
2,39,1347122790
2,223,1347122796
2,245,1347122805
2,178,1347122821
2,23,1347122835
2,135,1347122875
2,6,1347122880
1922,2558,1347131416
2370,905,1347135966
2397,1922,1347136450
1922,2397,1347136459
905,2067,1347141798
2067,905,1347141837
2067,2559,1347149846
2559,2067,1347150859
1529,2475,1347158584
2475,1529,1347158605
7,2231,1347180542
2231,7,1347180598
1555,35,1347189007
35,1555,1347189089
35,2558,1347191596
2558,35,1347191731
2299,2113,1347204967
2293,2208,1347208084
1585,2561,1347242475
2561,1585,1347242734
2144,2113,1347243115
546,2562,1347245781
2562,546,1347246007
546,2563,1347246124
2562,204,1347250541
204,2562,1347250652
2176,2397,1347251483
2397,2176,1347251565
1363,2158,1347257451
2017,2538,1347257586
2328,25,1347257713
2017,1802,1347257940
2017,1281,1347258273
2017,1670,1347258507
2017,2288,1347258579
2017,1810,1347258662
2485,2535,1347266719
2535,2565,1347270614
2565,2535,1347270657
1860,1383,1347278724
2549,2566,1347280339
2549,2567,1347280366
2567,2566,1347280395
2566,2568,1347280510
2567,2568,1347280527
2568,2567,1347280546
2568,2569,1347280749
2569,2568,1347280764
2569,2566,1347280810
2569,2570,1347281224
2570,2569,1347281252
2570,2566,1347281285
2566,2570,1347281321
2566,2569,1347281355
2569,2571,1347281454
2571,2566,1347281490
2566,2571,1347281514
2566,2572,1347283656
2572,2566,1347283663
2566,2573,1347283776
2573,2566,1347283780
2566,2574,1347283904
2574,2566,1347283917
1860,2142,1347287021
1810,2566,1347290856
1802,2566,1347290896
1810,2569,1347291055
1810,2571,1347291091
1810,2572,1347291121
1810,2570,1347291149
1810,2567,1347291201
1366,1316,1347294243
13,2566,1347295517
2535,710,1347296051
710,2535,1347296129
1802,2567,1347296540
1802,2573,1347296582
1802,2569,1347296609
1810,2573,1347296626
2495,2125,1347302638
2399,2293,1347306377
2293,2399,1347306379
1675,1806,1347307428
1396,1585,1347307574
2176,2444,1347307691
1396,309,1347307729
1396,1317,1347307806
1806,1675,1347307871
1396,29,1347307962
1396,7,1347308257
1557,2575,1347309027
2575,1557,1347309097
1832,2214,1347309205
1832,710,1347312390
710,1832,1347312434
2556,2535,1347314659
2535,2556,1347314670
2067,2567,1347314678
2067,2569,1347314707
2067,2573,1347314712
2067,2566,1347314769
2318,1396,1347317006
1557,710,1347317538
710,1557,1347317541
2034,2536,1347318106
2028,2576,1347318157
2576,2028,1347320614
2536,2034,1347323767
535,2455,1347335090
35,2577,1347342579
2281,2118,1347350914
2118,2281,1347352073
1185,2578,1347354474
2578,1185,1347354579
35,2579,1347362761
2564,2535,1347364127
13,1675,1347370437
1675,13,1347370494
1615,2241,1347372243
856,1383,1347372415
1948,2580,1347375706
2578,1840,1347375892
2580,1948,1347376387
1675,2125,1347388139
2125,1675,1347388145
2415,1810,1347396871
1810,2415,1347396885
635,2198,1347404665
2561,1899,1347407297
2579,35,1347407649
2028,2124,1347407671
2124,2028,1347408580
1815,2581,1347409006
2581,1815,1347409041
1334,1383,1347409555
592,1885,1347410077
1885,592,1347410087
2034,2582,1347410377
2582,2034,1347410400
1366,1383,1347416073
2296,1757,1347417538
13,1757,1347418144
2296,1765,1347418540
1765,2296,1347418598
184,2028,1347419477
2194,318,1347431545
7,1318,1347437472
2118,304,1347446484
1566,2386,1347455735
2028,2584,1347456916
2584,2028,1347456976
2386,1566,1347456987
2386,2113,1347457018
2386,1846,1347457055
635,1543,1347458498
635,2558,1347458514
2558,635,1347461395
2558,1675,1347462327
1675,2558,1347462348
1675,2376,1347462565
2376,1675,1347462614
2552,1675,1347462950
1675,2552,1347462986
2028,2415,1347466145
318,2194,1347466178
2585,2538,1347494628
1386,2017,1347496077
1810,1543,1347496203
546,2586,1347504446
546,2587,1347505392
2587,546,1347505421
2586,546,1347507816
2538,2531,1347508020
2538,2556,1347508086
2538,1823,1347508142
2585,546,1347509858
546,2585,1347512312
2501,2550,1347517310
2531,2538,1347519910
2028,2588,1347522664
35,2589,1347544241
2589,35,1347544382
2590,2378,1347546930
2063,2589,1347553099
2589,2063,1347553232
2565,2589,1347556625
2589,2565,1347557366
1878,2591,1347558054
2592,2125,1347558701
492,13,1347560148
13,492,1347560285
2592,2538,1347562366
2538,2592,1347562442
2537,2125,1347565114
2125,2537,1347565191
2591,1878,1347572048
2475,1832,1347575952
1832,2475,1347575965
2028,2097,1347576690
540,13,1347584597
13,540,1347584658
13,2589,1347588084
2589,13,1347588172
304,2198,1347594764
304,1899,1347594769
1899,304,1347594851
35,2594,1347614328
35,2595,1347614338
35,2596,1347614343
2028,2333,1347629104
2592,2597,1347629176
2597,2592,1347629191
2333,2028,1347629220
2592,2067,1347636032
2597,2067,1347636143
2592,2598,1347636230
2598,2067,1347636237
2598,2592,1347636259
2592,2574,1347636451
2574,2067,1347636454
2485,2378,1347636799
2378,2485,1347636950
1958,2252,1347652360
2067,2598,1347654153
2067,2574,1347654162
2067,2597,1347654188
1810,2592,1347654234
2067,2592,1347654251
1810,2598,1347654336
1363,2017,1347667390
1585,2600,1347673928
2600,1585,1347673943
1810,2576,1347674674
2585,2067,1347714760
1396,2067,1347715434
1396,1363,1347715531
2067,2570,1347716092
2585,2601,1347716198
2067,2571,1347716236
2067,2572,1347716307
2601,2585,1347716669
2601,2602,1347717893
2601,2603,1347717905
1396,2601,1347718047
2603,2585,1347718315
2603,2602,1347718354
2603,2601,1347718375
1396,2603,1347718451
1810,2603,1347718456
1810,2601,1347718481
1810,2602,1347718500
2067,2603,1347718993
2067,2601,1347719009
2067,2602,1347719061
2585,2604,1347722227
2067,2604,1347722276
2067,2585,1347723174
1832,2605,1347728380
1832,2606,1347728405
2605,1832,1347728473
2606,1832,1347728485
2605,2606,1347728539
2606,2605,1347728565
35,2530,1347729589
1832,2397,1347730861
2397,1832,1347730967
1396,1792,1347744411
1396,2017,1347744509
1396,2585,1347744619
1396,546,1347744724
1396,869,1347744906
1396,2297,1347745536
1686,2608,1347767226
1645,35,1347774561
2608,1686,1347808126
2028,2594,1347811790
1810,2610,1347822219
2610,1810,1347822262
2561,2296,1347827355
2113,2611,1347827485
2296,2612,1347828370
2612,2296,1347828908
2605,2113,1347831346
2594,2484,1347832510
1846,1383,1347832605
2600,2594,1347832624
35,2613,1347835197
35,2614,1347835211
2176,1810,1347835991
2176,135,1347836293
905,13,1347840003
1585,2550,1347851693
2550,1585,1347851724
1366,1840,1347853076
13,2615,1347854970
2615,13,1347855066
13,1886,1347856683
1886,13,1347856844
1886,2344,1347858541
2344,1886,1347858596
35,2616,1347882617
1810,2617,1347885252
2067,2617,1347885758
2616,35,1347895897
710,1916,1347896963
1916,710,1347897857
13,1916,1347902397
2235,1383,1347903414
1396,1383,1347903821
132,1383,1347906003
2611,2113,1347907163
2070,1615,1347911025
135,2176,1347915600
1815,2484,1347916237
1363,2619,1347923768
241,1,1347924781
241,340,1347925850
1565,2017,1347928687
2561,1832,1347934403
2561,2484,1347935235
2034,2198,1347935735
1731,2620,1347939054
1832,2174,1347940719
2174,1832,1347940878
2620,1731,1347941023
2585,2621,1347943864
28,35,1347944480
2585,2622,1347944510
2585,2623,1347944522
2623,2622,1347944609
2623,2621,1347944628
2622,2621,1347944703
2622,2623,1347944734
1819,2198,1347945311
35,28,1347946352
2067,2622,1347969673
2067,2623,1347969684
2067,2621,1347969715
2378,2624,1347971459
2040,2625,1347979199
2040,1620,1347979364
2040,905,1347979750
2040,1201,1347979809
2040,1948,1347979895
1832,2378,1347988026
2172,35,1347989198
2378,2480,1347989530
2378,2434,1347989544
1731,2378,1347992858
2311,2176,1347995162
2176,2311,1347995208
2325,2328,1347995596
2325,2045,1347995609
2045,2325,1347995739
2328,2561,1347996631
492,2561,1347996891
1832,2561,1347996919
1584,2399,1347997767
2399,1584,1347997773
1810,2597,1347998091
2125,2626,1347998261
1810,2622,1347998284
1810,2623,1347998316
2626,2125,1347998330
1810,2621,1347998372
2538,2585,1347998684
1810,2585,1347998807
546,2627,1347999102
2627,546,1347999394
2568,2628,1348000131
2568,2629,1348000159
1810,2568,1348000446
1810,2629,1348000555
546,2630,1348004508
2630,546,1348004559
2630,2123,1348005003
2630,2628,1348008133
2123,2630,1348009213
2568,2631,1348010262
2054,2194,1348012932
1899,2561,1348013010
1967,2252,1348013637
2252,1967,1348013851
2067,2628,1348015136
2067,2568,1348015177
2067,2629,1348015194
1396,1366,1348017184
2568,2633,1348023336
2568,2632,1348023364
2067,2632,1348023545
2067,2631,1348023897
2176,2568,1348024071
2067,2634,1348024072
546,2159,1348025472
2159,2635,1348028129
2044,2125,1348030577
1615,2070,1348058799
2485,2198,1348072999
2593,57,1348079383
2535,2564,1348080966
57,2593,1348084166
1396,2451,1348086138
2328,1383,1348097786
2328,2090,1348098212
1352,1528,1348100707
1352,425,1348100822
425,1352,1348100860
304,2636,1348108026
2635,2637,1348111922
2637,2635,1348112640
2311,1317,1348117609
1317,2311,1348117728
1810,2638,1348118028
2638,1810,1348118106
2296,2561,1348120220
2538,35,1348120252
363,2639,1348125210
2639,363,1348125235
2639,1810,1348125259
35,2538,1348126145
2378,35,1348139824
2378,1731,1348139858
2378,2590,1348139881
1615,2192,1348154359
2640,2636,1348159378
1774,1752,1348160243
2641,2485,1348160406
1752,1774,1348160461
2427,1217,1348161145
2174,2388,1348171215
2028,2329,1348171382
2397,7,1348172853
2125,2593,1348173462
2605,1810,1348176256
1810,2605,1348176277
2067,2606,1348178443
2067,2640,1348178802
2635,2594,1348180626
2328,2438,1348181187
2438,2328,1348181234
2485,905,1348181446
2399,1899,1348182679
1752,2642,1348182775
2642,1752,1348183516
2028,2438,1348183611
2438,2028,1348184003
2642,2643,1348184062
2643,2642,1348184090
1899,2399,1348184148
2642,2399,1348184164
2399,2642,1348184416
2328,2198,1348185112
2328,2205,1348185345
2296,2644,1348203463
2644,2296,1348204309
2635,2645,1348214008
2645,2635,1348214874
2378,2646,1348231756
2293,1383,1348236019
1615,1973,1348236915
2636,2639,1348237392
2590,2639,1348237793
2636,2640,1348238602
2636,2647,1348239032
2647,925,1348239587
2173,2636,1348241115
2636,2173,1348241287
132,1,1348246186
1810,2125,1348247910
2173,1565,1348250272
2590,2648,1348250300
2648,2590,1348250319
1565,2173,1348253550
2590,1731,1348254654
1731,2590,1348254680
2028,2437,1348254744
2437,2028,1348254888
1815,1899,1348255841
2067,2648,1348257632
1764,304,1348258143
1899,1815,1348258597
2536,2125,1348260656
2028,1565,1348260777
2646,35,1348265222
2028,2649,1348279276
2649,2028,1348279427
1810,2639,1348281559
1810,2651,1348283066
2651,1810,1348283172
35,2653,1348303400
35,2655,1348303434
2173,2370,1348312396
2370,2173,1348312622
2635,2315,1348328075
2028,2315,1348329981
1352,1386,1348343867
1412,1779,1348344480
1352,664,1348344500
1779,1412,1348344517
1352,1478,1348344591
1352,1714,1348344657
1352,309,1348344680
2067,2639,1348345259
2028,1967,1348348535
1967,2028,1348348633
2028,1,1348349293
1334,1815,1348351317
2657,1849,1348364940
2658,2659,1348384424
2659,2658,1348384720
2658,35,1348388738
2341,2173,1348411551
171,937,1348417710
1840,1366,1348418450
1386,1543,1348422295
2028,2636,1348434816
2636,2028,1348435097
2028,1788,1348443520
1788,2028,1348443574
2636,2660,1348445497
2660,2636,1348446116
2173,57,1348447234
2176,2661,1348459815
2289,2662,1348475274
2662,2289,1348475323
2662,2655,1348475720
35,2194,1348478569
2194,35,1348478604
500,2113,1348479891
2194,2173,1348492275
2173,2194,1348492392
2485,2658,1348494197
2658,2485,1348494456
2378,2640,1348499644
35,2646,1348504731
35,2663,1348504740
2485,2546,1348504812
2125,2396,1348505455
2581,304,1348518620
1802,1383,1348521372
242,2309,1348524408
2635,2664,1348533815
2664,2635,1348534010
2309,242,1348537938
1615,2665,1348539747
2657,2666,1348541668
2666,2657,1348541706
2635,2028,1348543856
2125,2667,1348547255
2667,2125,1348547401
1810,1829,1348547830
1557,2589,1348550847
2589,1557,1348550861
1810,1819,1348552524
1810,2668,1348558197
2668,1810,1348561388
1352,1331,1348566921
1396,192,1348570411
2657,2669,1348573451
2669,2657,1348573573
2669,2670,1348573646
2670,2669,1348573715
2657,2670,1348573865
2670,2657,1348573948
2671,2670,1348574216
135,1386,1348575452
2670,1543,1348575685
2670,2671,1348576009
2067,2671,1348576050
2670,2672,1348576076
2067,2657,1348576079
2670,2633,1348576087
2670,2673,1348576105
2067,2670,1348576130
2067,2672,1348576169
2067,2669,1348576197
2067,2673,1348576575
2067,2633,1348576585
1967,1331,1348576616
2657,2672,1348576699
2657,2674,1348577744
2674,2675,1348577849
2674,2677,1348578209
2677,2674,1348578286
2674,2676,1348578338
2677,2676,1348578351
2677,2675,1348578397
2676,2674,1348578647
2675,2674,1348578741
2675,2633,1348578839
135,1543,1348578983
2657,2678,1348579054
2678,2067,1348579108
2678,2671,1348579132
1396,1543,1348579155
2678,2672,1348579179
2678,2674,1348579222
2672,2067,1348579314
2672,2631,1348579550
2672,2629,1348579576
2672,2632,1348579589
2672,2628,1348579605
2632,2628,1348579848
2632,2629,1348579868
2632,2631,1348579890
2632,1810,1348579937
2632,1543,1348579955
2631,1810,1348580145
2631,2634,1348580179
2631,2574,1348580219
2631,2666,1348580228
2631,2570,1348580268
2631,2571,1348580289
2628,1810,1348580350
2628,1543,1348580382
2628,2574,1348580394
2628,2571,1348580413
2628,2548,1348580435
2668,2670,1348582419
1565,1543,1348587858
2581,2536,1348589498
2665,1615,1348591416
2665,1948,1348591579
1810,2657,1348593931
1810,2671,1348593958
1810,2670,1348594001
2416,2681,1348594009
1810,2669,1348594035
2681,2416,1348594090
1810,2628,1348594097
1810,2548,1348594146
1810,2631,1348594863
1810,2672,1348595393
1810,2632,1348597542
2310,2173,1348597768
2173,2310,1348598480
35,2118,1348602210
2680,1543,1348602711
2680,2682,1348602716
2680,1810,1348603124
2680,2176,1348603132
2682,2176,1348603206
2682,1543,1348603318
2538,242,1348603337
2682,1810,1348603385
2682,2680,1348603392
2682,1201,1348603405
2680,905,1348603603
2085,1543,1348605482
1543,2085,1348605541
1543,2683,1348605667
2680,2683,1348605752
2682,2683,1348605818
2680,2485,1348605838
1543,2682,1348605878
1543,2680,1348605897
2683,1543,1348605906
2683,2682,1348605943
2683,2485,1348605964
2683,135,1348606472
2683,1953,1348606483
2683,2173,1348606586
1543,2684,1348606644
2682,135,1348606701
2682,1953,1348606701
2682,2293,1348606702
2682,425,1348606702
2682,2173,1348606702
2680,2684,1348606704
2684,1810,1348606710
2680,135,1348606730
2680,2293,1348606739
2680,425,1348606750
2680,2173,1348606759
1543,135,1348606762
1543,1953,1348606794
1543,2293,1348606798
1543,425,1348606804
1543,2173,1348606809
2684,2125,1348606860
2684,905,1348606876
2684,135,1348606894
2684,1953,1348606907
2684,2293,1348606920
2684,425,1348606931
2684,2173,1348606939
2684,2028,1348606950
2682,2028,1348606998
2194,2259,1348607078
2067,2275,1348608468
2635,2159,1348608873
2159,546,1348609511
2275,2404,1348609941
2404,2275,1348610002
2668,2674,1348610031
2668,1543,1348613729
2683,2685,1348620261
2685,2683,1348620524
1810,135,1348626249
135,2683,1348626261
135,2682,1348626274
135,2680,1348626279
135,2684,1348626283
2296,2684,1348626392
2296,2680,1348626399
2296,2682,1348626416
2296,2683,1348626425
2296,135,1348626518
2296,2159,1348632860
2159,2296,1348632919
2538,2686,1348636837
2686,2538,1348638018
2485,2635,1348645970
2173,1543,1348649128
2173,1953,1348650632
1823,2538,1348655644
202,2590,1348663387
2590,202,1348663423
1396,2636,1348670170
2636,1396,1348670352
35,2687,1348684789
1396,1316,1348689032
1396,1386,1348689078
2173,2683,1348691748
2173,2680,1348691789
2173,2684,1348691805
2173,2682,1348691824
2194,1584,1348692159
1735,2233,1348692751
2028,2296,1348701558
2028,1954,1348703298
202,1899,1348704701
1899,202,1348704751
2176,2341,1348717173
2341,2176,1348717302
2538,2536,1348719597
1829,2125,1348720514
2173,2647,1348736940
2173,2607,1348737234
2647,2173,1348737540
2128,2118,1348743069
2635,2485,1348750466
2536,2538,1348751243
2194,2262,1348760245
2677,2689,1348767891
2676,2689,1348767954
2690,1899,1348768384
2262,2194,1348772992
905,57,1348775085
1334,2666,1348775461
1810,2666,1348775561
2173,507,1348781554
1201,2194,1348782028
1919,2686,1348783909
2067,1954,1348785396
2600,2194,1348791060
2194,2600,1348791371
13,2194,1348793158
2194,13,1348793461
2194,2198,1348793855
2296,2333,1348796575
2333,2296,1348796893
2296,1885,1348798528
1885,2296,1348798544
2686,1919,1348813852
2070,1948,1348816791
1352,41,1348825490
1352,61,1348825880
2030,2296,1348826073
1352,1967,1348826852
1352,1565,1348826934
1352,1529,1348827376
1352,1953,1348827451
2296,2588,1348828018
2588,2296,1348828079
35,1781,1348833214
2427,2693,1348836326
1396,1529,1348837141
2681,2485,1348840472
2485,2681,1348840869
2123,1896,1348850108
1832,2123,1348852728
2123,1832,1348852876
2574,2694,1348857250
2574,2695,1348861563
2695,2694,1348861580
1899,2696,1348863463
2696,1899,1348863651
2694,2697,1348864183
2694,2698,1348864199
1810,2694,1348864777
1810,2698,1348864807
1810,2697,1348864835
2125,1289,1348864881
1810,2574,1348864894
1289,2125,1348864981
1919,2574,1348865456
2674,2699,1348866427
2674,2672,1348866471
2672,2699,1348866499
2699,2674,1348866581
1529,1352,1348867226
1810,2699,1348867889
1352,197,1348868453
2173,246,1348876604
1953,1331,1348879183
2574,2701,1348879298
2574,2702,1348879367
2702,2701,1348879401
2702,2700,1348879412
2701,2702,1348879446
2701,2700,1348879479
2700,2702,1348879523
2700,2701,1348879542
1363,2700,1348879745
1363,2701,1348879745
1363,2702,1348879746
304,2296,1348881984
304,186,1348882497
304,492,1348882531
1670,304,1348882720
2067,25,1348883927
1849,2657,1348886025
2491,1899,1348887910
2574,2700,1348888772
2700,2703,1348888871
2703,2704,1348888972
2704,2705,1348889081
2705,2704,1348889091
1386,2704,1348889125
1386,2705,1348889137
1386,2703,1348889144
1386,2574,1348889222
1386,2701,1348889331
1386,2702,1348889338
1810,2703,1348889514
1386,2706,1348889514
1386,2707,1348889531
1386,2708,1348889551
1386,2709,1348889570
1810,2705,1348889581
1810,2704,1348889602
1810,2701,1348889622
2563,546,1348889835
2535,2710,1348897248
2710,2535,1348897809
2635,2660,1348903647
2710,2198,1348905865
2711,2198,1348910740
2711,1,1348917189
1832,905,1348937006
2635,2636,1348940448
2067,2096,1348944125
2266,2198,1348955679
1502,2028,1348956256
2028,1502,1348956263
2524,2713,1348958305
1629,1919,1348958328
2713,2524,1348958921
2524,871,1348958953
2524,2072,1348959060
2524,1541,1348959078
2524,2642,1348959176
2524,62,1348959210
2635,242,1348975497
2491,2028,1348976382
2028,2491,1348976406
1584,2198,1348987469
2299,1948,1349002644
35,2658,1349010791
35,2587,1349010801
35,2715,1349010809
1735,2716,1349011012
2712,2717,1349015400
2717,2712,1349022266
2717,2718,1349022461
2718,2712,1349022548
1386,2712,1349024146
1386,2717,1349024232
1386,2718,1349024259
2715,35,1349026720
1810,2718,1349030693
2045,2716,1349036787
2281,2187,1349038795
2176,1922,1349038833
2214,1,1349041338
2214,1453,1349041498
1453,2214,1349041623
1453,2028,1349041645
1731,2125,1349041792
2028,2719,1349041837
2719,2028,1349042051
1832,2125,1349045210
1832,2299,1349046151
2700,2720,1349056855
2700,2721,1349057242
2720,2574,1349057608
2720,2721,1349057615
2720,2700,1349057629
1201,2720,1349059474
1201,2574,1349059475
1201,2722,1349059475
2351,2700,1349059524
1201,2721,1349059544
2351,2721,1349059651
2351,2720,1349059665
2351,2722,1349059693
2351,2574,1349059726
1201,2700,1349059748
2054,2113,1349059777
1386,2700,1349060077
1386,2720,1349060080
1386,2721,1349060089
1386,2722,1349061699
2318,1556,1349064070
2538,1779,1349065138
1779,2538,1349065219
2299,1832,1349094363
2600,2723,1349101756
2723,2600,1349102006
2600,1916,1349104714
1916,2600,1349104746
35,2726,1349124877
1529,2723,1349125381
2723,1529,1349125423
2726,35,1349125437
2723,35,1349125445
2070,2599,1349125460
1366,2198,1349127938
2726,2028,1349133772
2028,2726,1349133807
2244,1997,1349141897
2028,1832,1349143271
1201,2198,1349145843
2028,2727,1349147905
2296,2729,1349151554
2729,2296,1349152193
1201,1802,1349153329
1899,2690,1349154563
2299,1528,1349161338
1810,2588,1349163373
2588,1810,1349163434
1922,2176,1349175674
2727,2028,1349188908
1810,2536,1349196887
135,2657,1349205268
2599,2070,1349205453
2599,1948,1349205486
2028,2683,1349209260
2028,2680,1349209274
2028,2684,1349209280
2028,1543,1349209293
2028,2682,1349209322
533,2198,1349209515
2728,2731,1349213086
2731,2728,1349213172
1832,1991,1349218694
1991,1832,1349218706
2714,2198,1349224404
2396,2125,1349229551
2028,2198,1349242699
2716,2732,1349245928
2658,361,1349252649
361,2658,1349252684
2647,2734,1349255482
2387,2113,1349262466
2028,1666,1349275953
1666,2028,1349276281
2028,2647,1349280636
2712,2735,1349281475
2735,2736,1349281615
2736,2735,1349281663
2647,583,1349282150
2351,2735,1349285717
2351,2712,1349285776
2587,35,1349286295
2647,1272,1349286949
905,1719,1349287286
2351,2736,1349288724
1412,2310,1349292895
2310,1412,1349292916
1272,2647,1349299599
2176,304,1349300226
2676,2737,1349306569
1386,2674,1349306689
1386,2676,1349306701
1386,2737,1349306718
1386,2678,1349306775
1386,2657,1349306812
2737,2738,1349306833
1386,2738,1349306861
1386,2699,1349306868
2738,2737,1349306870
1386,2672,1349306890
2738,2676,1349306938
425,135,1349307113
2351,2678,1349307137
2351,2672,1349307156
2351,2738,1349307179
2351,2657,1349307198
2351,2699,1349307233
1386,2367,1349307244
2351,2737,1349307244
2728,2739,1349307268
2739,2728,1349307332
1396,2740,1349308991
2221,546,1349309938
546,2221,1349310570
2635,2654,1349315998
2311,2728,1349317276
2654,2635,1349319746
2654,2296,1349320822
2296,2405,1349320970
2405,2296,1349321286
2296,2654,1349321288
583,2647,1349324044
2728,2311,1349324846
2728,2589,1349325725
2589,2728,1349325858
2296,2728,1349326203
2728,2296,1349326204
2738,2741,1349326749
2351,2741,1349327077
2728,2654,1349328744
2742,2397,1349329782
2397,2742,1349330746
361,2743,1349333804
35,1645,1349335342
2676,2744,1349348836
2744,2745,1349352438
2745,2746,1349352744
2746,2747,1349352893
2747,2746,1349352946
2646,2378,1349355046
2635,2646,1349357226
2646,2635,1349358237
546,2654,1349358676
2154,2113,1349363078
2351,2744,1349368641
2351,2745,1349368654
2351,2746,1349368669
2351,2747,1349368690
2351,2676,1349368826
1810,2747,1349369639
1810,2741,1349370813
1832,2742,1349371975
2742,1832,1349372121
1899,2536,1349373423
2728,905,1349373550
905,2728,1349373674
1615,2748,1349374501
2748,1615,1349374588
1832,1899,1349376241
1899,1832,1349376346
1529,2728,1349377204
2746,2749,1349377394
2745,2749,1349377483
2728,2750,1349377672
2750,2728,1349377712
2728,1529,1349377750
2351,2749,1349379330
2728,2404,1349379525
2404,2728,1349379571
2028,1529,1349381235
1529,2028,1349381256
2647,2028,1349384089
550,1832,1349389877
823,2284,1349391091
2485,2641,1349391120
2028,2071,1349399807
2702,2752,1349404895
2717,2752,1349404984
2351,2752,1349406390
2351,2753,1349406853
2725,2754,1349412602
2754,2725,1349412699
13,2198,1349421061
1731,2711,1349422881
2740,2755,1349454623
2755,2740,1349454711
1366,2725,1349457074
2725,1366,1349457113
1620,2732,1349459251
2732,1620,1349459556
2538,2213,1349461640
2635,2756,1349463431
1271,2028,1349467367
1271,101,1349467457
2757,1810,1349470968
2538,2028,1349472709
2758,242,1349473517
2028,1675,1349474831
1675,2028,1349474856
1502,2198,1349475657
2756,2635,1349476483
171,1873,1349477151
1873,171,1349477217
2351,2760,1349483062
1693,1331,1349485046
2388,1331,1349490790
2711,1731,1349491496
1529,2654,1349493520
242,2758,1349493700
2762,2028,1349499459
1991,1271,1349504048
1271,1991,1349504102
1584,2524,1349509087
2524,2328,1349509088
2524,1584,1349509116
2328,2524,1349509134
2328,1584,1349509166
1584,2328,1349509183
13,2607,1349512571
2607,13,1349513211
2558,2763,1349525207
2763,2558,1349525342
2763,2612,1349526637
2612,2763,1349526667
13,2310,1349528287
2310,13,1349528705
2176,2328,1349558484
2045,2524,1349561516
2524,2045,1349561648
2524,2198,1349562866
2113,2154,1349565042
592,2198,1349568142
1832,492,1349568709
492,1832,1349568974
1018,2757,1349575041
2296,1018,1349575086
1018,2296,1349575119
2757,1018,1349575377
1018,2198,1349575410
2176,732,1349578550
2757,2765,1349589237
2763,2496,1349589565
2496,2763,1349589703
2765,2757,1349589729
2496,35,1349589920
2757,2766,1349591708
2351,2766,1349592357
2766,2757,1349592712
1810,2757,1349593490
2351,2757,1349628635
35,2600,1349630678
2600,35,1349630679
1764,2484,1349630744
870,1331,1349633998
1,2484,1349635337
2484,1,1349636971
2484,1764,1349637012
2484,2594,1349638545
2724,2198,1349641118
1859,2757,1349642774
2028,2123,1349644023
2123,2028,1349644314
2071,2028,1349646095
1316,1656,1349648104
2732,2716,1349648605
2176,1,1349649258
2731,1,1349649459
2243,1566,1349650091
2243,2113,1349650247
1529,1859,1349654213
1859,1529,1349654234
1018,41,1349656479
41,1018,1349656494
1859,2768,1349663125
1629,1859,1349663273
1859,1629,1349663280
2768,1859,1349663297
2761,592,1349663892
2028,2538,1349672480
1859,2647,1349686346
2647,1859,1349686372
35,2769,1349691264
905,2724,1349710028
2724,905,1349710101
1746,1316,1349712651
1810,2770,1349717472
2770,1810,1349717584
1746,1028,1349718024
1028,1746,1349718072
2686,2771,1349718415
1316,1746,1349718918
2771,2686,1349720322
1810,2691,1349722593
35,2312,1349728357
2176,1557,1349728935
1557,2176,1349728994
2176,2716,1349729162
1810,2732,1349734106
2732,1810,1349736705
492,2484,1349740526
2484,492,1349740866
2728,2753,1349743558
492,1053,1349751228
1053,492,1349751256
1810,2751,1349752249
2751,1810,1349752297
2299,2772,1349764548
2772,2299,1349765043
2725,363,1349770761
363,2725,1349771208
35,2773,1349774475
2388,2174,1349776236
2774,2647,1349791390
2176,2125,1349792391
905,23,1349792477
2176,2173,1349792486
2647,2612,1349795829
2612,2647,1349795851
1948,2665,1349803457
1948,2070,1349803493
1948,2599,1349803614
202,2724,1349804146
2724,202,1349804156
246,2125,1349811452
2125,246,1349811469
2647,2774,1349814685
1271,2125,1349817277
2125,1271,1349817388
2529,2538,1349825782
2028,2776,1349829438
2125,2777,1349830475
2777,2125,1349830595
2538,2529,1349833137
1396,1331,1349843978
2125,2779,1349847238
2779,2125,1349847306
2733,2728,1349850756
1916,2768,1349851022
2768,1916,1349851027
2728,2733,1349851066
2728,2780,1349853777
2028,1916,1349855603
1916,2028,1349855701
2647,2781,1349872739
2647,2782,1349873386
2053,1331,1349873933
2782,2647,1349874802
35,2647,1349876122
2647,35,1349876160
2781,2647,1349878107
2647,2783,1349883902
2783,2647,1349884091
2642,2529,1349886813
2397,1502,1349887310
1502,2397,1349887350
35,2775,1349889914
35,2786,1349889945
2593,2397,1349891719
2397,2593,1349891819
2028,2787,1349892845
2787,2028,1349892895
2647,2788,1349896721
2788,2647,1349896760
2529,2642,1349898041
2726,2787,1349901237
2266,2787,1349901512
2388,2291,1349902126
2763,2404,1349902194
2404,2763,1349902363
2635,2789,1349903019
2789,2635,1349903135
2789,35,1349903329
2728,2306,1349903827
2784,2306,1349903836
2782,2790,1349905718
35,2791,1349906103
2791,35,1349906114
2778,57,1349906451
2306,2728,1349907391
2306,2784,1349907411
2776,2028,1349908432
2647,2792,1349909925
2792,2647,1349910192
2778,2793,1349910736
2793,2778,1349911373
1840,2578,1349914080
202,1693,1349916595
1693,202,1349916629
57,2778,1349917528
242,2538,1349919851
2728,550,1349920510
550,2728,1349920513
550,2397,1349924853
2397,550,1349924861
2296,2397,1349925398
2397,2296,1349925417
2758,2795,1349926231
2795,2758,1349926238
2296,2679,1349927063
2711,2173,1349945850
2173,2711,1349945915
35,2797,1349949148
2647,2784,1349949956
2784,2647,1349950136
2731,2495,1349969060
2370,2798,1349978261
2798,2370,1349978467
1693,2732,1349980516
2732,1693,1349980598
2716,2778,1349980996
2778,2716,1349981100
2780,2799,1349982882
2799,2780,1349982977
2784,2799,1349986871
2799,2784,1349986959
1731,861,1349988639
2778,2028,1349989109
2485,2800,1349989856
2800,2485,1349989933
2801,2388,1350016395
546,2733,1350019810
2733,546,1350020300
2786,35,1350026192
2780,2784,1350039055
2784,2780,1350042308
2714,2125,1350059636
2125,1829,1350059958
2538,1810,1350061673
1810,2538,1350061758
2281,2192,1350062528
2028,2802,1350062869
2802,2028,1350062928
2784,2538,1350063374
2538,2784,1350063409
35,2780,1350063829
2780,35,1350065459
2802,2725,1350066441
35,2803,1350066942
2803,35,1350067458
2726,2803,1350069583
2803,2726,1350069747
28,2618,1350070793
202,2726,1350072366
2726,202,1350072400
2028,2804,1350072476
2804,2028,1350072698
1,2761,1350077134
2761,1,1350078989
2581,2063,1350085293
2725,2125,1350105623
2732,2714,1350106650
202,645,1350110938
870,1386,1350119342
870,1383,1350119723
2800,2763,1350122369
2763,2800,1350124120
2028,2600,1350127245
2600,2028,1350127285
2581,2714,1350131824
1386,870,1350143385
2784,2028,1350145258
2028,2275,1350145344
2275,2028,1350145366
2654,35,1350149734
2784,1754,1350156342
1754,2784,1350156352
2600,2000,1350162156
2600,2805,1350162387
2805,2600,1350164188
2485,2605,1350165904
905,2803,1350170535
2803,905,1350171038
7,640,1350176359
1670,2125,1350176533
2028,2796,1350181172
2028,2409,1350184119
2296,1272,1350184790
1272,2296,1350184879
546,2763,1350187316
2763,546,1350187595
546,2028,1350188182
2028,546,1350188229
2609,35,1350209492
35,2609,1350210079
1752,2806,1350215561
2806,1752,1350215680
1840,2521,1350222392
2600,2807,1350230308
2807,2600,1350230586
2609,2028,1350238597
2028,2609,1350238718
905,2484,1350239400
2484,905,1350239434
35,2654,1350241977
2521,1840,1350242441
2600,2315,1350242938
870,1396,1350247562
2782,2315,1350249162
2315,2782,1350251534
2315,2635,1350251690
2315,2600,1350251714
2315,2028,1350251740
2778,2176,1350252450
2778,1810,1350252553
2780,2728,1350252946
2782,2805,1350253326
2805,2782,1350253732
1953,2808,1350253930
2635,2774,1350254324
2774,2635,1350254708
2778,2809,1350256032
1675,2262,1350259036
2790,2782,1350262046
2809,2778,1350266813
141,2778,1350267446
304,2808,1350268934
2028,2778,1350268965
2176,2778,1350269012
2808,1953,1350269119
2315,2810,1350269365
2810,2315,1350269440
2780,2811,1350272051
2811,2780,1350275256
1018,2812,1350277980
2812,230,1350278020
2805,2812,1350278567
2812,2805,1350279851
2813,2636,1350281772
2636,2813,1350281936
2813,2814,1350287334
2814,2813,1350287376
2778,2815,1350291702
2618,28,1350297790
2784,2816,1350303784
2816,2784,1350303830
2711,2714,1350306807
2472,2763,1350307652
2763,2472,1350307811
2262,2028,1350308864
2028,2262,1350308914
2614,35,1350315870
2028,2063,1350318202
2233,1735,1350319098
2782,2614,1350323247
2614,2782,1350324178
2252,2817,1350327723
1629,2728,1350328647
2728,1629,1350328709
35,2789,1350329746
35,2819,1350329765
35,2820,1350329772
2818,1953,1350330066
2818,35,1350330086
35,2818,1350330258
2817,2252,1350330570
35,2448,1350332046
2448,35,1350332365
2028,1802,1350338044
2409,2028,1350339862
1585,1752,1350340632
2796,2028,1350341003
2214,2777,1350341170
2214,1317,1350341250
2214,2728,1350341272
2214,361,1350341292
2214,57,1350341327
2214,905,1350341343
2214,1334,1350341443
2214,1832,1350341494
1752,1656,1350341566
1752,1334,1350341658
2819,35,1350353705
1731,2732,1350356425
2732,1731,1350356500
2733,1899,1350358668
2538,1731,1350358790
1899,2733,1350359179
2044,2728,1350360941
2728,2044,1350361732
2797,35,1350379292
2691,2675,1350384618
2691,2689,1350384661
2691,2677,1350384672
2691,2674,1350384689
2691,2676,1350384705
2691,2678,1350384717
2691,2631,1350384730
2691,2666,1350384744
2691,2669,1350384759
2691,2670,1350384771
2691,2671,1350384783
2691,2628,1350385160
2691,2574,1350385173
2691,2571,1350385183
2691,2672,1350385194
2691,2629,1350385206
2691,2568,1350385218
2691,2543,1350385231
2691,2542,1350385244
2691,2544,1350385256
2691,2541,1350385268
2691,2545,1350385278
2691,2657,1350385290
2691,2623,1350385300
2691,2522,1350385313
2691,2694,1350385325
2691,2695,1350385337
2691,2699,1350385348
2691,2700,1350385359
2691,2701,1350385370
2691,2702,1350385381
2691,2703,1350385415
2691,2704,1350385427
2691,2705,1350385438
2691,2706,1350385448
2691,2707,1350385459
2691,2708,1350385470
2691,2709,1350385481
2784,1555,1350390316
2823,2782,1350396007
2266,1543,1350397824
2782,2823,1350398599
1555,2784,1350402871
2654,2728,1350403501
1018,2364,1350405280
2364,1018,1350405404
905,2174,1350408330
2174,905,1350408428
2730,2647,1350412116
2647,2730,1350412199
2824,1953,1350413007
2804,2825,1350413063
2795,2635,1350414519
2028,2761,1350418909
2761,2028,1350419519
2635,2806,1350420388
2806,2635,1350420588
1967,1719,1350427676
2827,1953,1350428031
2795,2028,1350429302
1810,2778,1350429374
2028,2801,1350452834
2028,2822,1350452855
2647,2828,1350473907
2825,2804,1350474364
2828,2647,1350475198
2252,2310,1350482028
2785,35,1350491512
2310,2252,1350497977
35,2785,1350498383
35,2379,1350503035
2379,35,1350503226
2125,2333,1350504860
2333,2125,1350505104
1899,1765,1350519176
1765,1899,1350519246
7,2319,1350523882
2600,2763,1350523909
2538,1733,1350549722
35,2829,1350562314
1939,2807,1350576890
2807,1939,1350576999
2266,634,1350588795
2028,2784,1350589679
2296,2821,1350598128
2821,2296,1350599631
1899,1334,1350602249
2832,1953,1350607559
2812,57,1350609092
2404,2833,1350610077
2266,2498,1350610333
2252,2498,1350610502
2833,2404,1350610768
2494,2498,1350611163
2328,2498,1350611253
2143,2498,1350611525
2266,2714,1350613305
2830,2775,1350618636
2266,219,1350619325
2679,57,1350623698
7,2388,1350623810
2388,7,1350623845
35,2834,1350652973
1054,2836,1350659397
2045,2214,1350666454
2266,1669,1350671900
2805,2838,1350673230
2838,2805,1350673429
2725,2839,1350673810
2839,2725,1350674375
2839,2840,1350675780
2840,2839,1350675793
2829,35,1350676218
2266,742,1350682409
2409,2805,1350683173
2805,2409,1350683214
2266,387,1350686749
905,2388,1350688430
786,1383,1350693050
2733,81,1350701403
2733,2795,1350704558
2795,2733,1350704575
135,1293,1350709034
2733,2658,1350715776
2725,1633,1350715887
2843,2725,1350716148
1752,2841,1350731914
2841,1752,1350733314
242,2663,1350747156
2663,242,1350747166
2165,2498,1350752647
2266,1499,1350753300
1499,2266,1350753374
2252,2067,1350757162
2728,2581,1350760381
304,2581,1350760436
2018,2725,1350761866
2388,2198,1350763541
2725,1689,1350765503
1689,2725,1350765550
2590,2725,1350768109
2725,2590,1350768175
1286,1217,1350785025
35,2388,1350808561
35,2844,1350809228
2590,2763,1350824281
2763,2590,1350824309
1396,870,1350827801
546,2067,1350829834
2067,546,1350829864
2067,1675,1350833809
1675,2067,1350833835
2266,780,1350845433
2635,2826,1350846846
2846,2028,1350848546
2829,2812,1350850170
2812,2829,1350850314
2028,780,1350852590
1733,2625,1350857486
1733,2538,1350857544
2266,405,1350859461
2296,2794,1350862260
2794,2296,1350862753
2831,2028,1350866298
2625,2296,1350866529
2028,2831,1350867070
2028,2846,1350867099
2625,2040,1350867641
2625,1566,1350868920
2315,2848,1350879961
2848,2315,1350880085
2848,2849,1350880693
2849,2848,1350880715
2558,2848,1350896962
2848,2558,1350896977
2845,2850,1350912551
2850,2845,1350912645
1566,2625,1350913467
2485,2646,1350917375
2635,2851,1350919095
2823,77,1350919681
2590,1675,1350923429
1675,2590,1350923466
2851,2635,1350925076
2812,25,1350927485
2844,35,1350929555
2851,2852,1350935026
1334,1802,1350939885
2853,1953,1350943023
545,1331,1350943901
2795,2835,1350945387
2835,2795,1350945431
2725,905,1350948488
905,2725,1350948494
2848,2856,1350953560
2856,2848,1350953719
2658,2733,1350953884
2855,2028,1350954583
2852,2851,1350959891
2214,304,1350959924
304,2214,1350959938
2857,1953,1350960019
2214,2822,1350960444
2214,2733,1350960470
2067,2262,1350960793
2693,2427,1350968416
2125,2844,1350968502
2028,2809,1350969775
2028,2848,1350969782
2848,2809,1350969817
2809,2848,1350970098
2809,2028,1350970109
2485,2858,1350983953
2848,1806,1350997162
1806,2848,1350997174
2845,96,1350999579
1735,2859,1350999608
96,2845,1351000925
2724,2848,1351003373
1997,2244,1351003531
2860,1953,1351006676
2646,2485,1351011697
2028,2679,1351015295
2679,2028,1351015338
2266,198,1351016393
1675,1731,1351016824
35,2839,1351017546
1693,1989,1351019112
1989,1693,1351019254
2862,1953,1351020994
2854,1953,1351022036
2266,2863,1351022571
2845,2864,1351026465
2859,634,1351031605
905,2733,1351032064
2812,2865,1351032091
2865,2812,1351032125
2028,2866,1351038140
2848,2769,1351039616
2296,2625,1351039747
2769,2848,1351039887
1281,1803,1351042910
1281,1565,1351043251
2848,2724,1351045958
2868,2848,1351045977
2868,2725,1351046042
1899,2491,1351052532
2296,2733,1351056493
2296,2030,1351056616
2808,2869,1351060966
2869,2808,1351061080
2726,1810,1351061537
1810,2726,1351061628
2767,2870,1351066660
2870,2767,1351066764
1615,2859,1351082182
2266,654,1351082374
2867,1953,1351082916
2823,2871,1351083494
2871,2823,1351083527
2214,2028,1351094918
2642,2872,1351103803
2419,1953,1351108899
2725,2868,1351113549
1953,2873,1351116779
2688,304,1351118142
2795,2868,1351119077
2861,2028,1351126317
2848,2859,1351126703
2872,2642,1351130326
2266,632,1351131091
57,2812,1351132722
57,1565,1351132795
57,64,1351132955
57,2214,1351133074
2733,2835,1351133507
2835,2733,1351133597
2028,2861,1351134890
2868,361,1351137583
2848,2868,1351142714
2763,2600,1351143586
361,2868,1351144171
2512,1899,1351147124
304,2688,1351163604
2485,2852,1351164499
2852,2485,1351164630
2733,540,1351173435
540,2733,1351173464
2867,2378,1351173592
2378,2867,1351173954
2874,2378,1351175235
2378,2874,1351175258
2823,2875,1351177177
546,2693,1351182401
1953,1383,1351188528
1953,2693,1351189157
2693,1953,1351189203
2693,2028,1351192024
2266,2795,1351192803
2795,2266,1351193013
1612,1810,1351193328
1810,1612,1351193447
2028,2877,1351197912
2494,2028,1351198552
2859,1893,1351199307
1893,2859,1351199322
2877,2028,1351206489
2028,2494,1351207758
242,2878,1351208103
242,1271,1351208142
2859,1615,1351210422
2028,2405,1351214503
2028,2033,1351216566
2751,2879,1351218072
2848,2028,1351222366
2028,2880,1351228058
2848,2882,1351237322
2882,2848,1351237403
2881,2848,1351240093
2879,235,1351241937
2848,2883,1351243045
870,1846,1351250069
1675,2884,1351256958
2884,1675,1351257045
1675,937,1351258726
2859,2885,1351259100
2885,2859,1351259302
2886,2879,1351259473
1916,1675,1351264632
1675,1916,1351264862
2028,2837,1351266003
2837,2028,1351266139
1675,1733,1351267515
1733,1675,1351267563
2635,2875,1351271641
2859,57,1351272668
57,2859,1351272714
2879,2028,1351273317
2045,2879,1351274382
2879,2688,1351274584
2688,2879,1351274721
2866,2688,1351277653
2688,2067,1351279091
2859,25,1351279445
2866,1810,1351280463
1810,2866,1351280492
2067,2886,1351281503
2028,2884,1351282670
2884,2028,1351282810
1810,2877,1351282964
1334,25,1351283119
1802,2822,1351284301
492,2770,1351287953
2028,2876,1351294484
2876,2028,1351294588
304,1819,1351295980
1814,545,1351297334
2028,2879,1351298507
2728,2713,1351303858
2713,2728,1351304074
2144,1885,1351308745
2728,2605,1351309462
1885,2144,1351309857
2795,2214,1351310696
2887,2725,1351321808
2658,2160,1351322012
492,2888,1351323657
2160,2658,1351324210
2160,1185,1351324323
563,1624,1351340786
2859,2848,1351343716
2378,2889,1351348536
2889,2378,1351348780
2328,628,1351360564
546,2891,1351363209
2891,546,1351363251
1620,2892,1351363968
2892,1620,1351364697
135,1899,1351371150
1499,2158,1351372942
2688,2893,1351375350
1899,135,1351378953
1899,2894,1351379010
2894,1899,1351379092
2635,2895,1351379888
2296,2893,1351380062
2893,2296,1351380337
2895,2635,1351380678
1802,2017,1351382852
2605,2728,1351385655
1815,1334,1351385725
1815,1271,1351385735
1815,2733,1351388669
2028,2896,1351398766
2896,2028,1351398862
2028,2644,1351399305
2711,2017,1351424830
304,2859,1351434024
2045,1334,1351434131
242,2811,1351436410
2898,2891,1351436482
2891,2898,1351436538
2891,2811,1351437026
2409,523,1351438336
2045,2891,1351438393
2891,2045,1351438424
1815,242,1351441621
2795,242,1351453835
2878,242,1351456101
2758,2642,1351464970
35,2872,1351469571
2266,1832,1351470255
2733,905,1351471386
2877,1539,1351476794
2877,862,1351476889
2877,628,1351477075
937,1675,1351478498
2266,1100,1351479440
2888,492,1351480621
491,2784,1351484525
2784,491,1351485362
1899,937,1351493686
937,1899,1351493691
2892,2900,1351515258
2900,2892,1351515497
2063,2581,1351527100
1810,2409,1351531523
2409,1810,1351531600
1899,2513,1351534222
2176,1244,1351534909
112,2194,1351539933
2728,2725,1351540364
112,1487,1351540725
112,96,1351560069
2296,2901,1351566927
2214,2795,1351570724
2063,2897,1351571007
1899,2880,1351580504
2252,2795,1351580720
1953,2076,1351580808
2880,1899,1351580845
2795,2252,1351580922
1922,2485,1351597474
2485,1922,1351597573
2904,2859,1351607760
2877,206,1351616372
2485,2363,1351617562
2903,2343,1351624092
2343,2903,1351624540
2904,415,1351626752
2332,2647,1351627810
2647,2332,1351627880
2905,1953,1351628511
2780,2906,1351631734
2906,2780,1351632331
2536,2581,1351634731
2635,2730,1351639270
2875,2635,1351640949
2176,1334,1351641754
1334,2176,1351641904
2600,2710,1351643549
2710,2600,1351643838
2875,1953,1351644127
2875,2823,1351644371
2125,2908,1351647262
2908,2125,1351647356
937,171,1351651113
2396,2728,1351653455
2880,2728,1351653491
2881,2266,1351655679
2635,1953,1351655693
2881,2635,1351655713
905,1953,1351655726
1810,2881,1351656042
2396,2881,1351656081
2351,2881,1351656137
2877,757,1351656976
2328,2835,1351661759
2835,2328,1351661924
2875,2647,1351673190
2647,2875,1351673214
96,112,1351681058
2266,1207,1351687016
35,2909,1351687253
2909,35,1351687382
905,1207,1351687386
2887,905,1351688421
2635,2910,1351689869
2635,2881,1351690576
905,2887,1351697173
2266,374,1351697971
2877,374,1351698046
905,2702,1351698592
2887,2911,1351698715
2877,1028,1351703985
2725,2018,1351707159
2912,1953,1351707204
2897,2063,1351707785
2897,257,1351708655
2635,2828,1351709060
112,1478,1351719138
112,2138,1351719151
2914,1953,1351721081
2266,579,1351721527
2028,2838,1351724602
2838,2028,1351724910
2296,2725,1351726066
2873,1953,1351727920
1412,2909,1351729411
2909,1412,1351729801
2873,2808,1351731433
1810,6,1351732738
6,1810,1351733352
937,905,1351737368
2296,2600,1351741462
2600,2296,1351741514
2808,2873,1351741765
2600,905,1351742797
905,2600,1351743259
2877,198,1351750748
2877,634,1351751058
2328,1543,1351751343
2877,219,1351751783
2877,1669,1351751983
2877,894,1351752734
2877,775,1351753200
2877,1703,1351753530
2877,1792,1351754493
2877,2681,1351755199
2848,2881,1351756936
2811,242,1351765278
2811,2891,1351765375
2910,2915,1351772951
2915,2910,1351773211
492,35,1351774433
2635,2915,1351779216
2915,2635,1351779218
2877,788,1351784801
2877,782,1351784829
2877,838,1351784869
2877,931,1351784973
2877,997,1351785004
2859,2904,1351786040
856,1922,1351786781
2635,2916,1351793950
2916,2635,1351794022
2028,1648,1351794121
2028,2917,1351796037
2076,2388,1351796280
2861,2176,1351820706
2176,2861,1351820803
2903,1810,1351825336
1810,2903,1351826029
2901,1810,1351831531
2918,2848,1351837519
1334,2920,1351855231
2920,1334,1351855348
2874,2910,1351861599
2910,2874,1351861697
2859,2498,1351863169
2877,386,1351864241
2875,2498,1351867014
2877,2921,1351869114
2877,735,1351871692
2419,2635,1351873788
2877,1162,1351876312
1585,2028,1351877661
2844,2125,1351878084
2201,1810,1351878434
1810,2201,1351878470
2910,1953,1351881010
1585,2923,1351882060
2419,2910,1351882273
2910,2419,1351882315
2851,1953,1351882347
2919,2922,1351888804
2861,2784,1351892047
2922,2919,1351895498
2635,2419,1351896872
1272,2919,1351896887
2923,1585,1351898885
2784,2861,1351899938
2028,2923,1351901947
2923,2028,1351902317
1810,2924,1351907068
2924,1810,1351907211
2028,2925,1351915832
2925,2028,1351915870
2906,2926,1351917548
2877,1322,1351917939
2877,579,1351918397
35,2927,1351924007
2848,2928,1351936313
2928,2848,1351936439
2805,2922,1351943883
2928,35,1351954775
905,1815,1351960268
2266,2072,1351972889
2877,598,1351975873
1352,1846,1351976914
2296,2928,1351980294
2928,2296,1351980316
2725,492,1351980598
2398,72,1351992909
2262,2725,1351995041
2725,2262,1351995047
72,2398,1351998221
2296,2803,1352007711
2803,2296,1352008233
2930,1953,1352043443
1629,1383,1352051607
2635,25,1352063612
2635,2847,1352064430
2847,2635,1352064875
2828,2635,1352065754
2877,577,1352068258
2173,2932,1352070228
2635,2933,1352071514
1810,2380,1352085748
2380,1810,1352085799
2658,2176,1352089467
2176,2658,1352089530
2812,2028,1352091941
2028,2812,1352098309
112,2529,1352100279
2775,2935,1352106546
2158,2198,1352106860
1651,35,1352115049
2593,2710,1352131140
2710,2593,1352131267
2877,633,1352133199
2877,1345,1352133270
2176,2485,1352135732
2485,2176,1352135778
2877,561,1352137329
2266,561,1352139231
1735,2176,1352141581
1735,1846,1352142069
2266,75,1352145895
2315,1629,1352146492
1629,2315,1352146662
2315,1810,1352146812
2877,75,1352147764
2315,2936,1352148371
2936,2315,1352148445
2266,20,1352150071
2125,2937,1352150857
2937,2125,1352151111
2937,2296,1352151174
2937,75,1352152085
2877,20,1352152664
2938,1272,1352156161
1899,546,1352156698
2877,288,1352157116
1953,2919,1352158429
2296,2937,1352160511
1764,2939,1352166791
2861,2716,1352167058
2716,2176,1352167728
2716,2861,1352168071
2940,2315,1352168557
2315,2940,1352168612
1543,2028,1352168896
1905,1802,1352169866
2296,2941,1352171774
2941,2296,1352172814
2777,2725,1352173663
2028,1840,1352174310
1840,2028,1352174335
2942,2940,1352175478
2940,2942,1352175533
2940,25,1352178676
2942,25,1352178691
2388,2943,1352184762
2897,2944,1352190779
2897,2795,1352197058
2859,2945,1352197070
2945,2859,1352197114
2897,2946,1352212412
2946,2897,1352212502
35,2947,1352217937
35,2928,1352217946
2839,35,1352221649
1245,2045,1352222568
2045,1245,1352222587
2593,2948,1352225481
2948,2593,1352225719
2725,2777,1352229338
1529,1543,1352234254
2877,742,1352238122
1953,546,1352240683
546,1953,1352240702
2937,1810,1352240960
1810,2937,1352241011
1851,2656,1352244941
1725,1386,1352247696
2943,2388,1352261646
2795,2897,1352274731
592,2761,1352282209
2918,1953,1352285048
1953,2818,1352293192
1953,2824,1352293204
2266,1953,1352293743
2859,2953,1352293975
1953,2853,1352294824
1953,2832,1352294828
1953,2827,1352294856
1953,2857,1352294917
1953,2851,1352294936
1953,2860,1352295003
1953,2862,1352295123
1953,2419,1352295145
1953,2875,1352295165
1953,2905,1352295190
1953,1922,1352295197
1953,2912,1352295218
2266,2953,1352295218
1953,2910,1352295247
1953,2930,1352295262
1953,2931,1352295268
1953,2854,1352295331
1953,2867,1352295350
1953,2914,1352295390
1953,2933,1352295429
592,2045,1352296840
2045,592,1352296843
2897,2590,1352298355
2590,2897,1352298387
2045,492,1352303554
2877,923,1352305705
2266,923,1352305737
905,2955,1352308462
2955,905,1352308478
2266,2956,1352308718
2877,654,1352309203
2956,2266,1352309992
1712,1629,1352317029
1629,1712,1352317037
2877,2871,1352317422
2877,522,1352317445
2877,257,1352317454
2125,1815,1352318579
492,2725,1352320542
492,2045,1352320590
1953,2959,1352343289
2955,2861,1352343423
2959,1953,1352343583
2861,2955,1352343790
1922,1953,1352349836
304,2961,1352350129
1899,1840,1352351306
1840,1899,1352351575
1899,1185,1352352678
1922,2961,1352352725
1810,2944,1352358132
592,1810,1352360465
1810,592,1352360524
2733,2962,1352360824
2962,2733,1352360852
2962,2498,1352361000
2763,2963,1352365263
2963,2763,1352365409
2963,2960,1352366026
2857,2964,1352379854
1810,2965,1352386360
2635,2862,1352392532
2862,2635,1352392660
546,1899,1352396626
905,2948,1352406853
2063,2266,1352407484
2266,2063,1352407488
2948,905,1352408496
2960,2948,1352412204
2948,2960,1352412339
2858,2485,1352414245
13,25,1352414354
2845,25,1352414397
2070,1611,1352417512
2642,2968,1352420627
1810,2110,1352421013
2642,2758,1352421552
2642,2600,1352421664
2642,2524,1352421795
135,2943,1352422466
481,2970,1352426125
2943,135,1352427004
2110,1810,1352430837
1810,1975,1352432699
2658,791,1352436878
791,2658,1352437228
1810,1911,1352441680
2725,2812,1352443418
2812,2725,1352443587
1584,1624,1352445406
2296,2944,1352445450
2944,2296,1352445593
35,2971,1352446475
35,2972,1352446496
2903,96,1352455325
96,2903,1352455388
2552,1543,1352471691
1502,1529,1352481356
1529,1502,1352482009
2974,1396,1352483711
1396,2063,1352485637
2899,35,1352489127
1396,2943,1352489984
1953,2975,1352492483
2975,1953,1352494051
35,2976,1352503115
35,2943,1352503149
2976,35,1352503358
2165,2174,1352504374
2174,2165,1352504428
41,1810,1352506248
1810,41,1352506304
2943,35,1352508716
2977,2110,1352508868
2110,2977,1352508906
2943,1396,1352509247
2944,2725,1352519991
2725,2944,1352520104
2962,13,1352522124
2728,2880,1352522486
2582,2978,1352530854
2978,2582,1352532306
2944,2110,1352535016
2110,2944,1352535076
2805,2725,1352540894
2725,2805,1352540898
1815,905,1352564136
2805,41,1352565700
41,2805,1352566409
2187,2908,1352577991
2656,1851,1352580168
2733,2028,1352581837
13,2962,1352583385
2962,2780,1352584178
2780,2962,1352584603
791,13,1352584828
13,791,1352584828
2484,2028,1352586075
2028,2484,1352587512
178,2388,1352590681
2725,2901,1352594378
2908,2187,1352595919
2945,894,1352596134
2214,2948,1352598958
2795,1899,1352601024
1899,2795,1352601123
2962,2725,1352601472
2725,2962,1352601486
2725,2795,1352602088
2795,2725,1352602099
3598,2028,1352605966
2028,3598,1352606034
2028,2980,1352609124
2296,304,1352609160
2980,2028,1352609379
2962,2658,1352615127
2962,135,1352615141
2252,2934,1352641497
2934,2252,1352641511
2961,1922,1352645762
2080,2982,1352649394
2861,2725,1352661872
2982,2080,1352671908
2982,35,1352671918
2725,2861,1352676634
2733,1529,1352676993
1529,2733,1352677014
2929,1810,1352680105
1693,2194,1352685633
2194,1693,1352686152
2194,1383,1352686595
2725,171,1352692540
171,2725,1352692553
1615,2388,1352711293
35,2983,1352713735
2983,35,1352713922
2552,2125,1352738201
2125,2984,1352743937
2582,861,1352749164
2981,2725,1352751916
35,2985,1352753803
35,2986,1352753812
2315,2981,1352757316
2981,2315,1352757358
2981,2929,1352763160
2929,2981,1352764241
1810,2333,1352769033
2333,1810,1352769766
2688,1810,1352771508
2688,2866,1352772476
13,606,1352775524
13,2498,1352796329
2973,1775,1352809057
1916,2988,1352810571
35,2989,1352816333
35,2772,1352817845
2989,35,1352824477
35,2990,1352824490
1611,2070,1352826921
2725,2981,1352833450
2733,2397,1352840723
2397,2733,1352840803
1953,2991,1352842687
2991,1953,1352842761
1953,2763,1352850239
2763,1953,1352850562
2877,530,1352851557
1899,2992,1352852064
2763,2943,1352852782
2877,262,1352852846
2877,200,1352852854
2877,387,1352852908
2877,166,1352852965
2992,1899,1352853327
2981,2993,1352855205
2981,2642,1352855296
2943,2763,1352857066
2993,2642,1352857373
2993,2981,1352857476
1810,2992,1352857890
2642,2994,1352860545
2994,2642,1352860565
2929,2388,1352866535
2963,2725,1352874061
2963,1899,1352875791
1899,2963,1352876230
2635,2952,1352901925
2952,2635,1352901946
2772,35,1352904044
2073,2971,1352909732
2028,1629,1352920998
1629,2028,1352921000
2901,361,1352923959
2877,1332,1352930721
2877,378,1352930733
2725,361,1352931139
1396,2995,1352934835
2995,1396,1352935132
2174,2498,1352935416
2725,1396,1352935670
2877,827,1352938246
2388,2733,1352940183
2829,2028,1352941646
2028,2829,1352941698
1765,2067,1352943527
539,2388,1352945460
1396,539,1352946375
2328,72,1352950117
72,2328,1352954264
2214,1899,1352954791
1899,2214,1352954952
2076,2017,1352958733
2795,2017,1352959254
2485,2284,1352974465
2284,2485,1352990741
2246,1555,1353000613
2948,2214,1353004939
2934,1502,1353006696
1502,2934,1353007007
1585,1331,1353010254
1585,1846,1353010366
1953,2997,1353010570
2997,1953,1353010736
1810,100,1353011196
100,1810,1353011286
1585,2998,1353014503
2998,1585,1353014585
1746,2940,1353017056
2940,1746,1353017114
2725,35,1353017672
35,2725,1353017686
1905,1473,1353019623
1473,1905,1353019929
2940,2999,1353020243
2999,2940,1353021339
2940,3000,1353021575
3000,2940,1353022185
2987,2176,1353022792
2176,2987,1353022830
2940,2262,1353024448
2262,2940,1353024505
2918,2940,1353027866
2067,3001,1353028551
2711,2996,1353030196
3001,2067,1353033158
2296,2942,1353036458
2942,2296,1353036529
3598,1403,1353044111
2688,2028,1353044735
2214,2045,1353044894
2214,2901,1353044940
2388,2076,1353045267
3002,2940,1353046496
2940,3002,1353046523
2590,3001,1353052967
3001,2590,1353053173
35,2980,1353058225
2235,2964,1353081386
270,1810,1353085499
1810,270,1353087486
2877,443,1353090730
2877,80,1353090746
2397,1585,1353092065
2877,1368,1353097636
2877,273,1353097645
2826,2635,1353104225
2795,1656,1353111644
2266,502,1353118184
3005,1585,1353118188
1585,3005,1353118300
2877,462,1353119090
2877,502,1353119109
3003,2733,1353119695
2733,3003,1353119768
1565,1810,1353122781
1810,1565,1353123092
2642,2993,1353124738
2642,2496,1353125427
2496,2642,1353125639
2725,2943,1353127640
2642,2926,1353129868
2809,2642,1353133430
2642,2809,1353133468
2296,2590,1353143889
2590,2296,1353143893
35,3008,1353163193
1217,3009,1353167553
1217,2829,1353168042
1953,3010,1353172422
3010,1953,1353172689
3011,1953,1353173144
2829,1217,1353176838
2950,3012,1353185455
3012,2950,1353185457
2028,2725,1353185488
1810,2987,1353187569
2788,570,1353187773
2028,3013,1353196002
2642,3006,1353196164
3006,2642,1353196726
3006,523,1353198889
2647,2485,1353199592
3006,3015,1353201786
2939,2888,1353210155
2939,1764,1353210211
2888,2939,1353213970
35,3006,1353223195
3006,35,1353223227
2933,3016,1353245038
3016,2933,1353245169
242,2635,1353251037
2635,3017,1353256019
141,2318,1353258539
2318,141,1353258603
2558,2635,1353258641
2635,2558,1353258723
2635,3018,1353258751
141,2125,1353259387
3017,2635,1353259436
3015,1334,1353259846
3015,3006,1353260347
3015,2934,1353260960
1953,905,1353261260
3015,2933,1353262066
3018,2861,1353262557
2861,3018,1353262914
2642,2788,1353264559
2788,2642,1353264997
2028,2993,1353266069
2931,1953,1353269137
2728,2049,1353273913
2049,2728,1353273982
2763,3006,1353277913
3019,1396,1353278428
2934,3015,1353280704
3020,2028,1353283445
2725,2028,1353286426
2176,2496,1353289944
2496,2176,1353290341
3009,1217,1353291659
2944,1810,1353298922
2028,2176,1353299943
2028,2777,1353300359
35,3021,1353306860
2183,35,1353308382
35,2183,1353311453
35,1897,1353311555
2934,3022,1353318680
1396,2974,1353325714
2877,243,1353336934
1810,3023,1353347354
3023,1810,1353347539
2877,2135,1353349005
2878,2269,1353355659
2635,2874,1353361961
2874,2635,1353362004
3019,2252,1353366193
539,3025,1353376275
2296,2563,1353384751
3006,2763,1353385015
2563,2296,1353385030
2563,35,1353391847
1555,2246,1353406068
112,3026,1353411225
1916,2710,1353411811
2710,1916,1353411822
2992,3027,1353416501
35,3028,1353418140
2887,3027,1353420031
2861,3029,1353424030
2635,3030,1353424451
2364,1624,1353431306
540,3031,1353431451
3031,540,1353431501
3029,2455,1353435457
3026,112,1353437040
2266,2103,1353437931
2877,2103,1353438071
2430,2427,1353439505
2344,3021,1353443415
3021,2344,1353444653
2770,2427,1353447781
1499,1753,1353453751
2067,3019,1353457968
2950,1810,1353460962
1810,2950,1353460986
2296,2609,1353462233
2609,2296,1353462400
4,2998,1353463838
2998,4,1353464066
2388,2950,1353466886
2950,2388,1353466994
2296,2929,1353471014
2388,2929,1353471279
1810,2929,1353472026
2897,2763,1353479425
1894,2485,1353481099
2385,1846,1353494425
2770,492,1353496443
2635,3033,1353498735
2127,1693,1353503078
35,415,1353504812
2485,2402,1353509804
2402,2485,1353510195
3031,1953,1353511153
2730,2635,1353514939
2485,1894,1353518655
2726,1899,1353519554
1899,2726,1353519567
2555,1334,1353520765
2877,1196,1353525012
1953,3006,1353525220
3006,1953,1353525785
2925,1810,1353526392
1810,2925,1353526427
2901,2388,1353531946
3034,2688,1353537943
2877,853,1353540769
2877,1674,1353540779
361,2201,1353547220
2201,361,1353547258
2262,1810,1353553770
3006,2262,1353554870
2262,3006,1353554907
3006,2125,1353555514
2125,3006,1353555652
2942,2950,1353557384
2950,2942,1353557434
1396,3019,1353558050
2296,2969,1353559968
2969,2296,1353560351
2725,2733,1353561580
1899,2725,1353563258
2725,1899,1353563271
2427,1635,1353570977
2427,2770,1353571125
2763,2897,1353573174
2775,2710,1353576244
2710,2775,1353576359
2763,2976,1353591277
2976,2763,1353591293
2777,2028,1353593494
2647,2725,1353594417
2635,3035,1353600396
3035,2635,1353600502
2635,2739,1353602098
2739,2635,1353602809
2485,2906,1353603684
2906,2485,1353603812
2762,3036,1353604732
3036,2762,1353604824
2252,3019,1353605370
1396,1566,1353606826
1953,3003,1353610203
2266,3003,1353610392
1953,3037,1353617602
3037,1953,1353617630
2402,2688,1353620206
2688,2402,1353620239
1819,2296,1353622422
3037,35,1353622457
1953,3038,1353645263
2269,2878,1353649701
2658,2688,1353649748
2269,2090,1353651188
3036,1227,1353651237
905,2090,1353651258
2388,2795,1353651730
2795,2388,1353651790
3038,1953,1353654553
35,3041,1353663268
2485,2647,1353665592
2485,3040,1353667408
2635,3037,1353667892
2176,2835,1353679050
2176,2777,1353679232
3036,2028,1353679597
3041,35,1353681090
2777,2176,1353681242
3036,2897,1353684308
2897,3036,1353684462
304,2485,1353686172
1953,2343,1353695699
2343,1953,1353695760
415,35,1353699558
2110,3036,1353701983
1953,216,1353703239
304,1953,1353705515
1953,304,1353705566
570,2788,1353707269
3040,2775,1353707385
3040,35,1353707576
3040,2485,1353707906
2028,3045,1353709551
3045,2028,1353709636
171,2943,1353711233
2943,171,1353711293
2993,2028,1353720537
2897,2892,1353722173
2892,2897,1353722279
2688,3034,1353723354
1693,1953,1353729775
1953,1693,1353729808
1227,3036,1353733671
2733,1815,1353737637
1396,3025,1353740152
2028,2610,1353740569
2610,2028,1353740624
1899,2176,1353749487
2176,1899,1353749669
2934,1899,1353756025
2805,3046,1353771936
3046,2805,1353772500
2889,2635,1353772529
2635,2889,1353772565
1675,3000,1353777503
3000,1675,1353777744
2901,3044,1353782326
2028,520,1353786548
2028,2901,1353788415
2901,2028,1353788456
2642,3048,1353791152
2934,2315,1353801885
2315,2934,1353801899
1352,2194,1353804040
2028,2558,1353807406
2558,2028,1353807493
3044,2901,1353809737
1317,2880,1353820271
2880,539,1353827934
1810,3049,1353827943
7,3050,1353828233
3050,7,1353828306
1318,3025,1353829721
1318,2880,1353831432
2388,1656,1353833109
1217,23,1353833182
135,3025,1353833805
35,3051,1353836805
1786,2269,1353840864
2775,3052,1353847536
2775,3040,1353847547
2775,2830,1353847551
1396,135,1353858307
2934,2688,1353866383
2688,3036,1353866954
2028,2110,1353868243
1953,2624,1353878452
35,3053,1353878715
1953,2511,1353879054
3053,35,1353879708
2296,2934,1353880713
2725,3054,1353887412
3054,2725,1353887419
2028,1746,1353891743
2028,2733,1353891785
2028,2686,1353892856
2028,2762,1353892948
2028,2351,1353893010
2725,3055,1353894110
3055,2725,1353894149
522,1899,1353897341
1899,522,1353897350
35,1462,1353929041
1615,3058,1353933231
96,2333,1353935602
3036,2110,1353942527
1565,2892,1353946222
2892,1565,1353946528
3059,2125,1353948433
2688,2658,1353948807
2934,2658,1353948810
3036,2688,1353948853
2178,2125,1353948997
2949,1953,1353956925
7,2174,1353957776
2174,7,1353958403
1615,3060,1353958530
3060,1615,1353959605
1217,1611,1353962634
1611,1217,1353963471
520,2028,1353967657
1953,3035,1353975897
1953,3063,1353976105
3063,1953,1353976521
522,1693,1353979478
1693,522,1353979770
2642,1810,1353980258
1810,2642,1353980323
493,1334,1353981103
1201,2028,1353985569
2880,2028,1353985700
2028,3054,1353987427
3054,2028,1353987609
35,3064,1353997306
7,2943,1354011022
3060,3065,1354019902
2370,3066,1354020118
2962,2370,1354020456
2775,3067,1354026681
2775,3068,1354026686
3064,35,1354031918
1615,2281,1354034406
2943,7,1354037159
2028,2943,1354048181
2943,2028,1354051100
1629,1719,1354051247
3065,3060,1354051472
1953,3070,1354052355
1953,3069,1354052375
3070,1953,1354052490
2416,1953,1354053731
1953,2416,1354053743
2045,2880,1354054491
2880,2045,1354054629
2880,2688,1354055907
2688,2880,1354056399
1953,2895,1354058058
1899,3073,1354061193
2642,2388,1354061475
2642,1953,1354063244
1953,2642,1354063254
1953,3075,1354063788
3075,1953,1354063869
2963,2642,1354064429
2642,2963,1354064604
1953,2730,1354065334
1953,2388,1354065538
2725,2963,1354066477
2688,2725,1354066583
6,2028,1354067737
2710,1899,1354068467
6,1363,1354068531
6,10,1354068541
6,1,1354068551
1899,2710,1354068618
3067,2775,1354073222
3067,35,1354073583
2269,1786,1354075937
2266,3059,1354077725
2266,3027,1354077732
2880,2110,1354078138
2880,2948,1354078166
1386,2880,1354079188
2835,2763,1354079378
1386,1201,1354079953
2388,2110,1354080648
2110,2388,1354080806
2658,1877,1354082148
2658,1318,1354082172
1810,2876,1354082503
2388,2948,1354082524
2876,1810,1354082599
2328,3076,1354082708
3076,2328,1354082739
2388,3071,1354082940
2897,3076,1354084668
3076,2897,1354084674
2658,13,1354085648
361,3025,1354085787
3044,2388,1354086512
2388,3044,1354086719
2125,2679,1354087481
2679,2125,1354087740
41,3598,1354091262
3598,41,1354091421
2080,2281,1354099965
1615,2233,1354101674
2233,1615,1354101689
3069,1953,1354101816
1953,2378,1354103162
2378,1953,1354103377
2711,2970,1354107422
35,149,1354108870
149,35,1354112971
149,1615,1354113316
1615,149,1354113477
2835,2176,1354122356
2763,2835,1354123291
3018,3077,1354124373
2963,35,1354133431
35,2963,1354133513
2647,2635,1354136924
3000,2977,1354140420
2977,3000,1354140441
3045,3078,1354142143
3078,3045,1354142207
1334,2252,1354144912
2252,1334,1354144929
2763,2688,1354145565
2688,2733,1354147537
2688,312,1354147543
2388,25,1354147925
3045,25,1354147973
1832,2733,1354160757
2733,1832,1354160771
2388,1815,1354165884
2642,3080,1354167268
3080,2642,1354167284
3081,3018,1354184095
1615,35,1354187523
1615,1217,1354187556
3018,3082,1354188432
3082,3018,1354188465
1752,2885,1354197912
2885,1752,1354198000
1752,1585,1354198200
3045,2861,1354203758
2861,3045,1354204044
1953,3083,1354208899
3083,1953,1354208924
1953,3011,1354208945
1953,3033,1354212614
3033,1953,1354212737
1953,2828,1354216410
2828,1953,1354216699
1953,3084,1354218310
3084,1953,1354219453
1810,2692,1354220065
2201,3056,1354221528
3056,2201,1354221565
1953,3085,1354223253
3085,1953,1354224915
1953,3086,1354226140
3086,1953,1354226426
3086,2635,1354226888
2635,3086,1354227028
1725,3087,1354230683
1953,3088,1354234702
3088,1953,1354234979
546,3087,1354236165
3045,3089,1354236400
3089,3045,1354236582
2730,1953,1354240925
2642,2876,1354243626
2876,2642,1354245391
100,3087,1354253434
2880,1317,1354262177
1675,1981,1354289145
1981,1675,1354289382
1565,1386,1354294969
1565,1656,1354295072
1810,3090,1354302111
3090,1810,1354302220
2388,2642,1354306558
1899,2943,1354307464
2943,1899,1354308018
2635,2890,1354309944
2963,1953,1354310387
1953,2963,1354310418
1810,2402,1354312356
2780,1334,1354317048
2402,1810,1354317133
1018,1912,1354319162
1912,1018,1354319282
104,1018,1354323870
1018,104,1354323914
2943,2725,1354325259
1810,3044,1354340252
3044,1810,1354340356
2647,3002,1354341417
3002,2647,1354343628
2795,2688,1354344925
35,3067,1354363111
1651,2378,1354376127
242,2775,1354386475
2176,2642,1354389149
2642,2176,1354389234
2045,2176,1354389500
35,2563,1354392380
2642,1832,1354392600
3092,2896,1354396086
3598,3045,1354396760
3045,3598,1354396812
1953,3093,1354398362
2334,2642,1354401896
2642,2334,1354401957
2642,2942,1354402699
1363,2992,1354403726
2266,2778,1354404793
2266,2887,1354404800
2266,2815,1354404825
188,2642,1354405240
2642,188,1354405741
2642,2944,1354407875
1953,3094,1354408816
1731,1967,1354409027
1967,1731,1354409049
3094,1953,1354409723
2987,1810,1354413471
2897,3027,1354420297
2897,3059,1354420320
2688,1334,1354425433
2725,2897,1354428549
192,1810,1354431629
192,2067,1354431884
2777,35,1354439994
35,3095,1354440052
2042,3097,1354467872
2857,3098,1354477631
3098,2857,1354477717
1832,2880,1354478556
2880,1832,1354478560
3036,3099,1354483449
1953,3079,1354484586
3079,1953,1354484937
3099,1733,1354485769
242,2642,1354486450
2642,242,1354486453
905,2642,1354495373
2642,905,1354495393
1905,304,1354503235
304,1905,1354503291
2028,2835,1354504050
1,125,1354515266
125,1,1354515447
2725,2688,1354515991
2388,539,1354516341
2775,1334,1354525653
2775,242,1354525666
2296,2763,1354527859
2763,2296,1354528762
2775,3102,1354536358
2266,2772,1354537158
3036,3103,1354548470
3018,3081,1354564543
2388,2901,1354571221
2847,1953,1354573360
1953,2847,1354573365
2125,224,1354575922
224,2125,1354575995
2642,3104,1354578369
3104,2642,1354578398
1334,3099,1354585107
3099,1334,1354585356
856,2498,1354585992
856,3099,1354586890
3099,856,1354586899
2266,2291,1354587696
2642,3099,1354590920
3099,2642,1354590976
856,3105,1354591821
3105,856,1354592246
3105,2775,1354594009
3105,35,1354594034
2125,2642,1354597831
2642,2977,1354599038
2642,2125,1354601702
2763,2125,1354603803
35,3106,1354605470
2763,2017,1354609734
3029,2013,1354610522
3598,3092,1354612510
3092,3598,1354613259
2192,2266,1354617383
2266,2881,1354631366
3107,2775,1354631595
41,2063,1354635679
2063,41,1354635704
2266,3108,1354638099
2378,1651,1354639057
2266,3109,1354641797
35,3110,1354653899
1018,1281,1354654272
1281,1018,1354654278
2476,2498,1354672598
2733,700,1354672957
700,2733,1354673390
2642,3110,1354674033
1317,2688,1354675141
2821,1810,1354679185
2642,3111,1354679353
1810,2821,1354679458
3111,2642,1354679558
2642,3112,1354681869
3112,2642,1354682000
2944,2642,1354683780
1675,1810,1354685904
3110,2642,1354687677
3099,3111,1354694392
3111,3099,1354694422
2725,2934,1354701915
2296,3114,1354704766
3114,2296,1354704954
3018,3115,1354707143
3115,3018,1354710663
3018,3116,1354711777
2266,3116,1354712419
3116,3018,1354712455
35,2777,1354722788
35,3117,1354722806
35,3118,1354722813
2266,642,1354724020
2642,3119,1354724974
3119,2642,1354724976
492,3106,1354730239
492,2710,1354730367
3120,1731,1354730458
3120,1746,1354730474
2710,492,1354730891
2848,2918,1354730943
2642,3105,1354732124
1334,3110,1354738035
1462,35,1354744480
2538,3105,1354748294
3105,2538,1354748325
3078,2642,1354748460
2642,3078,1354748512
2642,2476,1354758098
2861,493,1354758235
1396,1735,1354758288
493,2861,1354759440
2894,2642,1354762155
3106,492,1354767450
3105,2388,1354767618
3106,2388,1354768842
2388,3106,1354769201
3087,493,1354769298
3598,3105,1354772537
3105,3598,1354772604
3087,3044,1354773110
3044,3087,1354773238
3105,2903,1354779370
3598,2835,1354789472
2835,3598,1354789546
3598,3122,1354792919
3122,3598,1354793019
2817,1217,1354797482
3102,2775,1354802864
3598,2973,1354805834
2973,3598,1354805856
2125,550,1354811017
550,2125,1354811076
1899,3123,1354814036
3123,1899,1354814078
1352,3029,1354818139
2593,2125,1354819339
3110,1334,1354822357
3110,35,1354822376
35,3124,1354824107
3124,35,1354824213
2647,3125,1354829117
2691,2934,1354830404
2934,2691,1354830424
1502,2476,1354831420
2476,1502,1354831453
3099,3105,1354834938
3105,3099,1354834998
2848,2835,1354842258
2943,2780,1354845412
2780,2943,1354845527
2558,1953,1354846536
2388,3105,1354846795
2948,2388,1354849408
3087,3127,1354854013
3127,2593,1354854075
2961,304,1354860545
2610,3099,1354862777
3099,2610,1354862822
35,3128,1354864878
2835,2110,1354868500
2110,2835,1354868601
2388,2903,1354873251
493,417,1354873707
493,2198,1354873751
2013,3029,1354885113
2013,3129,1354885197
3129,2538,1354893862
3129,3132,1354893913
3129,2817,1354893933
3129,2635,1354894012
35,3105,1354900280
35,2476,1354900304
35,3107,1354903093
1565,2388,1354906864
2388,1565,1354906912
2388,2837,1354907439
2837,2388,1354907492
3086,3129,1354908557
3047,2118,1354909649
3047,2635,1354909670
3598,3099,1354910113
3099,3598,1354910200
2642,3138,1354910216
1334,1693,1354910233
1693,1334,1354910256
2635,3047,1354910348
3138,2642,1354910828
3093,1953,1354912898
3093,2378,1354913664
2963,230,1354914430
1217,2817,1354914596
1018,2963,1354915169
1899,3139,1354916436
1899,2942,1354917879
2942,1899,1354918182
3139,1899,1354919830
2835,3099,1354920834
3099,2835,1354921842
3128,35,1354924102
2110,3027,1354928212
2110,3059,1354928329
2110,2992,1354928365
2897,3140,1354931569
1832,2725,1354932148
2725,2030,1354932403
2642,3141,1354933246
2725,2763,1354933297
2763,2725,1354933314
3141,2642,1354933428
2725,3002,1354934176
2725,2728,1354937531
3002,2835,1354939828
3002,2725,1354939973
3105,2642,1354943631
2291,2642,1354949347
2642,2291,1354949409
2835,3002,1354961501
2030,2934,1354969397
2934,2030,1354969437
3029,1352,1354974400
2725,214,1354995692
214,2725,1354995779
2642,2404,1354996705
2030,2725,1355005216
1018,3020,1355008229
6,1018,1355010314
1018,6,1355010343
6,1832,1355010982
1832,6,1355011052
3142,2070,1355011403
3598,1764,1355016791
1764,3598,1355016899
3140,2897,1355018105
265,1277,1355020780
2928,230,1355024169
1018,2928,1355025797
3127,3087,1355026675
2725,2848,1355026855
1018,3127,1355027216
2861,2897,1355027220
3127,1018,1355027588
2725,1810,1355032547
1810,2725,1355032813
2296,3145,1355047976
2118,3047,1355050282
2118,35,1355050397
2835,2780,1355053934
2775,3105,1355057104
2775,3113,1355057112
3146,2775,1355057423
2113,3147,1355072933
256,1018,1355081675
1018,256,1355081701
2725,2176,1355081842
2176,2725,1355081865
492,2775,1355082695
2725,3148,1355086157
256,3149,1355087772
3148,2725,1355088177
1802,2028,1355090458
2861,2045,1355092983
2775,492,1355095452
2388,2725,1355096779
2835,2848,1355100138
3087,2775,1355100630
2642,3150,1355102175
2725,2835,1355102177
3150,2642,1355102429
2725,2821,1355103460
2821,2725,1355103487
592,2642,1355105830
2642,592,1355105849
3148,3151,1355107635
2642,3598,1355110445
3151,3148,1355113293
3099,3013,1355113421
3598,2780,1355117614
2780,2835,1355117712
2780,3598,1355117753
3144,2897,1355120666
2725,2843,1355126365
1885,2503,1355130194
2942,1802,1355130319
3598,3153,1355146847
3153,2378,1355146850
2110,3153,1355146907
2378,3093,1355146927
2110,871,1355146955
2378,3153,1355146992
2485,3154,1355147174
35,3137,1355150766
35,3155,1355150782
35,3113,1355150802
35,3156,1355150821
3147,2113,1355152338
856,1743,1355153583
3136,2378,1355158979
2378,3136,1355158983
2642,3146,1355160599
2848,1899,1355160884
1899,2848,1355160906
3146,2642,1355161305
1394,1053,1355161613
1277,265,1355163031
1018,1394,1355163211
1394,1018,1355163853
2028,1899,1355172187
3076,1810,1355176727
1810,3076,1355176730
2388,2158,1355187346
3044,2642,1355193339
1743,3157,1355194547
1802,3158,1355194673
1802,2942,1355194727
3158,1802,1355194820
2642,3044,1355194873
1743,856,1355195138
1743,363,1355195404
2213,2538,1355195575
2642,3121,1355195654
3157,1743,1355195663
1743,448,1355195814
3121,2642,1355196037
3099,308,1355198736
1916,3099,1355206803
3099,1916,1355206881
2835,3159,1355214293
1731,1675,1355218355
3082,2378,1355224090
2378,3082,1355224196
2485,2915,1355229320
2775,3146,1355232156
2775,3107,1355232166
2915,2485,1355233176
1743,143,1355235776
448,1743,1355235888
2476,2642,1355240135
1018,1502,1355243119
1502,1018,1355243119
1899,540,1355245358
540,1899,1355245359
3136,3018,1355247940
2861,1366,1355247970
3018,3136,1355248039
3136,3086,1355253013
3086,3136,1355253059
2896,3092,1355257336
3018,2905,1355261796
2905,3018,1355261882
2916,2485,1355265169
3136,2642,1355267371
1,1815,1355268337
2266,2017,1355271578
2642,3161,1355276283
3161,2642,1355276307
7,3161,1355284116
3161,7,1355284300
1731,2538,1355300545
2485,3163,1355304414
1018,3164,1355330247
3164,1018,1355330528
2045,2861,1355331049
1810,1754,1355332880
1754,1810,1355332927
3136,3165,1355337133
3165,3136,1355337502
2647,3166,1355338336
3166,2647,1355338884
3099,3036,1355339050
3099,1001,1355339346
2897,3144,1355342667
2642,3136,1355347032
1018,2969,1355348446
2388,3162,1355348497
2969,1018,1355348521
2934,3167,1355353307
3099,2040,1355355037
1352,1769,1355358894
2642,2889,1355367263
2889,2642,1355367309
2642,2733,1355369264
2819,2642,1355374303
2642,2819,1355374339
2315,2642,1355378351
2688,2795,1355378441
1802,2291,1355404939
2291,1802,1355405392
2635,3169,1355411865
3169,2635,1355411919
3136,2647,1355419959
1953,3136,1355426018
3136,1953,1355426237
1018,1565,1355434521
1018,3598,1355434683
2821,1018,1355446962
2028,1890,1355461845
1890,2028,1355461959
2028,2751,1355463044
2751,2028,1355463412
2848,3171,1355467365
3137,35,1355477580
2973,2897,1355499112
3047,3166,1355500361
3166,3047,1355500665
2291,7,1355505676
2635,2867,1355506175
2867,2635,1355506463
1810,2759,1355525882
2759,1810,1355526163
1334,1585,1355530613
1585,1334,1355530624
2897,3173,1355534557
856,3174,1355538502
3174,856,1355538543
6,1624,1355540573
2642,3175,1355548469
35,3176,1355561260
35,3175,1355561273
35,3163,1355561280
35,3177,1355561289
35,3178,1355561300
35,3179,1355561322
2763,3136,1355574952
3136,2763,1355574960
3018,3180,1355575936
1953,2125,1355579841
1953,2363,1355586369
2363,1953,1355586461
2125,1953,1355587635
2890,2635,1355588753
1743,2013,1355588846
2013,1743,1355589333
2125,3161,1355592678
2363,2378,1355594500
3136,3171,1355599317
171,1779,1355603631
1779,171,1355603653
2642,3181,1355607621
3181,2642,1355607650
3171,3136,1355608370
2524,1693,1355610006
3107,35,1355615396
2977,2642,1355616906
545,1352,1355617732
3172,2110,1355619996
2110,3172,1355620186
3182,2110,1355621542
2110,3182,1355621558
2642,3183,1355621867
3183,2642,1355621898
3120,2642,1355623981
2642,3120,1355624129
3182,2296,1355634756
2176,3598,1355635960
3598,2176,1355637516
1953,2558,1355666510
1899,3185,1355688874
3185,1899,1355688902
1905,1386,1355689419
1386,1905,1355689438
1953,3184,1355689765
3184,1953,1355689855
3182,2642,1355698382
2763,2070,1355699085
2763,35,1355699499
3182,1810,1355701692
3182,492,1355701785
1018,308,1355706023
308,1018,1355706263
2642,3187,1355709657
3187,2642,1355709716
1258,3183,1355712346
3183,1258,1355712396
3099,1840,1355712880
3099,1185,1355712960
1018,3145,1355723203
1764,1810,1355723289
1810,1764,1355723537
1810,2658,1355724897
2658,1810,1355724953
3182,3188,1355735396
3099,340,1355737939
3099,2187,1355738033
2378,2363,1355739654
2476,35,1355747924
1953,3165,1355755739
3165,1953,1355756209
2070,2763,1355765479
3190,1018,1355771394
3190,3044,1355775211
2484,2710,1355776092
2710,2484,1355776221
3044,3190,1355776438
3180,3018,1355781232
2244,3191,1355786438
3191,2244,1355786532
1953,3192,1355792178
3192,1953,1355792718
1018,202,1355797960
202,1018,1355797975
2125,2688,1355798315
3188,3182,1355798726
2688,2125,1355799202
2725,1731,1355800856
2942,2642,1355801994
1810,3182,1355808257
1859,1693,1355812218
3099,2961,1355826907
2961,3099,1355826968
3099,1245,1355828191
1245,3099,1355828206
1670,3024,1355842097
3024,1670,1355842194
1018,3193,1355845161
1953,2949,1355847887
35,2710,1355858952
2710,35,1355859306
2028,1856,1355861068
3099,3194,1355867250
3194,3099,1355867365
2028,3195,1355871454
2725,3196,1355872810
3196,2725,1355872902
3195,3197,1355873230
3197,3195,1355873257
2733,2642,1355875025
1953,3077,1355876709
2296,3182,1355876962
2642,3182,1355877144
353,2028,1355882152
2028,353,1355882848
2388,592,1355894437
592,2388,1355894445
1018,2961,1355894676
2961,1018,1355894719
2388,3146,1355906004
3146,2388,1355906362
3197,2343,1355908906
2485,3037,1355912689
3037,2485,1355912978
3037,2635,1355913312
2763,3198,1355938327
903,2017,1355942264
1018,3190,1355945539
2306,1271,1355948390
1271,2306,1355948405
35,3199,1355952780
35,3200,1355952789
3199,35,1355952911
3199,3201,1355952960
2642,3202,1355953044
3202,2642,1355953059
1271,3203,1355953561
3203,1271,1355953590
1953,3204,1355954957
3204,1953,1355955005
1565,3204,1355955034
1352,3204,1355955083
3204,1352,1355955180
3204,1735,1355955365
3204,330,1355955482
3204,29,1355955574
1396,1953,1355957783
57,1396,1355957994
35,2526,1355959366
2266,2343,1355961423
2028,2343,1355961492
1018,3205,1355965643
3205,1018,1355965705
2710,729,1355965904
729,2710,1355965911
1840,1185,1355967664
3196,2028,1355969244
2028,2642,1355974515
1859,1802,1355981272
1802,1859,1355981296
1819,304,1355982327
3204,1565,1355996772
2378,3206,1356016504
3146,3208,1356019836
3208,3146,1356020132
2934,2642,1356021838
3208,3209,1356021965
2642,2934,1356021981
3209,3208,1356025600
2266,2363,1356027938
2716,2892,1356029455
2892,2716,1356029480
2642,363,1356029722
363,2642,1356029732
1991,3195,1356030498
1810,1585,1356031437
1810,3206,1356034895
2165,3027,1356035936
1899,3194,1356036051
2536,3196,1356036342
3194,1899,1356036728
1018,3194,1356037963
1271,3146,1356040706
3146,1271,1356040803
2363,3210,1356042051
3210,2363,1356042085
135,2388,1356046697
2388,135,1356046763
2661,3195,1356047688
2934,230,1356048379
2658,2934,1356048439
1018,2934,1356049454
2934,1018,1356049491
1363,1018,1356049502
2201,1832,1356057768
1832,2201,1356057783
135,2962,1356060921
2494,1810,1356061243
1810,2494,1356062322
729,1731,1356063567
2028,3050,1356063572
1731,729,1356063649
2131,1204,1356063866
3050,2028,1356064682
3016,1953,1356064794
1953,3016,1356064988
2028,3002,1356071184
3002,2028,1356071247
35,3211,1356088540
35,3212,1356088556
35,3213,1356088563
35,3214,1356088571
3206,2378,1356097164
3206,1810,1356097386
1840,3215,1356098448
2266,2934,1356105718
2934,1832,1356105834
2934,3061,1356106718
2028,3209,1356106745
3209,2028,1356107404
3215,1840,1356109301
2647,2916,1356112116
2916,2647,1356112171
395,1810,1356117439
1810,395,1356118161
1810,3216,1356118703
3216,1810,1356118760
2635,2647,1356121690
2803,1271,1356131494
1271,2803,1356131527
2836,1054,1356149431
2028,2977,1356159675
2977,2028,1356159778
1810,3217,1356160480
3217,1810,1356160658
3018,3218,1356184698
3218,3018,1356185113
3219,448,1356189984
2642,2343,1356190806
481,2343,1356190856
3041,2343,1356191154
3195,1991,1356198778
3195,2661,1356198886
3219,3220,1356201905
3220,3219,1356202007
3220,1743,1356202104
2028,3161,1356202239
3185,2625,1356202598
2625,3185,1356202619
2642,1271,1356203275
1271,2642,1356203339
3161,2028,1356205010
2028,3221,1356207290
3221,2028,1356207436
1743,3220,1356214324
3099,3148,1356219098
2296,2688,1356219375
2688,2296,1356221439
2642,215,1356222208
215,2642,1356222211
353,1984,1356228470
135,2564,1356252013
3084,2647,1356279345
1810,3146,1356282562
3146,1810,1356282774
2642,3222,1356288268
3222,2642,1356288335
3146,1555,1356291600
3221,3146,1356293477
3146,3221,1356293684
2839,3221,1356295267
3221,2839,1356295296
3125,2647,1356295464
2642,3223,1356300254
2642,3005,1356300290
1555,3146,1356300951
3193,3224,1356306493
2731,2642,1356321651
2642,2731,1356322191
2647,3084,1356333136
3226,563,1356337647
1810,3227,1356337687
3227,1810,1356337876
3227,35,1356337901
35,3228,1356338001
2485,3229,1356341600
3229,2485,1356342124
2485,2916,1356348153
563,3226,1356350341
1810,2083,1356370967
1810,3230,1356372555
3230,1810,1356372720
57,1245,1356377862
1899,57,1356384210
2536,1810,1356385312
3043,1953,1356391164
1832,1018,1356391564
3226,2093,1356391771
1832,2388,1356393688
1899,2333,1356393779
2333,1899,1356393786
3045,3231,1356394378
3232,3197,1356406901
3197,3232,1356408248
1363,2,1356408279
1363,245,1356408285
1363,167,1356408305
1363,223,1356408357
1363,135,1356408430
1363,29,1356408530
1363,192,1356408628
1363,1453,1356408633
135,1396,1356408634
135,1363,1356408660
135,192,1356408703
135,245,1356408743
135,223,1356408758
135,167,1356408761
135,178,1356408770
135,1453,1356408792
178,135,1356408814
178,1363,1356408909
178,1453,1356408933
178,1396,1356408975
3054,2275,1356409891
135,1815,1356409975
1245,57,1356436473
2861,57,1356446921
3233,3234,1356456514
3234,3233,1356456535
1396,3235,1356466495
2934,2848,1356468583
1899,2819,1356468833
2819,1899,1356468868
1899,3193,1356473033
3193,1899,1356473637
2158,2388,1356476237
3233,3223,1356477959
491,3208,1356478714
1018,2405,1356480360
3223,3233,1356483616
3197,3223,1356492800
3223,3197,1356493575
361,3237,1356499777
3197,2906,1356501494
3223,3238,1356503891
3238,3223,1356504103
2388,2658,1356506179
2658,2388,1356506248
491,2141,1356513628
3233,1810,1356515149
2233,491,1356515304
3211,35,1356516683
3233,1916,1356516910
1916,3233,1356516935
448,115,1356537373
2176,2045,1356542733
2141,491,1356546791
2688,2642,1356555840
2688,3239,1356557079
1018,3240,1356557956
3239,3241,1356558741
3241,3239,1356558859
3240,1018,1356561222
2642,3241,1356564018
3241,2642,1356564528
1620,3233,1356566939
3233,1620,1356567022
3233,3239,1356567064
3239,3233,1356567115
3239,2688,1356567582
2835,3225,1356569763
3225,2835,1356569832
1620,2524,1356572816
3197,1810,1356577722
1810,3242,1356590122
3242,1810,1356590835
2835,3050,1356591023
3050,2835,1356591731
2835,2961,1356601555
2961,2835,1356601628
2635,3243,1356614819
3243,2635,1356614842
3237,3239,1356622880
1620,2243,1356626517
2243,1620,1356626635
3190,25,1356630052
2763,25,1356630308
3197,3233,1356634605
3233,3197,1356634719
3239,3244,1356639441
3244,3239,1356639481
2028,3032,1356641010
1899,3062,1356644435
1947,2835,1356645287
2835,1947,1356645300
3062,1899,1356645592
1018,3245,1356646719
3245,1018,1356646882
3223,3246,1356652110
1693,545,1356664564
2028,2763,1356670320
2524,1620,1356680237
2763,2028,1356682883
2485,3248,1356688932
3018,3249,1356699792
3018,3248,1356703426
2363,3018,1356708216
3018,2363,1356708261
3248,2485,1356713553
2929,2028,1356714188
3119,2835,1356714519
2028,2929,1356715531
2835,3119,1356718489
1565,3239,1356718745
3239,1565,1356718770
3190,1217,1356720819
2835,1565,1356722306
2835,2397,1356722886
1565,2835,1356722966
2397,2835,1356722969
3248,3018,1356723174
1953,3207,1356723488
3207,1953,1356723529
535,1366,1356725015
2934,3219,1356727961
1620,3119,1356729573
3119,1620,1356729599
3233,25,1356730541
3119,3250,1356731525
3250,3119,1356731591
3119,3233,1356732561
3233,3119,1356732592
2028,2178,1356736344
2178,2028,1356736496
2158,1565,1356740277
1565,2158,1356740324
1905,1899,1356740933
1899,1905,1356740990
2388,2484,1356743350
2028,3198,1356743404
1018,3251,1356745320
3251,1018,1356745561
3251,1352,1356747887
1366,535,1356748157
3251,535,1356748359
3252,3239,1356753407
3239,3252,1356753479
2296,1731,1356757707
1832,3239,1356759142
3239,1832,1356759147
3172,3239,1356761481
1731,2725,1356761687
2296,3253,1356762925
3253,2296,1356763519
3198,2763,1356768112
1396,57,1356789102
2049,3254,1356793423
3254,2049,1356793456
2028,3172,1356794062
3172,2028,1356794854
2249,1810,1356800085
1810,2249,1356800450
1810,3255,1356800587
3255,1810,1356801384
3129,2419,1356803757
3129,709,1356803864
3129,2779,1356803888
3129,1743,1356803925
3050,2642,1356809473
3018,3085,1356809927
1953,3210,1356810503
1528,1352,1356814460
3119,1412,1356814704
1412,3119,1356814733
3197,2437,1356815349
2437,3197,1356815396
3231,3045,1356816851
546,3099,1356818313
3239,3172,1356818314
3099,546,1356818578
2725,3239,1356822581
3225,1832,1356825963
1832,3225,1356826079
1396,1528,1356828627
3258,481,1356831077
1018,2067,1356832717
2067,230,1356832720
2028,6,1356833506
6,550,1356834141
550,6,1356834173
6,1331,1356834517
6,2642,1356835679
3161,2125,1356836075
3193,3259,1356841067
35,3227,1356863421
2635,3260,1356877856
2635,3261,1356886986
3261,2635,1356887087
1271,2823,1356887114
3261,3260,1356887472
3005,2642,1356899579
2867,3260,1356901143
1271,3193,1356902464
3246,3223,1356915281
2028,2688,1356915724
2725,2658,1356917013
2028,2498,1356917376
2658,2725,1356917594
3197,3246,1356923929
3246,3197,1356924284
1806,2028,1356925502
2028,1806,1356925503
545,3262,1356960713
3223,2178,1356977526
3225,1018,1356978114
1018,3225,1356978156
1693,1396,1356978806
2877,135,1356981588
1271,2625,1356981684
1018,3233,1356988108
3233,1018,1356988249
3239,3263,1356993144
3263,3239,1356993196
3195,2028,1356994277
1810,1258,1356995188
3239,3264,1356995204
1258,1810,1356995217
3264,3239,1356995318
3195,1528,1356996877
135,2877,1357001346
3239,2725,1357006389
2188,2119,1357011890
2028,2780,1357012859
2780,2028,1357031913
1810,1967,1357071003
1967,1693,1357071362
3185,2642,1357073556
3148,3099,1357077318
2388,1403,1357083244
2419,3086,1357084255
2419,3260,1357084282
2158,25,1357091803
1403,3598,1357097446
1403,2388,1357097487
1403,905,1357097563
1403,540,1357098066
1403,57,1357098621
57,1403,1357098648
1363,1921,1357106247
2898,770,1357106565
2388,3265,1357106585
3265,2388,1357106693
2187,1810,1357107180
2464,2465,1357108075
35,3266,1357111160
3195,3267,1357111303
3267,3195,1357111419
3267,2313,1357112058
3146,2658,1357112352
2658,3146,1357112486
2388,2442,1357116341
2442,2388,1357116700
1810,2187,1357133509
3219,2934,1357144835
3269,3239,1357153814
3239,3269,1357153845
2176,3239,1357153866
3239,2176,1357153999
2266,1757,1357155942
1396,729,1357157124
1396,1656,1357159179
1396,178,1357159211
1396,1615,1357159263
1396,104,1357159306
1396,1693,1357159328
3239,2125,1357159613
1396,1098,1357159663
3239,3268,1357160148
2725,2419,1357163098
1018,2725,1357165593
2419,3270,1357166561
3270,2419,1357166581
3239,3271,1357168319
3271,3239,1357168391
2642,3239,1357169110
3239,2642,1357171924
3270,3239,1357176219
3239,3270,1357176262
3197,3239,1357181306
2296,3197,1357183384
882,3197,1357183687
3197,2642,1357185838
1363,3237,1357227542
2647,3047,1357231305
3047,2647,1357231491
2984,2125,1357235354
41,3274,1357239703
3274,41,1357239736
2028,3275,1357243055
3275,2028,1357243100
3269,35,1357243206
1018,2958,1357245106
2958,1018,1357245225
2642,3185,1357246123
2266,2090,1357246454
1810,2090,1357246606
2934,2090,1357246717
3269,3273,1357247128
2821,2028,1357255812
2028,2821,1357255862
1832,3276,1357258319
3276,2642,1357258354
2642,3276,1357258539
3276,1832,1357258805
2987,2642,1357259176
2642,2987,1357259178
1953,3042,1357261702
3042,1953,1357261776
3273,3259,1357262567
3259,3273,1357262629
2296,2987,1357267948
2642,3277,1357272479
3277,2642,1357273588
3239,3197,1357275746
1922,2635,1357280855
2296,3195,1357285523
3195,2296,1357285550
3113,35,1357288851
3113,2775,1357288878
415,3279,1357294723
3279,415,1357294852
1800,2780,1357299873
2780,1800,1357299881
1800,41,1357305086
41,1800,1357305259
1800,1565,1357313850
1565,1800,1357313890
2913,3018,1357316935
1800,1271,1357320523
1271,1800,1357320557
1810,3197,1357329358
3135,3129,1357331368
2388,3129,1357331542
3072,1953,1357336946
1953,3072,1357336981
1334,3273,1357343233
3273,1334,1357343261
3018,3280,1357345794
3280,3018,1357345860
3273,2502,1357348683
2502,3273,1357349764
2118,3281,1357351878
2725,3219,1357352180
3281,2118,1357352382
3219,2725,1357352401
3273,3246,1357355661
3246,3273,1357356026
3246,2642,1357356280
2642,3246,1357356692
3161,2942,1357357319
2942,3161,1357357383
3185,2780,1357358969
2780,3185,1357361679
3282,2780,1357383412
35,3283,1357385319
35,3284,1357385330
35,3270,1357385342
41,3285,1357402154
3119,3236,1357412902
3236,3119,1357412959
3119,2178,1357413953
2178,3119,1357414034
3018,3286,1357414461
3259,3287,1357416646
3287,3259,1357416801
3273,1528,1357417835
2642,1981,1357419610
3285,41,1357419728
3273,3195,1357424968
2028,3062,1357425722
3273,2642,1357430813
2642,3273,1357433797
1295,1271,1357437935
1271,1295,1357437978
2266,3062,1357438823
3254,2296,1357441349
2296,3254,1357441373
1018,2291,1357441522
2898,3273,1357441653
2898,2296,1357441788
2028,3289,1357454435
3289,2028,1357455557
2808,304,1357457810
35,3269,1357461095
3274,35,1357461882
35,3274,1357462462
2610,3119,1357468165
3119,2610,1357468171
2961,2625,1357483093
2647,3290,1357489599
3290,2647,1357489810
2642,3291,1357490718
2642,2725,1357493796
2725,2642,1357496822
2524,23,1357501822
3273,2898,1357503821
2725,1018,1357508821
2419,2725,1357509231
2780,2642,1357519833
2642,2780,1357521444
2028,3292,1357521729
2642,3292,1357522532
3292,2642,1357522700
1528,1846,1357526455
3273,2661,1357537168
1403,3273,1357538813
1363,3273,1357539805
3195,3273,1357540481
171,1396,1357544478
1396,171,1357544488
3273,2388,1357545870
3273,2296,1357545877
3273,1403,1357545885
3273,1363,1357545896
2658,1396,1357546368
2388,3273,1357546447
1396,2658,1357546484
2661,3273,1357550417
3086,3260,1357575327
1916,3113,1357576682
1810,57,1357579568
2485,3294,1357579685
2296,2898,1357584238
2296,1403,1357584294
2296,2388,1357584363
2296,1363,1357584415
1018,3295,1357586082
3295,3296,1357586118
3295,1018,1357586137
2028,3293,1357587469
2733,3293,1357587485
2536,2658,1357588612
35,436,1357589387
1018,2045,1357593460
1555,2388,1357594391
2388,1555,1357594424
2028,3219,1357601030
3219,2028,1357601059
2045,1018,1357601723
3196,2536,1357609148
2028,3185,1357611481
3185,2028,1357611623
2642,3297,1357613890
3297,2642,1357614045
3297,1899,1357614985
2028,41,1357616008
41,2028,1357616074
1899,3297,1357616496
2296,3273,1357617264
1018,2780,1357622783
2780,1018,1357622803
1018,2334,1357624268
3254,2710,1357651569
2710,3254,1357651596
2710,3298,1357661621
3298,2710,1357662491
1018,3185,1357664525
3185,1018,1357664814
2934,1584,1357667727
2110,3299,1357676979
3299,2110,1357677028
2642,1971,1357678111
1584,2934,1357678983
2070,3301,1357679190
1971,2642,1357679269
3301,2070,1357679855
3013,230,1357682236
2388,2780,1357682559
3091,1953,1357682891
1953,3091,1357690450
2176,2388,1357692479
2388,57,1357693402
3202,1810,1357694530
1810,3202,1357694583
2296,2063,1357707658
2063,2296,1357707682
1295,2642,1357709184
2642,1295,1357709263
3233,3303,1357719787
3303,3233,1357719832
35,3304,1357733350
35,3305,1357733363
2642,3306,1357747171
3306,2642,1357747544
2266,3259,1357747962
1810,3307,1357751569
3219,3308,1357753392
3308,3219,1357753499
2125,3309,1357763337
3309,2125,1357763428
3309,274,1357763449
729,2642,1357764442
2642,729,1357764468
3304,35,1357766747
3099,2188,1357772390
2430,2388,1357777913
2388,2430,1357777946
2942,2725,1357783966
2296,2262,1357784679
2262,2296,1357784833
2642,41,1357792494
41,2642,1357792582
274,3309,1357793236
256,1693,1357795931
2642,3312,1357796488
13,3029,1357800352
2725,1946,1357806083
1946,2725,1357806153
2725,2296,1357806507
2780,2987,1357809079
2780,2388,1357809616
1953,2915,1357812581
2915,1953,1357812917
2233,3313,1357820109
3310,3260,1357830198
2635,3310,1357831599
3194,1018,1357833522
1565,2266,1357833865
3310,2635,1357835851
3146,3099,1357846996
3099,3146,1357849612
3099,535,1357849831
2119,2188,1357863390
2487,2642,1357864967
2296,2392,1357886271
2392,2296,1357886346
2642,2392,1357887375
2392,2642,1357887422
3119,729,1357892208
729,3119,1357892232
3193,3314,1357897303
3113,1916,1357918049
3249,3018,1357924821
3032,2028,1357925950
2028,1731,1357926678
3257,1271,1357927490
1271,3257,1357927601
1271,3314,1357928138
3314,1271,1357928165
3314,732,1357928299
2266,3314,1357928360
3314,135,1357928413
3314,1810,1357928462
3314,1839,1357928490
732,3314,1357928509
3314,1363,1357928509
1810,3314,1357928585
3230,3314,1357928670
2266,3193,1357928976
3257,3295,1357933124
3295,3257,1357933486
3313,2233,1357939035
1271,3304,1357957503
3304,1271,1357957777
3219,2296,1357964656
2296,3219,1357964821
1271,3296,1357967528
3296,1271,1357967581
2725,3161,1357970647
1810,2969,1358007716
2969,1810,1358009050
3309,3219,1358021713
3315,2045,1358029739
2045,3315,1358029740
3315,2388,1358031829
2647,1953,1358035619
41,3316,1358037008
3316,41,1358037242
2642,3013,1358040154
1334,1317,1358042082
2942,1810,1358045194
1810,3317,1358049654
3317,1810,1358049806
1363,2898,1358052188
1953,2898,1358052217
2262,2835,1358055199
2262,3208,1358057851
3208,2262,1358057921
2835,2262,1358062086
2045,3318,1358084994
3318,3319,1358086433
3319,3318,1358086473
2378,3320,1358092107
3320,2378,1358092254
2642,3316,1358097357
3316,2642,1358097392
2125,3321,1358112396
1840,2536,1358123158
3233,2325,1358123297
2325,3233,1358125133
2903,3322,1358128066
3322,2903,1358128385
2725,2201,1358134207
2201,2725,1358134234
2725,1832,1358134312
3113,2028,1358140178
2028,3113,1358140234
2325,2725,1358140375
2725,1802,1358149048
3598,1802,1358149681
1802,3598,1358149850
2647,3323,1358155917
3323,2647,1358156005
3219,3309,1358167103
2952,1953,1358169182
1953,2952,1358169186
35,3324,1358179942
35,3325,1358179963
2125,3327,1358187693
3327,2125,1358187797
3327,1810,1358187848
3214,35,1358188090
2725,3326,1358194381
3326,2725,1358194393
3155,35,1358197477
3155,1615,1358197486
2880,2125,1358198722
2725,2647,1358198942
3219,1743,1358199162
3321,2125,1358201480
35,3209,1358201538
3013,1018,1358203790
1018,3316,1358205537
3316,230,1358205666
363,1366,1358211956
308,2110,1358213576
2110,308,1358213604
308,2388,1358217637
2388,308,1358217668
3208,491,1358227379
3316,3329,1358228646
3013,2028,1358228770
3329,3316,1358228989
2725,3237,1358231897
3237,2725,1358231953
3326,3331,1358264655
3326,3299,1358264996
3086,3332,1358266226
3287,3333,1358266902
3072,2635,1358282745
35,3334,1358284850
3335,2028,1358286897
2028,3335,1358286964
2028,3336,1358287351
3336,2028,1358287412
2125,3113,1358295667
2867,2647,1358296810
2296,3316,1358297985
3316,2296,1358298043
1810,3337,1358299618
3337,1810,1358299841
3265,2028,1358301672
2028,3265,1358301955
2725,1565,1358305926
1565,2725,1358306021
1018,3338,1358309868
3338,230,1358315878
3338,1018,1358315946
3142,2388,1358318177
2388,3142,1358318445
2318,3326,1358319674
3326,2318,1358320529
3331,3326,1358345422
3113,2125,1358351157
2028,2710,1358351650
2710,2028,1358351705
1615,3340,1358352825
2028,2961,1358356416
2961,2028,1358356448
3203,2642,1358358696
1735,2580,1358361536
2642,3341,1358366092
2895,1953,1358370257
1953,2858,1358371001
2858,1953,1358371209
2291,1018,1358375517
1352,905,1358375524
215,905,1358375583
1810,3342,1358376918
41,2388,1358380025
2388,41,1358380069
57,33,1358382656
33,57,1358382666
2028,3343,1358386882
3343,2028,1358387640
1840,3326,1358387772
3326,1840,1358387967
3333,2028,1358389893
2437,3344,1358401704
3344,2437,1358401738
3113,3326,1358408648
3326,3113,1358410004
3340,1615,1358413240
1565,3326,1358438161
3326,1565,1358438480
3345,856,1358438998
2642,3203,1358441259
1693,905,1358446840
3334,35,1358455199
856,3345,1358456758
1815,2861,1358457615
3335,25,1358457650
1802,3029,1358469734
2963,2125,1358478825
3346,3113,1358479068
2125,2963,1358479499
2125,3346,1358480579
3346,2125,1358480677
2658,3066,1358488067
2658,2503,1358488093
2658,2962,1358488108
2658,2017,1358488180
2388,3326,1358492302
3326,2388,1358492345
2233,415,1358513491
3029,1802,1358518854
2822,1802,1358519181
2822,1953,1358519248
2266,3333,1358520051
2266,3287,1358520072
3237,3333,1358520248
3029,3333,1358520495
3172,3333,1358521495
3326,2266,1358530672
3087,3341,1358532776
3113,3347,1358541837
3347,3346,1358541997
3347,3113,1358542143
2642,3348,1358545699
3348,2642,1358545801
2266,3349,1358547351
3349,2266,1358547435
3099,1271,1358548948
1271,3099,1358568248
2903,3351,1358570896
3351,2903,1358571201
2333,3103,1358580061
2388,2262,1358580183
2262,2388,1358580267
2378,3260,1358604170
2635,2378,1358604306
2580,1735,1358605134
2580,1352,1358605215
3345,1656,1358608580
1318,1656,1358608757
3345,1318,1358610620
3207,3320,1358623722
3348,2028,1358625655
2028,3348,1358625710
3320,3207,1358626497
2642,3352,1358629756
3352,2642,1358629816
2296,3353,1358646324
2125,3354,1358648165
3140,3036,1358648671
2266,2296,1358648700
1018,3355,1358662293
2125,13,1358662337
540,1327,1358699848
3016,3357,1358704185
3018,3357,1358705132
1363,2725,1358706847
2070,3106,1358707626
1528,1529,1358713615
1528,3358,1358713624
1528,3273,1358713691
1528,2299,1358713745
1528,3195,1358713793
1528,1396,1358713825
3358,1528,1358714020
36,492,1358720342
1764,3359,1358721006
3359,1764,1358723420
1743,3360,1358723783
3255,2437,1358724506
2437,3255,1358724644
3317,3361,1358726487
3361,3317,1358726531
35,3362,1358727059
35,3363,1358727075
35,3364,1358727088
57,2388,1358727776
3360,1743,1358728807
2028,2388,1358728873
3341,3361,1358737527
3361,3341,1358737539
3106,2070,1358742137
2296,3341,1358744782
481,3341,1358745004
2125,3365,1358746051
3142,2642,1358746052
3365,2125,1358746067
1810,1018,1358748533
3355,1018,1358754004
2825,2635,1358770284
2825,3086,1358770359
2825,3018,1358770383
2825,2419,1358770447
1953,3353,1358770499
3353,1953,1358770644
3209,35,1358770847
2378,1832,1358789531
2942,3219,1358796062
3219,2942,1358796115
1018,3366,1358796997
3286,3018,1358798487
1334,3366,1358800028
3366,1334,1358800102
3368,2642,1358800696
2070,3142,1358801222
3033,2635,1358801594
3033,3260,1358801649
17,1277,1358804426
2244,3369,1358806490
3369,2244,1358806719
3361,3371,1358815427
3361,3372,1358817327
1810,1719,1358823843
1719,1810,1358823877
2266,3373,1358825175
3366,1018,1358825618
2028,1771,1358828317
1565,1771,1358828387
3195,3366,1358829003
3366,3195,1358829156
3374,3366,1358831655
2281,1615,1358851597
2281,2080,1358851614
3018,3047,1358863952
3047,3018,1358864121
2485,3363,1358867166
3363,2485,1358867333
2334,1018,1358880736
2388,2176,1358882655
2536,1840,1358886591
3296,3316,1358890438
3316,3296,1358890447
2658,3375,1358893444
1334,3373,1358895567
3316,2565,1358895965
2565,3316,1358896004
1334,2306,1358898867
2306,1334,1358898882
3316,3236,1358903095
3236,3316,1358903234
3236,2642,1358905756
3274,2642,1358906489
2266,3326,1358913752
2296,3326,1358913800
3264,3366,1358914520
3366,3264,1358914565
3309,230,1358927627
3296,35,1358930646
1217,3377,1358941739
3333,3378,1358941885
3287,3378,1358942064
2966,3018,1358943838
2915,3260,1358945428
3332,3086,1358957518
3366,1840,1358962933
1840,3366,1358962975
3354,2125,1358963631
2266,3378,1358968041
2897,2973,1358971464
1018,3374,1358971721
3374,1018,1358971734
2028,1334,1358981543
2125,2880,1358981729
2255,3379,1358987590
2642,3380,1358993499
3380,2642,1358993533
1810,3379,1358996630
3379,1810,1358996750
2642,3382,1358996815
3370,2642,1358996934
2642,3370,1358996972
3382,2642,1358997019
2658,1154,1358998879
2296,3054,1358999770
3054,2296,1359000008
3352,2661,1359002324
3352,3383,1359002422
3349,3366,1359004528
3250,3366,1359004691
3366,3250,1359004716
3366,3349,1359004805
3381,1850,1359004908
2661,3352,1359005798
3381,3384,1359006018
2762,1386,1359007499
1386,2762,1359007517
3236,35,1359031920
1885,1018,1359032294
35,3236,1359034349
1018,1885,1359041612
3378,2266,1359055043
3378,2028,1359055054
3378,3366,1359055107
3378,2388,1359055162
2067,3378,1359055256
2388,3378,1359055314
3366,3378,1359057943
2028,3378,1359060009
2028,3333,1359060026
2028,3287,1359060040
3328,3313,1359060179
2388,3333,1359060886
2934,3086,1359065335
1850,2125,1359070096
2125,1850,1359070185
1850,1764,1359077999
1764,1850,1359078167
1052,1383,1359081925
2296,1383,1359082036
2642,3236,1359082439
1565,1840,1359086480
1840,1565,1359086566
1832,2328,1359091521
2328,1832,1359091570
2118,3377,1359107369
1396,856,1359116413
1334,3376,1359137146
3386,1396,1359137372
1334,3062,1359141603
3313,3328,1359144637
2266,3237,1359146060
3237,2266,1359146248
2958,2125,1359152252
1052,2642,1359152987
1802,1890,1359153011
1953,1890,1359154879
2328,1018,1359156597
1018,2328,1359156684
3099,3366,1359157575
3099,215,1359157846
3250,25,1359159121
1052,2028,1359160121
2028,1052,1359160190
729,905,1359160796
905,729,1359160809
2642,1052,1359165043
1018,3198,1359168208
2642,3387,1359174239
3387,2642,1359174397
3161,3388,1359178140
3388,3161,1359178523
3161,2296,1359179904
1396,3298,1359211609
3298,1396,1359211712
1693,2580,1359214843
3195,2642,1359215132
2642,3195,1359215200
2642,3374,1359215750
2642,2767,1359217889
2767,2642,1359217909
2484,2388,1359223275
2028,3390,1359224977
3390,2028,1359226313
2125,3391,1359238524
3391,2125,1359238747
3237,3236,1359243998
3236,3237,1359244036
3236,25,1359247711
1565,1953,1359261955
1802,62,1359273661
35,3393,1359281930
35,3296,1359281947
1352,2580,1359295809
1352,2053,1359295952
1334,2455,1359307740
2118,1953,1359308456
3233,3236,1359313832
2635,3394,1359315197
3394,2635,1359315408
3394,3260,1359315837
2266,3233,1359316223
3395,2642,1359320731
202,3391,1359327676
3391,202,1359327685
1922,3063,1359331228
3063,1922,1359331478
3099,3374,1359332075
2388,3288,1359337871
1832,1802,1359343628
546,3396,1359344547
3396,546,1359344679
2,3397,1359344943
2484,3367,1359344999
1565,1764,1359346397
1764,1565,1359346414
546,3388,1359347503
3388,546,1359347558
546,3195,1359354711
3195,546,1359354766
1953,2392,1359371691
2392,1953,1359371752
1615,3398,1359372038
35,3385,1359377277
550,2028,1359384420
2028,550,1359384447
3195,3379,1359389813
3379,3195,1359389913
1334,3399,1359393523
1318,2658,1359394534
1318,2266,1359394584
1318,2934,1359394591
2658,2266,1359394758
3394,3086,1359395449
2110,41,1359396312
41,2110,1359396317
3383,3219,1359399814
1620,3219,1359401323
3219,1620,1359401382
2647,2867,1359407576
2028,2125,1359407752
1953,3400,1359408190
3400,1953,1359408397
1217,2906,1359408707
3349,3367,1359412196
3367,1334,1359412439
3367,1363,1359412479
3367,3349,1359412760
1363,3367,1359413114
1746,3099,1359413288
1412,2388,1359414010
2028,3367,1359415323
2903,3401,1359418032
3401,2903,1359418043
3396,3403,1359420286
171,2437,1359425974
2437,171,1359426036
2642,3404,1359426163
3404,2642,1359426196
2642,3405,1359429060
3405,2642,1359429082
2484,3129,1359429119
3406,230,1359436950
3385,35,1359479885
35,3407,1359481134
3363,3086,1359488177
2397,3391,1359488667
3391,2397,1359488890
3391,3347,1359489456
2125,3347,1359489684
3347,2125,1359490045
3347,3391,1359490109
2642,3408,1359492710
3408,2642,1359492765
1018,3292,1359498462
3292,1018,1359498528
1953,3409,1359499654
592,1018,1359499749
1018,592,1359499797
2194,1185,1359513902
2194,1735,1359513943
2194,2018,1359514155
2194,112,1359514276
1810,2067,1359514390
2194,62,1359514509
2194,1331,1359514762
2045,3410,1359538676
3410,2045,1359538858
1953,2635,1359551716
1953,3260,1359552025
2693,3277,1359553611
1953,2966,1359553929
2966,1953,1359554280
1018,2098,1359565676
2098,1018,1359565850
3236,3233,1359569592
135,204,1359572864
1948,3411,1359573485
2173,1731,1359573705
3411,1948,1359573747
1731,2173,1359576636
2647,3207,1359577651
3207,2647,1359577795
35,2899,1359581230
2642,3225,1359583675
3225,2642,1359584080
1528,1475,1359584898
2028,3412,1359588298
3412,2028,1359588854
3277,2693,1359592544
2296,3414,1359595413
2028,3413,1359602642
2437,2944,1359608677
2188,3366,1359609317
2642,3268,1359611867
2903,2902,1359614519
2902,2903,1359614738
2903,3123,1359617646
3123,2903,1359617672
3349,3013,1359617701
3377,2430,1359633486
3377,2429,1359633513
3377,2770,1359633546
3377,1217,1359633637
3377,2118,1359633898
2118,546,1359634600
1953,2118,1359641396
1396,1832,1359641636
1832,546,1359650619
546,2118,1359650750
546,1832,1359654835
2028,3416,1359656305
2642,3417,1359660993
3417,2642,1359661101
2028,2306,1359669451
2647,3418,1359670268
3418,2647,1359670335
2472,2642,1359673980
2642,2472,1359674199
3323,1953,1359676246
1953,3323,1359676269
3198,1018,1359679226
2642,3419,1359682579
3419,2642,1359682666
13,41,1359683074
41,13,1359683097
3161,3420,1359688783
3420,3161,1359688803
41,3421,1359689354
3421,41,1359689496
3155,3422,1359693618
2296,3410,1359697059
2642,1819,1359702075
1819,2642,1359702322
3349,3410,1359704070
3408,3423,1359704657
3423,3408,1359705414
35,3413,1359721644
204,1771,1359723687
96,242,1359725087
3413,2028,1359725796
35,2767,1359727700
2969,2625,1359729018
2194,2455,1359737213
540,2028,1359745039
3412,35,1359746591
35,3424,1359746608
35,3426,1359746654
2859,304,1359747882
35,3316,1359754339
2484,35,1359757969
35,2484,1359758040
1620,3385,1359758051
3385,1620,1359758568
2784,1502,1359766029
1502,2784,1359766070
141,2176,1359772198
2176,141,1359772266
2784,141,1359772696
141,2784,1359772701
2763,1018,1359775549
2333,3428,1359776412
2484,2333,1359779196
2333,2484,1359779198
1629,1885,1359791011
1885,1629,1359793592
2784,3430,1359799889
3430,2784,1359801363
3422,3155,1359808556
35,2784,1359811058
2784,35,1359814544
2266,3341,1359828566
2266,3431,1359840836
2266,3432,1359840981
2944,2437,1359858512
2944,2897,1359861847
2877,1773,1359877061
2784,13,1359885931
13,2784,1359886103
13,3434,1359887317
3434,13,1359887365
2784,2296,1359888799
2486,2897,1359907956
2897,2486,1359908182
2028,3435,1359909876
3435,2028,1359909930
3435,35,1359910154
3316,35,1359911480
3099,1701,1359912119
3207,3018,1359917867
2784,2642,1359923463
2642,2784,1359923471
3598,2642,1359925314
2784,2118,1359927603
1018,3436,1359930372
3335,3437,1359941023
3374,1819,1359942188
1819,3374,1359942275
2118,2784,1359980964
2125,3438,1359995013
3438,2125,1359995032
35,3170,1359998978
2063,3598,1360001877
3598,2063,1360001889
2961,3219,1360006406
2266,3376,1360006646
2880,1018,1360007907
1352,3439,1360016642
2642,1620,1360019567
1620,2642,1360019650
2642,3137,1360021586
3137,2642,1360021652
2652,1810,1360028004
1810,2652,1360028066
2028,3440,1360030761
3440,2028,1360030895
1018,2178,1360031997
2178,1018,1360034443
3433,2642,1360052826
2642,3433,1360052834
2647,3165,1360065392
3165,2647,1360065652
2966,2693,1360079199
2125,1639,1360080726
1639,2125,1360082058
3219,3005,1360092585
3005,3219,1360092624
35,3412,1360094530
35,3435,1360094540
1620,1018,1360099409
1018,1620,1360099436
2176,3442,1360099737
3335,2642,1360102562
2642,3335,1360102628
3442,2176,1360104664
2053,1846,1360115822
1746,2333,1360116083
1018,2600,1360120152
2600,1018,1360120208
1899,1316,1360130744
2125,2388,1360135221
2388,2125,1360138855
13,2835,1360141742
13,308,1360185556
1316,1899,1360185585
3219,3374,1360191090
3374,3219,1360191295
2642,3441,1360193128
3441,2642,1360193256
3374,3099,1360194916
2642,3443,1360197425
3443,2642,1360197534
2642,3444,1360199395
3444,2642,1360199494
2642,3231,1360202100
3231,2642,1360202395
1185,3445,1360203533
3366,3374,1360210871
2028,1819,1360219227
1528,1735,1360230800
1318,2017,1360235841
35,3446,1360237015
35,3447,1360237034
35,2333,1360237047
35,3448,1360237062
2028,2230,1360247254
3374,3449,1360270283
3449,3374,1360270353
1620,2398,1360275619
2398,1620,1360276313
3448,35,1360281105
1693,1735,1360286163
2642,3449,1360286785
3449,2642,1360287750
2642,13,1360289115
13,2642,1360289176
2127,2763,1360292350
2266,3374,1360302228
3374,2266,1360302284
13,2961,1360309229
2961,13,1360309241
2538,2835,1360318057
3323,3018,1360323606
3018,3323,1360323685
729,3219,1360339326
3219,729,1360339408
2110,1832,1360341418
1832,2110,1360341476
3392,2642,1360342265
2642,3392,1360342651
2306,3374,1360348932
3374,2306,1360349515
3093,3018,1360350849
3018,3093,1360353882
2642,3237,1360357140
2835,2538,1360357364
36,3450,1360362775
3450,36,1360362929
3450,1620,1360363633
2028,13,1360373420
2028,3311,1360374161
3311,2028,1360374202
2642,3451,1360375619
2642,3452,1360378563
13,3453,1360381103
3453,13,1360386603
3452,3455,1360389750
3455,3452,1360389787
1352,2325,1360406396
2325,1352,1360406704
2067,1499,1360414207
2045,3445,1360414403
3445,2045,1360414493
3439,1352,1360414552
2233,1352,1360424097
2969,3219,1360428553
3219,2969,1360428592
1396,3018,1360431113
3018,1396,1360431336
2526,35,1360435360
3456,2437,1360438238
2437,3456,1360439640
35,3457,1360439923
35,3458,1360439942
2642,3435,1360441521
3435,2642,1360441549
2642,3412,1360442688
3412,2642,1360442809
2642,1499,1360443313
1499,2642,1360443336
3103,3036,1360447553
3209,3459,1360450497
3374,3161,1360452709
3161,3374,1360454502
2642,3455,1360457179
3317,1899,1360469626
177,1352,1360478765
3459,3209,1360490937
2392,13,1360496926
13,2392,1360496952
2635,3460,1360504767
2110,2642,1360507994
2028,3392,1360514519
3392,2028,1360514548
1352,13,1360516180
1352,177,1360516190
1396,1352,1360516374
1334,3341,1360519089
870,2194,1360521530
3335,2897,1360527309
2897,3335,1360527311
3460,2635,1360527988
2028,3462,1360528048
3462,2028,1360528118
1899,3317,1360528465
3380,3463,1360534632
3463,3380,1360534651
3463,2642,1360536281
1499,1735,1360537690
1735,1499,1360537757
2642,2625,1360538244
1764,3465,1360538553
3465,1764,1360538663
3463,2565,1360540053
2565,3463,1360540123
41,3463,1360540395
3463,41,1360540402
1735,1693,1360541049
2897,3268,1360548422
3268,2897,1360549171
2028,3453,1360554242
3453,2028,1360554302
41,1316,1360556839
3366,3467,1360564238
3467,3366,1360564313
3453,35,1360570210
2427,2194,1360580742
2427,3029,1360581517
3377,1550,1360581719
3029,2427,1360591217
1810,2625,1360591931
2625,1810,1360591962
3018,3468,1360597906
3468,3018,1360597966
2266,1352,1360604027
3219,13,1360608208
13,3219,1360608273
2028,3257,1360611922
3433,2125,1360615806
2125,3433,1360616535
1550,1217,1360618747
1550,3377,1360618779
2125,3469,1360625531
3469,2125,1360625754
1565,3470,1360630615
204,1363,1360630671
3470,1565,1360630759
3462,2642,1360634741
2642,3462,1360634768
2642,2484,1360635824
2484,2642,1360635883
3464,2642,1360637284
2642,3464,1360637445
3471,3366,1360643928
2388,2690,1360652900
2388,3473,1360652914
1318,3473,1360653057
1810,3473,1360653422
3474,2897,1360654284
2296,2961,1360662424
2961,2296,1360662647
3472,3366,1360665758
1352,2266,1360667662
1352,870,1360667791
870,1352,1360668850
2127,1352,1360669575
2897,2861,1360682991
3257,2028,1360684024
3374,1810,1360690112
1810,3374,1360690183
1334,3453,1360701753
3453,1334,1360701832
2067,3475,1360708016
3458,35,1360708403
2642,3458,1360710000
3458,2642,1360710192
2642,3003,1360711848
1916,13,1360712971
3219,3476,1360713010
3476,3219,1360713071
2642,1916,1360715095
2897,3345,1360717465
3345,2897,1360717674
2642,3247,1360718279
3445,3477,1360718354
3477,3445,1360719282
2692,1810,1360720933
1840,3478,1360724190
3478,1840,1360724563
2642,3395,1360730722
2296,1612,1360730852
1612,2296,1360730965
2610,2642,1360737295
2642,2610,1360737327
2538,2961,1360741387
35,3480,1360741431
35,3465,1360741439
2961,2538,1360741485
2661,3481,1360758538
3481,2661,1360759029
2028,2249,1360785743
41,3442,1360790251
1396,3482,1360792220
3482,1396,1360792291
1018,2763,1360795707
1953,3104,1360799550
3374,2642,1360801093
1334,3113,1360801303
3113,1334,1360801331
2897,1334,1360801532
1334,2897,1360801575
3161,3366,1360814621
3366,3161,1360814750
1396,3316,1360818351
3316,1396,1360818384
13,3483,1360822926
3483,3484,1360822971
3484,3483,1360823085
1018,3309,1360823183
2388,3485,1360823874
3300,2427,1360850733
3143,1018,1360871453
1620,3450,1360879876
35,3453,1360883329
35,3486,1360883338
13,3472,1360884431
2642,3487,1360885359
2642,3391,1360887820
3391,2642,1360887845
3445,2898,1360888733
1018,171,1360888791
171,1018,1360888815
2898,3445,1360888931
3366,3456,1360889355
3456,3366,1360889534
13,3319,1360894695
2838,3489,1360899769
3489,2838,1360899799
3374,1363,1360908891
1810,1629,1360910263
2661,3450,1360937461
3450,2661,1360937546
3319,1528,1360940235
3319,13,1360941612
1396,3195,1360941822
3195,1396,1360941858
3456,2897,1360954105
2028,3490,1360956492
3490,2028,1360956712
3366,3472,1360968449
2658,2686,1360969303
1829,1810,1360972203
2897,3491,1360973938
2067,361,1360978068
1396,3492,1360984893
3492,1396,1360985057
1363,1670,1360986854
2897,3493,1360986916
3493,2897,1360987419
3161,2725,1360988327
2028,3494,1360990981
3494,2028,1360991476
2835,3349,1360996459
3349,2835,1360996642
2378,3190,1361021111
3018,3495,1361024488
3495,3018,1361024589
3494,35,1361029318
2028,2942,1361034368
2942,2028,1361034383
481,1832,1361038829
1832,481,1361038832
481,3451,1361043647
1764,3454,1361045638
2028,3107,1361050082
2600,1620,1361053412
1620,2600,1361053741
1018,363,1361054783
2897,3497,1361056141
3497,2897,1361056316
2897,2958,1361056872
2958,2897,1361056979
3498,2600,1361066586
2600,3499,1361068943
3499,2600,1361068952
3498,2897,1361070659
2600,2897,1361072170
2897,2600,1361072248
2028,2897,1361079003
3366,3471,1361079418
2028,2728,1361081116
2728,2028,1361081133
3417,3337,1361101238
3337,3417,1361101485
2600,2987,1361118268
2987,2600,1361118299
3383,2642,1361118408
3208,3500,1361126588
3500,3208,1361126631
1953,3501,1361127340
3462,3367,1361136223
3462,3399,1361136235
3449,2388,1361138356
2388,3449,1361138430
3107,2028,1361139279
35,3489,1361139293
3113,3346,1361141805
2067,3502,1361147407
2642,3503,1361151608
3503,2642,1361151633
3465,3452,1361152996
3452,3465,1361153022
2642,2249,1361154327
2249,2642,1361154356
135,25,1361160546
1764,2144,1361162243
2244,481,1361163771
3466,1976,1361163891
3598,1018,1361164776
3381,230,1361170645
1018,230,1361170685
3366,3429,1361173147
3429,3366,1361173210
135,1,1361174669
2897,2296,1361191513
35,3328,1361192171
2897,3504,1361194479
2063,3219,1361199828
3219,2063,1361199847
2897,3505,1361205506
3505,2897,1361205691
3086,3506,1361210343
3506,3086,1361210349
1548,1018,1361216259
2536,1899,1361216538
2897,3272,1361217185
3272,2897,1361217379
3466,3381,1361217701
3466,1018,1361217714
1746,1810,1361218639
1810,1746,1361218703
1018,3381,1361219746
1899,2525,1361220436
2525,1899,1361220584
1018,1548,1361222828
35,3507,1361229449
2642,3302,1361231943
3427,2642,1361238844
3381,1018,1361242118
3417,1616,1361243601
1616,3417,1361243788
2600,3302,1361246501
3302,2600,1361246542
1499,1616,1361248218
2296,1616,1361248622
1616,2296,1361248914
2127,3445,1361249699
2897,3474,1361253862
3507,35,1361263140
35,3508,1361264894
3508,35,1361265164
3417,3436,1361267675
2296,3436,1361269562
1810,3436,1361270463
1318,3436,1361271120
3429,3436,1361271236
1528,3445,1361273567
3445,1528,1361273754
3451,3509,1361275389
3509,3451,1361275469
2755,2125,1361275537
3509,3510,1361276092
3451,3510,1361276225
3510,3509,1361277006
3510,3451,1361277160
3509,3506,1361283087
3511,3510,1361283538
2635,3512,1361284070
3510,3511,1361284095
1,1217,1361284724
3506,3509,1361285818
2755,3345,1361288071
3345,2755,1361288075
1565,1403,1361297690
1403,1565,1361297750
3511,546,1361305413
546,2388,1361308820
2755,2472,1361311694
2472,2755,1361311701
2642,3448,1361313405
2642,3514,1361313543
3448,2642,1361313547
2642,3515,1361313761
3515,2642,1361313935
3514,2642,1361314289
3514,35,1361314437
2642,2050,1361316061
2050,2642,1361316123
2635,3517,1361320917
2897,3518,1361329606
3518,2897,1361329753
2600,3474,1361335895
3474,2600,1361335946
13,1629,1361343252
1629,13,1361343282
3504,3520,1361365160
3520,3504,1361366073
3113,2897,1361374375
2897,3113,1361374380
2755,357,1361378853
3086,3521,1361383786
3521,3086,1361383803
3521,3522,1361383933
3521,1953,1361383966
35,3405,1361385513
3405,35,1361385560
3454,1764,1361390516
2897,3465,1361392302
3465,35,1361393536
2755,2262,1361393616
2262,2755,1361393627
729,1819,1361395499
2897,1802,1361396755
3522,3521,1361398928
2897,3498,1361399513
2388,3315,1361405039
2642,3523,1361408803
3523,2642,1361408835
304,2318,1361411537
2437,3366,1361412382
3366,2437,1361412448
1565,1991,1361412489
3113,3366,1361420608
3366,3113,1361420821
3366,3524,1361420871
2538,2262,1361421964
2262,2538,1361422083
729,1018,1361424597
1991,1565,1361431805
3504,2897,1361443473
3417,1,1361463192
1,3417,1361468203
3525,3018,1361472013
3018,3525,1361472040
1018,3520,1361483889
3520,1018,1361483905
3292,2028,1361484581
3086,2647,1361484849
2647,3086,1361484918
2647,3394,1361484943
3394,2647,1361485064
2306,3366,1361486541
3366,2306,1361487336
3481,1850,1361490111
2600,3498,1361497705
700,2642,1361498879
2642,700,1361499383
700,202,1361499571
202,700,1361499661
2642,3415,1361500190
3415,2642,1361500288
1629,1810,1361505923
332,3513,1361548831
2306,1386,1361549308
1386,2306,1361549492
2897,3528,1361550302
3528,2897,1361550348
3490,3529,1361551555
3529,3490,1361551606
3453,1629,1361557191
1629,3453,1361557227
2837,1810,1361559157
1810,2837,1361559197
1289,1005,1361559618
2897,3366,1361563719
3366,2897,1361563758
3136,332,1361567416
3465,1412,1361572890
1412,3465,1361572952
1316,1802,1361576474
2897,2987,1361578495
2987,2897,1361578538
1819,729,1361581438
2028,3476,1361582819
3476,2028,1361583035
3208,2388,1361596597
2388,3208,1361596632
1764,2961,1361603461
2961,1764,1361603557
3526,35,1361619998
1396,3107,1361636316
3107,1396,1361636351
2784,1810,1361647615
1810,2784,1361647734
436,35,1361654556
2028,729,1361656129
1810,2132,1361663808
2110,2125,1361664541
2125,2110,1361664545
3512,3522,1361710989
3512,3260,1361711053
332,3136,1361729585
1363,2835,1361731646
2110,3463,1361743977
3522,3512,1361745992
41,3476,1361760178
3476,41,1361760337
3381,3366,1361765456
1386,2110,1361773266
2110,1386,1361773325
1,330,1361775786
330,1,1361775844
35,3494,1361776332
35,3506,1361776348
35,3515,1361776355
35,3532,1361776363
35,3533,1361776373
3319,2388,1361782144
3506,35,1361795134
3335,2398,1361808984
2398,3335,1361812006
361,2784,1361817358
2784,361,1361817398
2642,2212,1361843102
2212,2642,1361843176
2176,3268,1361846245
35,3536,1361864107
3536,35,1361872095
2378,3537,1361895051
3537,2378,1361895067
2755,1396,1361896022
1396,2755,1361896280
3512,2851,1361907481
2851,3512,1361907564
3465,2642,1361912038
2642,3465,1361912158
3219,3538,1361922075
3538,3219,1361922213
3527,3539,1361929036
3539,3527,1361929507
1810,3538,1361934509
3538,1810,1361934780
2028,1018,1361935930
3540,3369,1361938607
3538,2642,1361941755
2642,3538,1361941785
3107,3542,1361942641
3542,3107,1361942671
446,3540,1361943235
3381,3543,1361953896
3540,446,1361971203
1953,2781,1361974662
2781,1953,1361974752
2249,2028,1361986345
41,3107,1361991674
3107,41,1361991676
3539,3086,1361994985
2388,3541,1361999771
1953,3043,1361999811
3541,2388,1362000003
2906,1217,1362001177
1555,2755,1362001455
2755,1555,1362001460
2642,1018,1362005625
2762,1802,1362013120
1802,2762,1362013253
1363,2322,1362014991
1629,3546,1362015794
3545,3547,1362015875
3547,3545,1362015928
3546,1629,1362016034
2642,3548,1362016072
3548,2642,1362016127
2388,2322,1362016134
2322,2388,1362016682
2642,2318,1362018363
2318,2642,1362018467
2296,3549,1362020988
2801,3548,1362021047
2801,2296,1362021096
3549,2296,1362021168
1815,135,1362031022
2296,3496,1362031663
3496,2296,1362031962
2767,2296,1362043448
1953,3100,1362055185
1620,1802,1362056477
1802,1620,1362056505
3300,3377,1362064248
1318,149,1362064487
2642,3511,1362064760
149,1318,1362064768
2642,1490,1362065545
1490,2642,1362065569
3476,2898,1362066287
2642,3506,1362066786
3506,2642,1362066806
1018,3550,1362071724
3550,1018,1362071830
2333,1746,1362075364
35,3300,1362076539
3208,2642,1362077466
3551,2064,1362079464
2064,1185,1362079505
2064,2188,1362079890
1565,1620,1362080593
1620,1,1362080766
2642,3208,1362080972
1,1620,1362080980
2064,3551,1362081061
2351,304,1362082497
1352,1566,1362083309
3498,3553,1362083699
3553,3552,1362083749
3498,3554,1362084460
3554,3552,1362084496
2898,3476,1362084824
2266,3554,1362085725
2266,3498,1362085737
2266,3553,1362085756
3498,3555,1362087900
3498,3552,1362087992
3498,3556,1362088241
3556,3552,1362088298
3498,3557,1362088492
3557,3552,1362088561
2388,3552,1362089038
3498,3558,1362089058
3558,3552,1362089217
2266,3558,1362089458
2266,3557,1362089465
2266,3556,1362089473
2266,3555,1362089480
3481,3541,1362091868
3541,3481,1362091944
1289,3099,1362092515
2898,2388,1362093445
2897,3559,1362096092
2388,2898,1362096491
3366,2398,1362096975
2266,3463,1362097803
2063,2028,1362104280
2125,3462,1362105237
3462,2125,1362105397
2822,1352,1362106161
3099,1289,1362114003
3445,2861,1362117734
2861,3445,1362118427
2351,3560,1362121375
2388,3560,1362122156
2625,2944,1362124626
2944,2625,1362124651
3493,3543,1362127672
3377,3300,1362134127
3533,35,1362135482
3018,3561,1362142830
3561,3018,1362143793
3208,35,1362147503
2755,2625,1362149464
2625,2755,1362149481
3511,2642,1362152154
2266,3354,1362158507
2775,1832,1362158813
1832,2775,1362158832
2934,556,1362167262
3489,900,1362171743
3451,3455,1362176221
3455,3451,1362176351
2388,2987,1362177232
3556,3562,1362177266
2266,3562,1362177346
3562,3552,1362177445
2388,3562,1362177551
3563,3562,1362177894
3563,3552,1362177943
3556,3563,1362178081
2266,3563,1362178100
1018,3006,1362178121
3556,3564,1362178270
3564,3552,1362178317
2266,3564,1362178481
3556,3565,1362178541
3565,3552,1362178598
2266,3565,1362178623
3556,3566,1362178799
3566,3552,1362178851
2266,3566,1362178919
3565,3567,1362179256
3567,3552,1362179326
2987,2388,1362179364
2028,3020,1362179364
1018,3568,1362179500
2388,3567,1362179513
3568,1018,1362179578
1018,729,1362180163
3565,3569,1362180634
3569,3552,1362180677
1396,3489,1362180785
3489,1396,1362180846
3565,3570,1362180996
3570,3552,1362181048
2266,3570,1362181208
2266,3569,1362181216
3489,2625,1362183258
2328,3571,1362190318
3571,2328,1362190365
3455,2642,1362193177
2944,2028,1362193746
2028,2944,1362193788
2897,3516,1362198225
135,2498,1362199048
2775,3366,1362207877
3366,2775,1362209113
2028,3572,1362241158
3572,1948,1362244585
2266,293,1362245550
2266,144,1362245559
3466,2625,1362245848
2642,3126,1362257979
3126,2642,1362258164
2642,3573,1362260668
3549,3574,1362262222
3574,3549,1362262314
3549,2132,1362263301
2132,3549,1362263533
3573,2642,1362263706
2398,2132,1362264877
2132,2398,1362264896
1352,545,1362273678
1352,115,1362273814
3462,3575,1362277633
3575,3462,1362277659
3576,2625,1362285105
2351,1832,1362290750
1794,2388,1362292348
2388,1794,1362292391
2004,2755,1362296948
2625,2961,1362309736
2897,2934,1362312383
1912,2625,1362326756
2625,1912,1362326852
1948,3572,1362335506
3577,3573,1362345055
3573,3577,1362345111
415,3578,1362345817
3578,415,1362346211
3466,2028,1362348433
2028,3464,1362350018
3464,2028,1362350100
1953,3579,1362350468
3579,1953,1362350568
3476,3581,1362351405
3581,3476,1362351616
2028,3466,1362356383
3547,3583,1362367927
1810,3584,1362369853
3584,1810,1362369931
3585,2642,1362371883
3585,3366,1362372876
3366,3586,1362373110
3366,3448,1362373142
3366,3585,1362373177
1810,2019,1362373583
3586,3366,1362373616
35,3587,1362397732
2233,545,1362403187
2378,3544,1362406145
3544,2378,1362407407
3533,2775,1362409707
2775,3533,1362409780
3465,2125,1362414094
2625,3107,1362414245
2642,3463,1362415225
2897,1620,1362418089
3451,625,1362419378
625,3451,1362419671
3099,3588,1362420139
1018,3000,1362422168
3000,1316,1362422301
1217,3589,1362424480
3107,2625,1362424593
1629,3571,1362425078
3571,1629,1362425150
3000,1018,1362425398
3584,2625,1362425668
3580,3578,1362425838
3586,3590,1362427070
3590,3586,1362427093
3568,2125,1362428218
1316,3000,1362429505
3583,3547,1362429989
2388,1850,1362433196
3533,3366,1362435380
3366,3533,1362435394
1612,1967,1362435646
1967,1612,1362435732
3543,1508,1362435945
2625,2028,1362436116
3590,3591,1362436566
3589,1217,1362438993
3588,3099,1362439431
1612,3366,1362440695
3366,1612,1362440744
3515,2625,1362441519
3366,546,1362448293
546,3366,1362448297
1018,2642,1362454963
2296,3543,1362455009
3219,3571,1362456381
3571,3219,1362456429
3543,2296,1362457353
2296,3571,1362458112
3571,2296,1362458205
3366,3481,1362459397
3481,3366,1362459588
3591,3590,1362459911
3583,3574,1362460584
3574,3583,1362461254
1850,2388,1362464206
3515,35,1362477286
2188,3593,1362489987
3492,2498,1362493631
2755,2004,1362496799
2897,3219,1362498220
3219,2897,1362498240
2028,2625,1362498382
3237,2028,1362502181
2028,3237,1362502206
35,3594,1362504061
3594,35,1362505105
1018,2625,1362505364
2625,1018,1362505508
2755,546,1362505856
546,3511,1362505918
546,2755,1362506124
3476,2977,1362509062
2977,3476,1362509087
546,3590,1362510116
3590,546,1362510179
3596,2625,1362511276
1018,3476,1362516896
3476,1018,1362516951
308,3366,1362517883
3366,308,1362517885
1018,2728,1362518607
308,2404,1362519705
3366,1,1362519714
2404,308,1362519816
2125,3229,1362520497
2125,3596,1362520986
3596,2125,1362521022
2235,3597,1362521504
3597,1624,1362521774
3597,2132,1362521860
3597,1001,1362521908
312,2688,1362522223
3515,3451,1362523751
1,308,1362524310
3592,2388,1362527172
1620,2897,1362530901
3593,2266,1362531118
3593,2064,1362531425
135,2017,1362535238
135,2158,1362535317
2158,135,1362547248
361,135,1362547270
3596,2388,1362550769
2388,3596,1362551094
2125,3568,1362551516
2775,3599,1362552932
3599,2775,1362553085
35,2763,1362575420
1490,1565,1362586519
1565,1490,1362586547
1675,2625,1362586969
2625,3600,1362587353
1018,3438,1362591003
2028,3601,1362599480
3601,2028,1362599488
3161,729,1362601597
1565,729,1362605924
3534,3548,1362606469
3548,3534,1362613718
2244,3602,1362614436
3574,3603,1362614458
3578,3604,1362614495
3602,2244,1362614525
3604,3578,1362614589
3603,3574,1362614599
1334,1976,1362619067
2642,353,1362620746
900,3208,1362621416
3605,2642,1362622206
2642,3605,1362622466
3605,1508,1362622476
1508,3605,1362622604
1899,2464,1362644886
2464,1899,1362644939
3543,3445,1362650485
3492,2188,1362650851
35,3606,1362667335
3574,2398,1362667388
2398,3574,1362667437
1490,3607,1362674486
3607,1490,1362674543
3451,312,1362678490
312,3451,1362678546
2642,3608,1362682765
3465,2012,1362688524
2012,3465,1362688634
2642,3609,1362691583
3609,2642,1362691850
424,2125,1362695175
2125,424,1362696520
2028,3610,1362700666
3610,2028,1362700784
3062,3611,1362703070
3611,3062,1362703089
2642,3062,1362703107
3062,2642,1362703124
2642,2961,1362703203
2642,2498,1362703326
3062,2498,1362703387
2642,3612,1362703690
3612,2642,1362703701
2642,3568,1362703930
3568,2642,1362704066
2961,2642,1362704694
2642,3613,1362711244
3613,2642,1362711319
2165,2642,1362711591
2642,2165,1362711598
3366,2067,1362711802
312,3366,1362712460
312,3445,1362715370
2012,2388,1362719415
353,3534,1362720072
3534,353,1362720282
2388,2012,1362720760
35,3614,1362725560
35,3615,1362725570
35,3616,1362725597
35,3617,1362725663
35,3618,1362725721
3619,3571,1362729797
3018,3620,1362735856
3620,3018,1362735938
1052,2498,1362743087
3445,2498,1362743435
3445,312,1362743680
1528,1948,1362753378
2625,3621,1362754824
3621,2625,1362754876
563,3622,1362759564
3622,563,1362759687
3591,2642,1362764243
2642,3591,1362764475
2642,3624,1362766013
3624,2642,1362766064
3578,3625,1362767688
3625,3578,1362768506
3571,3623,1362769461
3623,3571,1362770056
2266,1290,1362773004
3617,35,1362775605
3626,3571,1362776180
2388,3319,1362776200
3571,3626,1362778033
2642,3050,1362779335
3540,3627,1362780411
3627,3540,1362780420
2642,3533,1362786415
3533,2642,1362786511
2642,3628,1362786535
3628,2642,1362787021
3578,3580,1362792786
546,3571,1362794796
3571,546,1362794804
3588,35,1362798317
1352,3262,1362801610
3262,1352,1362801783
3262,545,1362801982
3247,2642,1362803113
1810,2942,1362808258
3623,2125,1362813613
2125,3623,1362813653
2803,1899,1362814531
1899,2803,1362814600
35,3588,1362819645
35,3631,1362819653
35,3632,1362819678
35,3633,1362819685
35,3634,1362819693
35,3635,1362819701
3512,3513,1362833264
3629,3571,1362837441
2607,1832,1362838369
2642,3368,1362849337
135,3445,1362851389
135,3314,1362851527
135,3636,1362852292
2125,3637,1362854031
2642,304,1362867767
304,2642,1362867999
1810,2498,1362868982
2835,2498,1362869171
3451,3515,1362869776
3018,3639,1362873798
3639,3018,1362873837
3608,2642,1362888254
2835,664,1362898284
3204,2056,1362910222
3459,3519,1362919592
2897,3408,1362919843
3408,2897,1362920443
2897,2125,1362930657
171,3229,1362945739
3229,171,1362945845
3642,215,1362947703
2296,3643,1362947706
3643,2296,1362947970
2388,3644,1362948196
2296,3626,1362948314
3626,2296,1362948413
3642,3645,1362948833
3645,3642,1362948908
2642,3229,1362950535
2315,3642,1362951037
3229,2642,1362952130
3623,2642,1362958254
2642,3623,1362958666
1018,2880,1362970063
2388,3592,1362974986
1885,230,1362996861
2194,1528,1363013540
2642,3582,1363015322
3582,2642,1363015385
2125,3646,1363020762
2642,3647,1363021569
3647,2642,1363021653
3476,2625,1363023174
2625,3476,1363023226
1018,2692,1363024233
1953,3641,1363025403
3451,3624,1363026604
3641,1953,1363026610
3624,3451,1363026725
3618,35,1363027320
3451,2642,1363029055
3624,2625,1363029373
35,3648,1363029662
546,1018,1363030197
3581,2398,1363030830
3581,2437,1363031164
3648,35,1363031258
1639,3549,1363033172
3549,1639,1363033312
23,1217,1363033600
3397,3645,1363034942
1953,2878,1363035300
2878,1953,1363035472
3645,3397,1363036247
3519,3459,1363038927
1018,3466,1363039260
1810,3466,1363039274
3381,3466,1363039330
1334,3549,1363044966
3549,1334,1363045073
1651,545,1363045263
1018,3650,1363045274
3650,1018,1363045414
3582,2625,1363047420
3578,3024,1363048489
3006,1018,1363058715
2194,1948,1363102349
1991,3624,1363104623
3624,1991,1363104719
1810,2098,1363106208
2098,1810,1363106407
3195,1565,1363106899
2125,1899,1363106972
2125,1810,1363106978
1565,3195,1363107386
2642,2897,1363116560
3571,1018,1363117336
1899,2125,1363117401
1018,3571,1363117597
2437,3581,1363118133
1953,3652,1363118694
3652,1953,1363118775
3653,3654,1363118818
2961,25,1363118850
3654,3653,1363118913
2125,3655,1363121472
3655,2125,1363121554
3219,493,1363123860
493,3219,1363123924
2388,3465,1363126987
3543,3545,1363127910
2897,3657,1363129347
3657,2897,1363130295
3615,35,1363130998
3658,2028,1363132246
2897,2642,1363132785
1565,3659,1363133566
2897,3615,1363135970
3615,2897,1363135994
2028,3531,1363145206
3531,2028,1363145258
2296,3661,1363146390
3661,2296,1363146447
2174,1615,1363149570
2642,2079,1363150709
2079,2642,1363150771
2642,3535,1363151215
3535,2642,1363151253
2028,3465,1363152250
3381,1899,1363154176
1899,3381,1363154250
3659,1565,1363155380
3545,160,1363156429
3545,3655,1363157276
3655,3545,1363157604
2064,3593,1363160144
3024,3578,1363168499
3465,3653,1363182980
3653,3465,1363183035
2306,2042,1363189014
2042,2306,1363189277
2642,2755,1363189676
2755,2642,1363189711
2642,3662,1363190442
3662,2642,1363190563
3663,2625,1363192002
2642,2728,1363192080
2625,3664,1363195446
361,2625,1363196679
2625,361,1363196717
3665,2125,1363198150
3665,3428,1363198437
3665,1810,1363198449
3665,1565,1363198457
1693,3640,1363202239
2266,3619,1363207153
13,3624,1363209555
3624,13,1363209628
1810,2594,1363211727
2173,2028,1363212818
3023,3666,1363216493
3666,3023,1363216583
3665,896,1363225656
493,3667,1363228877
3667,493,1363228903
2642,3668,1363232117
3668,2642,1363232146
1981,2642,1363232242
3669,178,1363233974
178,3669,1363234072
1018,3671,1363234527
3671,230,1363234649
455,3571,1363240091
3571,455,1363240120
353,1317,1363240561
1317,353,1363240577
2,41,1363241046
35,3666,1363245597
3107,2125,1363248694
2125,3107,1363248720
3666,35,1363253281
3665,3672,1363255312
3672,3665,1363256009
1615,2174,1363269300
1615,3155,1363269526
3653,3475,1363271518
3669,3475,1363273587
3664,2625,1363273593
3475,3653,1363273667
3475,3669,1363273759
2028,3658,1363274937
3029,2861,1363280070
1018,3673,1363281927
3653,3674,1363283688
3674,3653,1363285726
159,2724,1363285734
2642,3319,1363286013
3319,2642,1363286019
3549,3366,1363288163
3501,1953,1363289066
2642,3675,1363290506
3675,2642,1363290763
2642,1612,1363291505
2388,2724,1363295177
2642,3664,1363296414
3664,2642,1363296453
3219,3366,1363301633
3366,3219,1363301782
2296,3676,1363314869
3676,2296,1363315748
35,1113,1363331561
1113,35,1363335378
13,160,1363340399
160,13,1363340539
1412,3669,1363341663
3669,1412,1363341703
3670,2296,1363343842
3189,3018,1363348972
1675,3624,1363356662
2642,3677,1363365712
3677,2642,1363365773
3451,3678,1363366269
3678,3451,1363366705
2642,3679,1363367887
1819,1289,1363368790
1289,1819,1363368831
3679,2642,1363370478
1018,841,1363374516
3624,1675,1363374627
2437,3680,1363376216
3680,2437,1363376288
3475,2642,1363377742
2642,3475,1363377786
2642,3549,1363378088
3549,2642,1363378108
3018,3641,1363378702
3641,3018,1363378800
2625,3592,1363381351
3592,2625,1363381390
3635,35,1363381929
2642,3681,1363382544
3681,2642,1363382579
2647,3641,1363387445
3641,2647,1363388236
1334,3349,1363390975
3349,1334,1363391007
3668,3451,1363399308
3451,3668,1363399313
3451,3648,1363400770
3648,3451,1363400855
2296,3682,1363401833
3682,2296,1363402052
3667,3648,1363402640
3533,3669,1363412527
3669,3533,1363412530
3630,3451,1363439349
3577,35,1363443296
35,3577,1363443316
2625,3611,1363460221
3611,2625,1363460327
1018,3646,1363461383
192,1352,1363462112
1555,13,1363469553
160,3545,1363470494
841,1018,1363474222
2642,3107,1363475130
2642,3317,1363479253
3317,2642,1363479297
2642,2487,1363481390
3683,2125,1363483467
2642,3684,1363483794
3684,2642,1363484033
2642,3585,1363484602
3669,3685,1363491765
3669,3686,1363491879
3686,3669,1363491937
2642,3687,1363492120
3687,2642,1363492193
3545,2642,1363495362
2642,3545,1363495368
3688,2642,1363495989
3545,2388,1363501333
2388,3545,1363501579
2110,1923,1363512038
1923,2110,1363512391
3683,1923,1363517282
1923,3683,1363522988
2625,1334,1363535995
1675,3669,1363542561
2004,664,1363560412
3545,2028,1363565074
2028,3545,1363565203
3549,3445,1363568528
3669,2801,1363568540
2004,35,1363587193
35,3690,1363597507
35,3691,1363597520
35,3692,1363597530
35,3693,1363597540
3663,35,1363598264
2378,3694,1363608267
1318,2897,1363618194
2266,2897,1363619158
3349,3669,1363619267
3669,3349,1363619295
2141,3646,1363622687
3669,3695,1363624717
3695,3669,1363624843
2642,3696,1363625512
500,2188,1363627551
2642,1967,1363628573
1967,2642,1363628687
3656,3219,1363628934
1953,2907,1363633463
2907,1953,1363633509
1018,3697,1363636573
2028,2067,1363647056
2296,3648,1363653602
3648,2296,1363653637
3624,3698,1363670605
312,3624,1363670616
3624,312,1363670688
2125,3683,1363670943
3571,3629,1363672720
3696,2642,1363677086
3696,35,1363677433
35,3208,1363683547
2266,714,1363695435
2266,418,1363695453
3669,3670,1363695492
3670,3669,1363695922
3697,1018,1363699511
3219,3700,1363701452
3700,3219,1363701537
3653,2266,1363701572
2266,3653,1363701791
2266,3223,1363702994
3223,2266,1363703136
1565,2249,1363709688
2249,1565,1363709879
3342,1810,1363710683
2755,455,1363711943
455,2755,1363712031
3342,2755,1363713304
2755,3342,1363713349
1810,1502,1363716891
1502,1810,1363716902
3140,2725,1363717125
2266,2125,1363717617
3673,1018,1363717852
1018,1159,1363720850
3595,3107,1363725835
3219,3701,1363726042
2642,3702,1363727185
2692,1624,1363727778
2692,1018,1363727806
3702,2642,1363728595
3701,3219,1363729243
1953,3074,1363731123
3074,1953,1363731124
2642,3366,1363738922
3366,2642,1363738940
3366,3445,1363739205
180,2642,1363739913
2642,180,1363739954
2028,2652,1363740661
2652,2028,1363740683
2642,2315,1363741012
3699,2125,1363749918
1529,1201,1363750676
3669,3704,1363755312
2188,500,1363757718
3669,3705,1363760158
3705,3669,1363760347
3669,2961,1363763648
2961,3669,1363763857
2296,3706,1363764909
3706,2296,1363765263
2388,3707,1363765545
664,3669,1363770478
3669,664,1363770486
1185,3708,1363774758
3708,1185,1363774982
2767,35,1363776985
2661,2642,1363779929
2661,1154,1363779970
2661,3374,1363779983
1159,1018,1363790828
3219,3656,1363794850
1018,3496,1363798019
3219,3709,1363798247
3709,3219,1363798715
1018,3710,1363798745
2266,1289,1363798986
3710,1018,1363801672
1018,2125,1363802669
1565,1318,1363802772
3422,1953,1363803365
1001,3099,1363803748
1001,1396,1363803764
1001,3597,1363803798
1334,2165,1363805983
1953,3422,1363806453
1396,1001,1363806872
3620,1953,1363808442
1953,3620,1363808471
1334,2404,1363809083
2404,1334,1363809129
3366,3000,1363810453
3000,3366,1363810487
664,2835,1363811745
1899,3366,1363814547
3018,3712,1363815468
3712,3018,1363815484
1620,1565,1363816172
1620,1731,1363817410
1731,1620,1363817555
3223,3713,1363818731
3223,3679,1363818748
3679,3223,1363819592
2625,3223,1363823255
3223,2125,1363828554
2642,856,1363834137
856,2642,1363834166
1953,3694,1363836017
3694,1953,1363836034
856,6,1363836833
6,856,1363836906
6,2188,1363836946
6,2187,1363836956
6,1752,1363836965
3592,3223,1363840292
1352,192,1363841187
3715,2296,1363842263
2004,3716,1363851597
35,3717,1363855330
3717,35,1363855363
3713,3223,1363859773
35,3663,1363864613
35,3718,1363864623
3704,3669,1363872305
2262,1675,1363888407
2125,1018,1363890054
2028,3408,1363891388
1018,2594,1363893126
2594,1018,1363893699
1,3719,1363893764
3719,1,1363893930
3649,3720,1363894857
3720,3649,1363897255
3600,2625,1363897617
3366,2755,1363897916
363,3669,1363898284
1693,2948,1363898531
3669,363,1363898883
3715,3689,1363899302
3161,3689,1363899663
3715,3161,1363899677
3161,3715,1363899682
3689,3161,1363899714
3721,3666,1363901058
2642,3722,1363901164
3666,1437,1363902819
2948,1693,1363905494
3593,545,1363911891
3593,2188,1363912021
1899,2755,1363912275
2755,1899,1363913244
3549,1810,1363914120
3716,2004,1363914162
1810,3549,1363914165
2388,1471,1363915492
1471,2388,1363915810
3689,2266,1363917202
3689,3723,1363921107
3113,1802,1363921782
1802,3113,1363921827
3723,3689,1363922979
2642,3724,1363943305
2642,3725,1363943971
3725,2642,1363944055
3724,2642,1363945302
415,2233,1363950518
2431,35,1363950682
3593,36,1363952288
36,3593,1363954659
1185,3726,1363955809
2897,1318,1363956688
2266,3727,1363962055
3727,2266,1363962315
2642,3618,1363969187
3618,2642,1363969278
3703,2642,1363971490
2642,3703,1363971701
3703,25,1363972294
2642,3342,1363972654
3342,2642,1363972706
3718,35,1363973689
1512,1693,1363977628
1565,2188,1363981470
35,2431,1363983040
35,3677,1363983636
3677,35,1363983761
3524,3366,1363988217
2625,3520,1363990490
1815,3578,1363990518
3520,2625,1363990520
537,2934,1363990766
3666,3524,1363990921
2934,537,1363990994
3524,3666,1363992252
2296,3714,1363993257
3714,2296,1363995707
3725,3223,1363997678
3223,3725,1363997878
3223,3592,1363998010
2388,3728,1364005641
41,2742,1364006296
2742,41,1364006327
2296,3729,1364006620
3729,2296,1364007042
1859,2840,1364007133
2840,1859,1364007202
3646,1018,1364010829
202,3730,1364011313
3646,2125,1364011470
3730,202,1364011751
35,3696,1364022632
3366,2188,1364027410
2661,3006,1364031281
3666,3731,1364042911
3731,3666,1364043340
3731,3732,1364044064
3732,3731,1364044074
537,3366,1364046663
2755,3733,1364053178
256,2819,1364063405
2819,256,1364063499
3450,3734,1364064560
256,3735,1364064991
3735,256,1364065002
2934,1764,1364067215
3735,35,1364067388
1764,2333,1364067678
1810,1693,1364070375
1693,1810,1364070731
3394,3736,1364070881
436,3737,1364072056
3389,2977,1364072772
2977,3389,1364072781
3735,3738,1364072986
171,3000,1364073780
3000,171,1364073988
3738,3735,1364074387
1967,1352,1364074718
2977,1810,1364074911
1810,2977,1364074927
3641,3366,1364075462
3735,3366,1364076514
3669,3699,1364078687
3699,3669,1364078971
2625,3722,1364078972
2487,3738,1364079668
1113,3699,1364081146
3699,1113,1364081213
2661,3734,1364082943
3738,2487,1364083386
1802,3374,1364099435
3628,3738,1364105923
3738,3628,1364105985
35,3739,1364107427
35,3740,1364107437
35,3741,1364107469
35,3720,1364107494
35,3742,1364107509
2538,3734,1364117298
3734,1976,1364129632
3734,2661,1364129720
3734,1948,1364129890
3734,1289,1364139911
3739,35,1364140615
2045,3582,1364147704
3582,2045,1364147813
1289,3734,1364149862
1018,3237,1364150384
3237,1018,1364150392
1437,3666,1364150558
2962,3744,1364151112
3160,3745,1364152629
3745,3160,1364152797
1948,3734,1364153873
3160,3389,1364154210
3389,3160,1364154242
3660,963,1364160797
963,3660,1364160818
1693,1528,1364166655
3733,2755,1364173793
2625,3735,1364181873
3735,2625,1364181931
2644,1764,1364193521
1802,3744,1364195284
1363,3744,1364195366
2658,3744,1364196842
3744,2962,1364197802
2296,3744,1364199296
3744,23,1364202347
2647,3744,1364203329
415,2289,1364204352
2289,415,1364206297
2647,2962,1364207954
2647,2017,1364208287
2067,2017,1364208882
2045,3744,1364210169
1386,2962,1364213569
2028,3744,1364214992
2144,1764,1364220028
3660,3747,1364220414
3653,1555,1364235456
1555,3653,1364235573
3653,3749,1364237055
3749,3653,1364237343
3366,1948,1364243067
35,3750,1364244329
3018,3751,1364244345
3620,3165,1364244976
3751,3018,1364245271
3165,3620,1364245654
3736,3394,1364250357
3740,35,1364257080
3661,3669,1364259006
3669,3661,1364259011
3740,1629,1364259598
1629,3740,1364259630
3669,3752,1364261353
3270,3699,1364265318
3699,3270,1364265551
3752,3669,1364266799
3739,3753,1364267161
3747,3660,1364268168
2848,2725,1364272412
3735,2125,1364272661
3735,3649,1364272684
2125,3735,1364272746
3649,3735,1364272778
2388,2848,1364280682
35,3754,1364280864
35,3735,1364280879
2310,1289,1364293004
3738,3669,1364293105
3669,3738,1364293122
3744,1670,1364293987
3744,1743,1364294014
3744,29,1364294040
3744,1967,1364294104
2252,3744,1364294347
2252,2017,1364294425
3744,1383,1364294573
3744,2125,1364294758
3744,535,1364295026
3744,2173,1364295344
3744,493,1364295699
3744,2438,1364296476
3669,3755,1364302194
3744,3736,1364302364
3755,3669,1364302401
3744,3394,1364302404
3669,3329,1364303046
3329,3669,1364303052
1948,3744,1364305437
1289,2310,1364308009
3319,1289,1364308052
1289,3319,1364308156
1316,3744,1364312704
3756,1383,1364313077
3744,2017,1364313647
3744,3756,1364313681
3757,2017,1364313794
3757,3756,1364313808
3219,3319,1364313827
2658,3756,1364313902
2658,3757,1364313912
3319,3219,1364313918
1363,2962,1364313949
2067,3757,1364314037
2028,3757,1364314089
1363,3757,1364314252
2067,3756,1364314420
3756,3744,1364314602
3756,2017,1364314613
3756,3757,1364314656
3631,35,1364315044
3756,2962,1364315046
3666,3758,1364315241
3757,2962,1364315348
3758,3666,1364315523
1386,3759,1364315638
2067,3759,1364315671
3744,3757,1364315687
3744,3759,1364315695
2067,3744,1364315752
3759,2962,1364315783
3759,3744,1364315788
3759,3756,1364315792
3759,3757,1364315795
3759,2017,1364315801
2658,3759,1364315852
2028,3759,1364315978
2067,3760,1364316203
1386,3760,1364316257
2658,3760,1364316267
3744,3760,1364316275
3760,2962,1364316380
3760,2017,1364316391
3760,3756,1364316397
3760,3757,1364316401
3760,3759,1364316406
3760,3744,1364316409
1318,3760,1364316433
1318,192,1364316476
3389,3211,1364318398
3211,3389,1364318748
1810,3760,1364319419
2067,3761,1364319955
1018,3013,1364320166
1612,3219,1364321489
3219,1612,1364321677
3762,3763,1364322724
3763,3762,1364322733
3669,3764,1364322775
3389,3669,1364325310
3669,3389,1364325337
2028,3756,1364327374
1905,3744,1364328107
3669,3600,1364328188
3600,3669,1364328310
537,3744,1364328677
2202,3649,1364329272
3649,2202,1364329298
3366,2296,1364330617
1953,3765,1364330771
3765,1953,1364331016
3765,3018,1364331055
2733,2725,1364333527
3018,3765,1364335586
2647,3756,1364337480
2647,3757,1364337495
2647,3759,1364337515
2647,3760,1364337519
3703,2755,1364339658
2755,3703,1364339764
3113,3744,1364341725
17,3219,1364342012
3649,3767,1364350062
3272,2028,1364350954
3219,2961,1364351863
3767,3649,1364353037
2019,1810,1364355563
2388,3528,1364355794
3374,3744,1364355844
3528,2388,1364355925
1731,2158,1364356171
2262,3734,1364357212
664,1629,1364359250
2835,1629,1364359262
1629,664,1364359324
1629,2835,1364359350
664,3749,1364360577
3749,664,1364360650
3735,3767,1364361759
3767,3735,1364361813
2835,13,1364364631
2110,3738,1364373044
3738,2110,1364373190
3766,1352,1364374156
1859,17,1364386272
17,1859,1364386316
17,3744,1364386442
1318,3744,1364390925
1318,3756,1364390927
1318,3757,1364390929
1318,3759,1364390930
1675,3653,1364394018
3219,3768,1364396803
3768,3219,1364398562
3666,3721,1364399572
361,3769,1364400003
3769,361,1364400805
3660,3769,1364400855
3697,1565,1364402007
2625,3703,1364402426
3703,2625,1364402639
3649,2835,1364403988
3666,3451,1364404057
3451,3666,1364404127
3719,3770,1364404403
3770,3719,1364404580
2125,3771,1364405278
3771,2125,1364405330
3653,2409,1364415237
3653,1412,1364417509
1412,3653,1364417526
3620,3765,1364419844
2243,3735,1364421326
3768,3653,1364421628
3735,2243,1364422871
35,3773,1364424560
35,3774,1364424617
3734,2262,1364424644
3735,2388,1364424669
3734,3103,1364424906
1316,3756,1364426031
1316,3757,1364426033
1316,3760,1364426042
3653,3768,1364427650
3735,3629,1364428685
2296,3366,1364428773
3735,3775,1364429033
3629,3735,1364429255
3086,3776,1364431755
3735,3699,1364432633
3699,3735,1364432659
3408,3777,1364433014
3777,3408,1364433105
2262,3744,1364433870
2642,3778,1364434218
3778,2642,1364434291
2642,3735,1364435010
3735,2642,1364435045
3735,2262,1364436021
3723,2642,1364437545
1512,1810,1364439043
2266,1810,1364439170
363,3744,1364444554
1859,3779,1364451080
2064,2147,1364457689
2642,3769,1364473734
3769,2642,1364473774
3779,1859,1364474911
3660,3781,1364478307
3781,3782,1364478361
3669,1810,1364478850
3781,3783,1364478902
3769,3783,1364478986
3783,3781,1364478989
3783,3769,1364479037
1810,3669,1364479852
2840,3744,1364481732
270,3744,1364481977
270,3756,1364481990
270,3759,1364481994
270,3760,1364481998
3219,17,1364482021
1840,3744,1364482022
270,3757,1364482025
17,3784,1364487390
3784,17,1364487469
3768,2625,1364488339
3786,3744,1364489027
3786,3756,1364489033
3786,3757,1364489041
3786,2017,1364489050
3787,3744,1364489555
3787,3756,1364489561
3787,3757,1364489567
3787,2017,1364489577
3788,2017,1364489656
3789,3744,1364489712
3789,2017,1364489733
3790,2017,1364489820
3792,2017,1364491262
3793,2017,1364491416
3791,2017,1364491480
3794,2017,1364491678
3795,2017,1364491790
3785,2017,1364492006
2028,3649,1364492343
3653,3796,1364495133
3774,35,1364496100
3219,3798,1364496746
3798,3219,1364496777
1566,1352,1364497109
2067,3795,1364497447
2067,3794,1364497454
2067,3793,1364497460
2067,3792,1364497464
2067,3791,1364497467
2067,3790,1364497470
2067,3789,1364497474
2067,3788,1364497477
2067,3787,1364497480
2067,3786,1364497483
2067,3785,1364497513
664,2004,1364498087
3744,2934,1364498444
180,2406,1364498490
2406,180,1364498622
3756,2934,1364499377
3757,2934,1364499600
3759,2934,1364499695
3760,2934,1364499782
3785,1810,1364501228
3785,1802,1364501261
3660,1802,1364501888
3649,3799,1364502381
3799,3649,1364502598
2125,3800,1364503453
3800,2125,1364503495
178,3801,1364504502
3801,178,1364504780
178,687,1364505637
178,2404,1364506357
178,3784,1364506429
3784,178,1364506494
3799,2840,1364506517
687,178,1364506580
2388,3366,1364506934
2404,178,1364507866
3738,3380,1364509127
3380,3738,1364509148
2835,3649,1364509485
3669,1675,1364509680
3738,3802,1364512406
3802,3738,1364512460
3669,2625,1364512656
2625,3669,1364512989
3366,2388,1364516470
3578,3803,1364519666
2113,3744,1364519920
792,2642,1364520222
3803,3578,1364521302
3803,3804,1364521447
3366,3804,1364521493
3804,3366,1364521922
3803,35,1364522034
3798,3724,1364524709
3724,3798,1364524786
3699,2318,1364525825
2296,3640,1364526112
2318,3699,1364526198
3374,1802,1364533394
2028,2328,1364534906
2028,3366,1364536439
1629,3656,1364536918
3656,1629,1364536931
1819,2028,1364539836
35,3805,1364546854
35,3758,1364546873
35,3767,1364546896
35,3803,1364546905
3805,35,1364547800
3767,35,1364565557
2625,2845,1364566134
2845,2625,1364566164
3742,35,1364573468
3807,3653,1364575630
3669,3780,1364577470
3780,3669,1364577538
481,3744,1364581970
481,3756,1364581991
481,3757,1364581995
481,3759,1364581998
481,3760,1364582001
2045,2962,1364582400
2045,3756,1364582410
2045,3757,1364582415
2045,3759,1364582417
2045,3760,1364582418
17,3756,1364582497
17,3757,1364582498
17,3759,1364582498
17,3760,1364582510
2351,3756,1364582712
2351,3757,1364582720
2351,3759,1364582724
2351,3760,1364582727
2642,3808,1364583671
3808,2642,1364583718
481,2642,1364584167
2642,481,1364584495
2625,3738,1364587419
3738,2625,1364587505
1001,3744,1364588062
3649,3810,1364588901
2642,3649,1364589587
2642,3810,1364589598
2262,3735,1364590231
3590,2328,1364591871
35,3811,1364593320
3574,3797,1364598945
3810,3649,1364600583
3810,6,1364600790
2642,3160,1364613889
3160,2642,1364615033
2266,3699,1364615795
3408,3812,1364616181
3699,2266,1364616344
3738,3767,1364627643
3767,3738,1364628488
2897,3744,1364632206
2897,96,1364632283
2897,2266,1364632433
3738,3023,1364637094
1948,3756,1364650021
1948,3757,1364650030
3738,3656,1364652476
3656,3738,1364653876
3656,2404,1364658771
3086,1502,1364660774
1502,3086,1364660874
1502,664,1364661273
664,1502,1364661488
2404,3656,1364661677
2642,2612,1364661756
2612,2642,1364661847
3454,2625,1364664051
3646,3735,1364673526
3646,2141,1364673988
2642,3813,1364674740
3813,2642,1364674760
2328,3161,1364676196
3161,2328,1364676199
2642,2865,1364676753
3161,3744,1364676823
3813,3744,1364676845
2835,2897,1364676920
2865,2642,1364677035
2835,3744,1364677653
96,2897,1364678700
2470,1217,1364683735
3345,2642,1364684140
1675,2642,1364684346
3656,1675,1364684513
1675,3656,1364684705
2642,1675,1364685161
2642,3814,1364686370
3814,2642,1364686406
3815,2642,1364687598
3735,3646,1364688875
2642,3336,1364689940
3336,2642,1364689955
3797,3735,1364690592
3735,3797,1364690601
2642,3797,1364691034
3797,2642,1364691154
3735,366,1364691517
1885,3744,1364693283
3806,35,1364696630
540,2835,1364697139
2835,540,1364697264
1612,1885,1364702850
1885,1612,1364702873
1612,3738,1364703697
3738,1612,1364703772
1810,2012,1364711527
2012,1810,1364711544
2404,3781,1364712456
3781,2404,1364712469
3796,3653,1364713070
146,3817,1364723455
3817,146,1364723630
35,3818,1364734823
35,3819,1364734841
35,3808,1364736102
3803,3666,1364740991
3666,3803,1364741097
732,3797,1364748992
3797,732,1364749091
2642,3345,1364751223
3775,3735,1364760687
1412,3099,1364761582
3099,1412,1364761734
3810,3797,1364763593
2388,1412,1364767388
2642,3822,1364773748
3822,2642,1364773759
3735,3823,1364774454
3823,3735,1364774590
2625,3715,1364777937
3715,2642,1364777972
3715,2625,1364777992
3715,2388,1364783196
2388,3715,1364783380
2642,3825,1364783572
3825,2642,1364783714
366,3807,1364784482
1802,3714,1364785010
3807,366,1364785852
2625,1555,1364820832
1555,2625,1364820847
1555,3808,1364821218
3808,1555,1364821687
2897,3655,1364822826
3808,35,1364823486
2304,3815,1364834623
1967,3653,1364838911
2625,3113,1364839607
3653,3735,1364840877
3735,3653,1364841087
2693,3408,1364843613
3649,1967,1364843848
3815,2304,1364843939
2635,3826,1364843947
1967,3649,1364843958
3653,3807,1364844234
3653,3490,1364845372
3653,3099,1364846303
3099,3653,1364847665
3660,2028,1364848296
3490,3653,1364849028
3099,202,1364850522
1885,1656,1364850990
3653,1967,1364851005
1018,3744,1364852795
3828,35,1364854631
3735,3800,1364855678
3800,3735,1364855847
3797,1899,1364858775
1899,3797,1364858819
2388,3829,1364866891
3829,2388,1364867952
2404,3830,1364868127
3830,2404,1364868217
3735,2404,1364873830
2404,3735,1364873864
3699,3653,1364878828
3653,3699,1364879099
2404,1629,1364879580
1629,2404,1364879730
2897,1810,1364880845
1957,35,1364882752
1584,3744,1364886948
3828,2202,1364895507
2202,3828,1364895603
3832,2625,1364896892
3451,3815,1364909544
3815,3451,1364909672
1743,3219,1364909924
2897,1725,1364919405
3765,3620,1364921274
1752,3744,1364924595
1018,3223,1364926081
1490,1018,1364926507
2642,3738,1364926510
35,3382,1364926547
3738,2642,1364926559
35,3835,1364926565
35,3836,1364926586
3223,2625,1364926664
312,3653,1364929533
2642,2110,1364930803
3653,3828,1364931988
3653,312,1364932443
3641,3517,1364938550
3641,3260,1364938937
2837,2897,1364939075
3653,3385,1364939226
3828,3838,1364940012
3724,3828,1364940046
3838,3828,1364940127
3385,3653,1364940185
3828,3724,1364940638
2328,2388,1364940740
35,3839,1364940789
2328,3590,1364940824
1018,1967,1364941701
3737,436,1364941982
3641,3165,1364942007
2897,2028,1364945928
2897,2725,1364946015
700,3840,1364948614
1502,2176,1364951429
2176,1502,1364951478
3840,700,1364953154
3828,2176,1364953310
2176,3828,1364953318
3547,3653,1364954049
2388,2244,1364954069
2244,2388,1364954084
3735,3841,1364955169
2067,215,1364955435
215,2067,1364955435
1802,1832,1364955526
3735,3842,1364955800
3841,3735,1364955832
3842,3735,1364955910
882,3744,1364956000
3735,767,1364956996
2388,3735,1364957077
767,3735,1364957087
767,3738,1364957120
3738,767,1364957152
3161,3396,1364958897
3547,3764,1364962046
3764,3547,1364962079
1612,1859,1364963344
2397,3744,1364966729
3819,35,1364969703
3820,3843,1364970316
3843,3820,1364970335
3547,3699,1364971008
3699,3547,1364971080
2897,3844,1364975090
3844,2897,1364975208
3408,2693,1364978152
2296,2017,1364978216
3408,3744,1364978371
3738,3828,1364980676
3828,3738,1364980687
3451,3655,1364985770
3655,3451,1364985774
346,3744,1364988565
2378,2898,1364992757
1318,3797,1364994758
3800,2484,1364996183
2625,1859,1364997338
1859,2625,1364997419
3655,3824,1364998257
2485,3845,1364998457
3845,2485,1364999002
3824,3655,1364999202
3490,3846,1365007319
3846,3490,1365007723
1938,35,1365008743
3223,2642,1365010571
3845,3847,1365012536
3847,3845,1365012585
2642,3848,1365012651
3802,3656,1365013228
3656,3802,1365013235
3848,2642,1365014915
3714,3653,1365016086
3653,3714,1365016318
3653,3849,1365016365
3653,3746,1365017141
3797,2266,1365021872
2840,3797,1365022113
3828,3850,1365022606
3850,3828,1365022723
3653,3851,1365023407
3851,3852,1365023453
3852,3851,1365024353
3850,3853,1365025231
3853,3850,1365025302
3828,3843,1365025545
3843,3828,1365025595
3851,3854,1365025998
3854,3851,1365026059
1953,2371,1365034243
3816,2796,1365034432
687,3855,1365035177
3855,687,1365035223
1612,2642,1365035429
2642,3856,1365035883
3856,2642,1365035947
3621,2296,1365036275
2296,3621,1365036308
3828,3857,1365041563
3545,3856,1365041881
3857,3828,1365041929
3856,3545,1365041984
3828,2860,1365043223
687,2860,1365046532
3229,2125,1365051394
2404,1529,1365051843
3735,2860,1365058695
1555,3801,1365059129
3801,1555,1365059148
687,1555,1365059169
2351,3744,1365059206
3849,3653,1365059267
2388,2328,1365059824
3746,3858,1365062809
3858,3746,1365062990
687,3744,1365068004
3002,35,1365070880
687,3801,1365071287
2378,3037,1365074246
3037,2378,1365074366
2961,687,1365081196
3018,2852,1365086036
2852,3018,1365086198
2642,3846,1365088794
3846,2642,1365088899
2404,1018,1365089401
1018,2404,1365089462
3653,3250,1365090539
3250,3653,1365090624
3828,25,1365091576
3856,25,1365091635
1565,25,1365091674
2770,3377,1365092831
3801,687,1365094324
2642,3056,1365095406
3781,3850,1365096717
3850,3781,1365096846
1386,3859,1365097383
35,3828,1365098307
35,3860,1365098335
3860,35,1365099484
533,2125,1365099797
2125,533,1365099895
3689,2028,1365100560
2625,1316,1365101043
1316,2625,1365101073
3653,3013,1365102474
3223,2404,1365103316
2404,3223,1365103602
3845,2647,1365105777
2642,3534,1365106138
2642,3860,1365106795
3860,2642,1365106874
1933,3861,1365107583
1933,2903,1365107701
3801,2642,1365108218
2642,3801,1365108284
1810,2252,1365108473
3504,3797,1365109595
1953,3863,1365109715
3863,1953,1365109729
2878,3223,1365110014
3776,3018,1365110173
3776,3086,1365110378
3776,3863,1365110389
3776,3826,1365110473
3863,3776,1365110529
3861,2903,1365111581
3861,1933,1365111595
2903,3861,1365111608
2903,1933,1365111663
3511,3820,1365113548
3820,3511,1365113615
2266,3797,1365113897
1953,3852,1365115416
3852,1953,1365115478
3223,3864,1365115710
3864,3223,1365115819
2252,3797,1365117406
3165,3641,1365118106
1953,3865,1365118150
3865,1953,1365118243
3865,3260,1365118272
1334,3653,1365120401
3653,1334,1365120461
3223,1018,1365121196
3748,3571,1365128984
3735,3851,1365130541
3851,3735,1365130560
3735,3867,1365134310
3735,3868,1365134339
3867,3735,1365134419
3868,3735,1365134609
3735,3719,1365135105
3719,3735,1365135115
3800,3724,1365139898
3724,3800,1365140071
538,51,1365140502
2647,3845,1365146501
2647,3869,1365146539
882,687,1365148501
687,882,1365148527
3834,1437,1365153001
3869,2647,1365153048
1504,3870,1365159225
3501,3641,1365171625
3641,3501,1365171673
2625,3598,1365176327
3598,2625,1365176333
2625,3545,1365182300
3545,2625,1365182420
3856,2840,1365182520
2635,3871,1365189764
3871,3872,1365189826
2840,3856,1365190024
2635,3872,1365190544
2954,1953,1365193417
1953,2954,1365193447
3738,687,1365194250
3738,3873,1365194759
3873,3738,1365194810
687,3828,1365195336
3828,687,1365195396
3366,2028,1365196304
3439,1154,1365197413
687,3874,1365197962
3874,687,1365198380
51,538,1365198981
687,3875,1365202138
3875,687,1365202542
1967,3876,1365214821
2642,3820,1365218795
3820,2642,1365218881
3099,3877,1365220205
332,3018,1365234412
2141,3744,1365235354
3767,3832,1365236949
3832,3767,1365237230
1437,3834,1365249513
3500,3878,1365250832
3878,3500,1365250882
3527,3879,1365255469
2635,3880,1365255591
3879,3527,1365256659
3735,3881,1365257510
3451,3882,1365261805
3882,3451,1365261878
2642,3883,1365267450
3883,2642,1365267525
2642,2391,1365267602
2391,2642,1365267610
3869,3879,1365271278
2371,1953,1365272869
3451,3735,1365274428
3735,3451,1365274510
2835,1802,1365277092
2378,3879,1365279947
3804,3803,1365280488
988,3744,1365281477
3099,2625,1365283234
2625,3099,1365283256
3735,3885,1365288922
3885,3761,1365288935
3885,3735,1365289248
3879,2378,1365290867
1334,3828,1365291477
3828,1334,1365291513
3879,3869,1365293091
700,3735,1365294853
3735,700,1365294909
3527,3886,1365297820
3886,3527,1365298160
1386,1568,1365303853
1802,2835,1365323702
3887,3445,1365326882
3018,3016,1365331108
3835,35,1365334566
3500,3888,1365338604
3888,3500,1365339186
3824,3735,1365345123
3735,3824,1365345173
2378,3889,1365345538
2110,3735,1365346696
3735,2110,1365346726
256,3824,1365354012
35,3890,1365354014
3824,256,1365354058
3890,35,1365357248
3168,2642,1365359769
2642,3168,1365359924
2642,3891,1365360247
2822,1512,1365361541
2822,2580,1365361620
2642,3892,1365362606
3892,2642,1365362710
1832,3893,1365366149
3893,1832,1365366382
2642,57,1365370443
1953,2913,1365373105
2913,1953,1365373137
3832,2642,1365373383
2642,3832,1365373448
3641,3893,1365373950
3893,3641,1365374091
3735,2328,1365374449
2328,3735,1365374453
3735,606,1365374464
606,3735,1365374604
13,1352,1365374612
3781,3736,1365374862
3736,3781,1365374897
606,3744,1365376397
2404,606,1365376791
606,2404,1365376815
606,3767,1365377444
3767,606,1365377476
3781,1272,1365377763
1272,3781,1365380911
1810,3895,1365384498
215,1832,1365385158
3781,2012,1365388064
2012,3781,1365388082
2262,3896,1365388923
3896,2262,1365388958
3897,3735,1365390779
214,3898,1365393491
3821,3899,1365396771
3899,3821,1365396917
1751,3481,1365398005
3481,1751,1365398068
3887,1802,1365399507
1802,3887,1365399551
3898,214,1365402440
3508,2125,1365409331
2897,3900,1365409573
3900,2897,1365409834
3527,3901,1365428195
3901,3527,1365428275
3653,1675,1365430988
3345,3902,1365431335
3902,3903,1365431535
3345,3903,1365431581
3902,3345,1365431583
3903,3345,1365431602
3903,3902,1365431608
3903,3904,1365431683
3904,3903,1365431776
3172,2642,1365434517
547,2262,1365436653
1565,2642,1365437824
2642,1565,1365437834
2404,3878,1365438403
3878,2404,1365438430
3854,3905,1365438559
3905,3854,1365439242
3850,2625,1365439325
2625,3878,1365440109
3878,2625,1365440187
2625,2344,1365440941
3302,2642,1365445551
2404,2642,1365445902
3451,3781,1365446119
3781,3451,1365446163
3891,2642,1365447712
35,3906,1365448149
35,3002,1365448161
35,3907,1365448169
35,3908,1365448177
3018,3872,1365448244
3000,3910,1365448337
3911,3912,1365448553
3912,3911,1365448636
2296,3715,1365448719
2642,3913,1365450100
3913,2642,1365450133
3910,3000,1365450998
3828,3820,1365451106
3820,3828,1365451206
2642,3172,1365451439
3894,2642,1365451487
3512,2635,1365451505
2642,3894,1365451565
3018,3914,1365452843
2897,3846,1365452866
3846,2897,1365453053
1018,3385,1365453229
2344,2625,1365453282
2625,1746,1365453886
1746,2625,1365453895
3903,3916,1365454153
3916,3903,1365454230
3385,1018,1365454297
3820,3916,1365454487
3916,3820,1365454566
2642,3917,1365455014
2642,3543,1365455173
3918,3878,1365455249
3917,2642,1365455329
3543,2642,1365455339
2344,3919,1365455568
3836,35,1365455746
2625,3268,1365456196
3268,2625,1365456289
3920,35,1365456679
3527,3922,1365462729
3887,2625,1365462749
2625,3887,1365462818
3922,3260,1365463704
3735,3815,1365463805
3815,3735,1365464066
3815,3923,1365464809
3923,3815,1365464872
1018,3735,1365465144
3735,1018,1365465208
3699,1645,1365465714
1645,3699,1365465732
3910,3781,1365466424
2642,1788,1365470416
1788,2642,1365470459
2642,3924,1365471915
3924,2642,1365472025
3922,3527,1365472223
3735,3925,1365472250
3925,3445,1365473682
3445,3,1365474240
3887,3925,1365475026
3925,3887,1365475147
1967,1565,1365475186
2642,3927,1365476325
3927,2642,1365476365
3925,3735,1365476413
3916,2404,1365478423
2404,3916,1365478716
3735,3547,1365478759
3547,3735,1365478928
3916,3735,1365479426
3735,3916,1365479428
64,3099,1365481047
3571,3208,1365481476
202,3099,1365483943
366,3735,1365484456
2897,3714,1365485122
3928,3735,1365485584
3735,3928,1365485725
3735,3816,1365487413
2296,3929,1365489640
3929,2296,1365489882
2897,3258,1365497746
2897,2837,1365497867
2897,3656,1365497972
3451,1267,1365499179
1267,3451,1365499212
3903,3854,1365507959
3878,3903,1365508240
3129,3134,1365509492
3129,3931,1365509533
3129,768,1365509553
3129,3932,1365509573
3129,180,1365509582
3129,3256,1365509613
3129,2825,1365509683
3129,1098,1365509703
3129,3938,1365509723
3129,350,1365509753
3129,3940,1365509773
3129,3422,1365509823
3129,6,1365509843
3129,1957,1365509852
3129,3944,1365509893
3129,3945,1365509913
3129,3219,1365509933
3129,3950,1365510033
3129,3951,1365510043
3129,3953,1365510083
3129,3086,1365510103
3129,265,1365510133
3854,3903,1365510142
3129,3955,1365510143
3129,3958,1365510173
3129,3135,1365510193
3129,2647,1365510203
3129,3959,1365510223
3129,2656,1365510323
3129,3966,1365510354
3129,3967,1365510363
3129,2686,1365510373
3129,3968,1365510393
3129,3214,1365510414
3129,3970,1365510453
3129,943,1365510463
3656,2897,1365512470
35,3862,1365512505
3847,2878,1365515218
2878,3847,1365515368
2977,2897,1365516342
2897,2977,1365516885
2642,3972,1365517172
3972,2642,1365517271
3815,3803,1365521837
3571,3815,1365524948
3815,3571,1365525046
1565,3928,1365526782
3803,3815,1365526863
3656,3866,1365527347
3029,19,1365527426
3669,3973,1365527557
3973,3669,1365527593
3656,3335,1365528557
3335,3656,1365528649
1832,2897,1365528945
2897,1832,1365529444
1967,1018,1365529819
3881,3735,1365530915
3438,1018,1365530927
2495,3974,1365532350
3974,2495,1365532439
3847,3884,1365533575
585,3975,1365533594
3828,1998,1365533824
1998,3828,1365533873
2125,3974,1365534279
2125,2495,1365534470
3974,2125,1365534831
1512,1352,1365534979
3828,3976,1365538543
3976,3828,1365538723
3404,3669,1365539059
3669,3404,1365539062
3653,1810,1365541771
1967,3641,1365542635
3099,64,1365542805
3641,1967,1365542933
3976,3641,1365543414
2053,3977,1365544345
2404,3978,1365544535
3978,2404,1365544570
3977,2053,1365544689
3641,3976,1365544808
3907,35,1365545461
2437,2398,1365545736
35,3979,1365545931
3904,3866,1365546862
3904,3545,1365547539
3810,3980,1365551782
1939,3981,1365552395
1939,3982,1365552422
3981,3982,1365552453
3981,1939,1365552596
3982,3981,1365552681
3982,1939,1365552787
366,3699,1365553704
3699,366,1365553852
3735,3982,1365554179
3982,3983,1365557235
3983,3982,1365557279
3982,3735,1365557328
3928,1565,1365561168
3649,3590,1365561439
3590,3649,1365561875
2404,3528,1365562009
3528,2404,1365562082
3724,3984,1365562429
3864,3904,1365562732
3904,590,1365562759
2898,2378,1365563126
3864,3928,1365566837
3928,590,1365566888
3113,3735,1365568604
3735,3113,1365568683
3888,2404,1365570589
3699,3985,1365572757
3985,3699,1365572950
905,3878,1365582970
2378,3986,1365594946
3987,3598,1365596485
35,1675,1365597747
1675,3803,1365598367
1675,35,1365598394
3504,3666,1365598572
3803,1675,1365598653
3666,3504,1365598697
3919,3878,1365600289
3846,3989,1365600964
3989,3846,1365601031
3878,3990,1365604664
3113,2625,1365605800
3846,3991,1365607067
3512,3765,1365608012
3991,3846,1365608872
732,1832,1365616406
1832,732,1365616450
468,3744,1365616560
2642,1731,1365617449
1363,3397,1365619441
1612,2742,1365620480
2742,1612,1365620484
3590,2642,1365620492
3713,1018,1365621265
1334,3760,1365621370
35,3952,1365622516
3590,2344,1365623168
546,361,1365623319
3486,1198,1365623868
3972,3980,1365624852
3980,3972,1365624892
3653,3993,1365625316
2977,3995,1365626664
3995,2977,1365626829
361,3996,1365626932
3996,361,1365627433
2897,2525,1365628498
2525,2897,1365628997
3598,3997,1365629851
3993,1198,1365629935
3598,51,1365630323
3980,361,1365630353
3223,2878,1365630842
2404,3828,1365633290
3828,2404,1365633315
2642,3998,1365633921
2378,3999,1365635117
3598,3987,1365635149
3999,2378,1365635154
3783,3810,1365639826
3810,3783,1365640009
3783,2642,1365640539
3810,2642,1365642198
3984,3724,1365644302
1674,2642,1365645183
2352,4000,1365646313
4000,2352,1365646351
2552,2642,1365647164
2642,2552,1365647395
2110,1689,1365648268
1689,2110,1365648276
4000,3897,1365650145
3897,4000,1365650306
2642,3828,1365653559
3875,3828,1365653977
3828,3875,1365654622
2642,2296,1365659805
3980,4001,1365676746
4001,3980,1365676771
2110,3397,1365677438
3397,2110,1365677439
3878,3610,1365678220
3610,3878,1365678316
3982,3844,1365682847
3844,3982,1365682879
35,4002,1365684436
4002,35,1365684601
804,3479,1365685737
3980,3828,1365687763
3828,3980,1365687768
3980,4003,1365688860
4003,3980,1365689122
3982,4004,1365691757
4004,3982,1365692029
3486,2405,1365693144
455,3445,1365694930
2880,1271,1365695203
1271,2880,1365695293
1750,3928,1365695585
3928,1750,1365695722
3380,626,1365697411
626,3380,1365697803
3660,3996,1365699977
2642,4005,1365700025
3669,4006,1365700167
4005,2642,1365700178
4006,3669,1365700306
4008,4007,1365704626
4007,4008,1365705597
4005,4007,1365705677
4007,4005,1365705680
3571,3748,1365706422
4007,3917,1365707268
3917,4007,1365707365
3268,4007,1365707374
3397,1363,1365707508
732,4010,1365709161
4010,732,1365709359
3918,1511,1365710063
3918,4004,1365710074
199,3632,1365710235
4008,3980,1365711111
64,3571,1365712622
3490,4011,1365712854
4011,3490,1365713519
2642,3611,1365716122
3642,4012,1365716323
1731,2642,1365717432
3998,2642,1365718456
1731,3982,1365719586
3982,1731,1365719633
13,732,1365720195
732,13,1365720207
135,3994,1365721703
3994,135,1365722077
2642,4013,1365723772
4013,2642,1365723804
3918,4014,1365724394
4014,3918,1365724424
4014,3878,1365724647
3990,3878,1365726298
3990,4015,1365726341
3632,199,1365726361
3878,4016,1365726829
4016,3878,1365727288
3990,4017,1365728781
4017,3990,1365728845
4017,3397,1365729000
3571,4018,1365730521
4018,3571,1365730528
3990,3988,1365730534
3571,3730,1365731217
3730,3571,1365731260
3571,64,1365731344
2388,3807,1365731686
804,2642,1365737146
3738,3441,1365740018
3800,3006,1365741656
3885,4019,1365741955
3006,3800,1365742352
3006,452,1365742453
3972,1548,1365743978
3972,2079,1365745504
2079,3972,1365745621
3006,3854,1365754453
3651,3018,1365759730
3018,3651,1365759752
3781,2777,1365764536
3781,3500,1365766161
3500,3781,1365766317
2777,3781,1365766957
856,3744,1365776623
2378,4020,1365777305
4020,2378,1365777345
3862,2642,1365782885
2642,3862,1365782930
3781,3851,1365784689
3851,3781,1365784703
3526,2642,1365785187
2642,3526,1365785270
3914,3880,1365785848
3828,2642,1365786237
3928,3006,1365786589
2642,3219,1365788615
3854,3006,1365788765
3161,3219,1365789044
3887,4001,1365790380
4001,3887,1365790418
3571,4022,1365791084
3018,4023,1365791569
3887,2404,1365791649
2404,3887,1365791709
3714,2897,1365791786
4022,3571,1365792560
3219,2642,1365792775
3161,4024,1365793707
4024,3161,1365793742
2642,4025,1365794967
4025,2642,1365794983
2642,2397,1365796269
2397,2642,1365796320
1998,2642,1365796779
2642,3904,1365796859
2642,1998,1365796945
2642,3928,1365797296
2378,4026,1365798249
3922,146,1365798348
4011,2642,1365798588
2642,4011,1365798667
146,3922,1365799069
4027,4026,1365799931
1899,3006,1365800969
3204,4,1365801001
2642,3854,1365803455
2642,3875,1365805398
3875,2642,1365805421
3219,3161,1365805624
2642,4028,1365807326
4028,2642,1365807468
2642,4029,1365808694
4029,2642,1365808784
4026,3620,1365809071
4026,4027,1365809117
3620,4026,1365809886
3976,4033,1365811406
4033,3976,1365811495
4033,1810,1365811668
3928,4034,1365812465
4034,3928,1365812479
4032,3988,1365812931
4016,4035,1365813628
4035,4016,1365813652
3598,527,1365813970
4030,3168,1365814210
527,3598,1365814274
3168,4030,1365814292
2642,3821,1365814507
4026,3922,1365815925
3598,4036,1365816107
4036,3598,1365816293
3397,4017,1365817743
546,2642,1365818360
4004,4037,1365821833
4004,452,1365824296
4032,35,1365831734
202,2188,1365832053
4019,3885,1365832434
3724,4005,1365833826
4005,3724,1365833884
2351,452,1365834096
3724,4036,1365838254
4036,3724,1365838633
1018,3715,1365839465
4035,3500,1365842484
3500,4035,1365842556
2934,4038,1365843376
4038,2934,1365844206
2388,3489,1365844827
2878,4026,1365845827
3999,4026,1365845920
3655,3500,1365846523
3500,3655,1365846725
4026,3999,1365847192
4026,4039,1365847207
4039,4026,1365847353
3986,4027,1365855283
4027,3986,1365855414
554,4040,1365855599
3880,3915,1365856356
3915,3880,1365856368
4026,3880,1365856583
3880,4026,1365856615
2284,4026,1365860779
4026,2284,1365860953
4031,4026,1365861093
4026,4031,1365861237
4031,4027,1365861607
4027,4031,1365861643
3573,4038,1365867649
4038,3573,1365867749
4038,3000,1365869328
3000,4038,1365869364
1548,3972,1365869399
146,4026,1365871513
4026,146,1365871540
3611,2642,1365873083
1394,2642,1365873352
4015,3990,1365873927
1502,2642,1365874124
2642,1502,1365874158
4026,4041,1365874713
4041,4026,1365874954
4040,554,1365875866
4026,4042,1365877589
4042,4026,1365877739
4035,4043,1365880759
4043,4035,1365880815
3500,2642,1365880880
2642,3500,1365880944
3650,2642,1365881846
3928,2642,1365881887
2642,3650,1365881923
3904,2642,1365883244
4031,3880,1365884843
3880,4031,1365884926
3767,2642,1365884964
2642,3767,1365885182
2642,4038,1365889164
4038,2642,1365889238
4025,2048,1365891099
3045,4011,1365891781
4011,3045,1365891821
3968,3129,1365893251
3738,3854,1365893860
3854,3738,1365894534
2085,3830,1365894885
3830,2085,1365894941
3598,4044,1365899342
4044,3598,1365899546
3611,4011,1365903154
4011,3611,1365903242
3611,169,1365904366
3611,4045,1365904721
4045,3611,1365904750
361,2067,1365907079
3735,113,1365907744
113,3735,1365907778
3598,4046,1365908417
2262,2642,1365908768
2262,3806,1365908960
3806,2262,1365909016
3735,4047,1365909292
4047,3735,1365909415
3735,3598,1365910336
2642,4048,1365911541
4048,2642,1365911582
3735,3972,1365912089
3972,3735,1365912177
3598,3735,1365912265
1916,3744,1365912985
2642,4047,1365915847
4047,2642,1365917408
905,3738,1365920244
35,4049,1365933433
4049,35,1365934095
3915,4050,1365934182
4050,3915,1365934244
2777,3669,1365947168
3669,2777,1365947173
3656,3735,1365950656
3735,3656,1365950861
3915,146,1365951250
3656,1788,1365951378
1788,3656,1365951413
146,3915,1365951431
3735,4004,1365952075
4004,3735,1365952075
3735,4051,1365953449
4051,3735,1365953552
3735,4011,1365954095
4011,3735,1365954182
3512,3915,1365954613
4052,3735,1365954680
3915,3512,1365954768
3735,1879,1365954776
3735,4052,1365954844
1879,3735,1365955199
3915,3580,1365955949
3735,4053,1365956165
4053,3735,1365956249
35,4011,1365956391
4031,3915,1365956575
3915,4031,1365956665
4011,35,1365956675
2642,2805,1365959728
2805,2642,1365959801
1635,2427,1365960947
3580,3915,1365965031
1752,6,1365966320
1752,1,1365966420
1752,309,1365966622
1752,1396,1365966660
4053,2110,1365970928
2110,4053,1365970949
3735,2805,1365975763
2805,3735,1365975786
2048,3735,1365976439
3735,2048,1365976535
3735,4054,1365979246
4054,3735,1365979489
3735,4055,1365979550
3735,146,1365980490
3735,4056,1365980527
146,3735,1365980543
3598,4057,1365980774
4057,3598,1365981055
3972,4058,1365981278
238,2642,1365981363
4058,3972,1365981622
3928,2404,1365981624
2404,3928,1365981649
4055,3735,1365983063
4024,4044,1365983747
3830,1,1365983772
3735,4059,1365987915
4059,3735,1365988293
3735,4060,1365989489
4060,3735,1365989609
1764,2644,1365989800
4061,3656,1365992054
146,2642,1365992059
3656,4061,1365992078
3715,3735,1365992304
3735,3715,1365992350
2642,146,1365992512
4044,4024,1365995107
3723,3715,1365995784
171,113,1365995851
113,171,1365995889
3735,4062,1366000964
4062,3735,1366001964
4024,2644,1366002591
2644,4024,1366002751
3407,35,1366011592
35,4063,1366011947
35,3991,1366011959
35,4064,1366011982
35,4066,1366012014
4065,35,1366012423
35,4067,1366015937
4027,3189,1366019658
3189,4027,1366019729
539,4038,1366023189
3844,3820,1366024494
3820,3844,1366024511
3129,2733,1366028294
3129,3936,1366028343
3129,3748,1366028384
3129,3391,1366028434
3129,3942,1366028444
3129,3943,1366028463
3129,2878,1366028493
3129,4069,1366028504
3129,64,1366028533
3129,4070,1366028564
3129,3952,1366028583
3129,3131,1366028604
3129,4071,1366028614
3129,3807,1366028664
3129,4072,1366028684
3129,3130,1366028734
3129,3885,1366028774
3129,3735,1366028784
3129,2945,1366028844
3129,4074,1366028854
2642,3479,1366034910
2952,4076,1366034958
3479,2642,1366035317
2635,4076,1366035948
1018,4077,1366038451
3988,4032,1366038620
4077,1018,1366038766
1295,4064,1366039456
4064,1295,1366039720
2897,3831,1366040177
3831,2897,1366040307
2642,4078,1366041906
4078,2642,1366041976
4078,3598,1366042050
2835,146,1366042395
146,2835,1366042456
3414,3738,1366042911
96,1656,1366043223
35,4079,1366046208
3598,4078,1366046615
3976,3113,1366046730
4079,35,1366050616
3211,4080,1366052529
3986,146,1366054905
146,3986,1366054947
1899,585,1366056260
585,1899,1366056464
2625,3746,1366056645
3746,2625,1366056672
3976,3719,1366057431
3598,1094,1366059477
4060,4081,1366059871
3219,3342,1366060009
3828,590,1366060492
3828,3864,1366060522
3649,4082,1366060961
4082,3649,1366061025
3828,4057,1366061233
4057,3828,1366061295
3864,3828,1366062417
3598,4083,1366062662
3598,590,1366063273
3598,3864,1366063925
3864,3598,1366068294
4017,3598,1366068808
3598,4017,1366068813
3798,4003,1366069471
4003,3798,1366069919
882,4038,1366072170
2625,2110,1366073231
2110,2625,1366073722
3388,3598,1366074050
3598,3388,1366074090
1295,146,1366079982
146,1295,1366080089
3598,3990,1366080127
3990,3598,1366080820
2110,585,1366080951
585,2110,1366081006
3803,4084,1366082116
3798,1094,1366082732
4084,3803,1366083011
2897,3909,1366083249
3909,2028,1366083817
3909,2897,1366083820
13,3628,1366085143
3628,13,1366085580
2243,1334,1366085692
3000,4085,1366085877
4085,3000,1366085934
522,4086,1366110113
522,2188,1366110133
3669,3583,1366118639
3583,3669,1366118824
4076,3776,1366119982
4076,2952,1366120007
4076,3827,1366120179
4076,4087,1366120258
3630,3669,1366121997
3669,3630,1366122050
4075,3744,1366125778
550,3744,1366125963
4075,2378,1366126080
4089,2625,1366129820
2070,4090,1366130879
3820,3669,1366131037
3669,3820,1366131058
4090,2070,1366132421
3103,2333,1366135755
3103,3734,1366135833
51,3598,1366137846
2070,3744,1366139114
35,4032,1366141847
35,4080,1366141859
1528,3744,1366146347
4024,4091,1366146433
4091,4024,1366146584
4004,3219,1366147406
4080,35,1366149735
1967,1528,1366155250
3101,2642,1366156074
3441,3738,1366156219
2642,3101,1366157626
3828,4092,1366167035
4092,3828,1366167046
146,1316,1366167121
113,25,1366168380
1499,1764,1366171287
4086,522,1366171671
3735,3995,1366172698
3995,3735,1366172877
64,3735,1366173655
3735,64,1366173714
3735,3655,1366177497
3655,3735,1366177559
3547,3445,1366191886
4076,3561,1366195942
35,4093,1366196767
4093,35,1366196902
4076,2378,1366197520
2284,3353,1366198417
3353,2284,1366198476
3669,4094,1366200240
1245,4095,1366201163
2642,3697,1366208488
3219,4004,1366209788
26,804,1366215367
804,26,1366215455
2642,2409,1366217482
202,4096,1366219836
4095,1245,1366221302
2952,3641,1366221894
2952,3260,1366221964
2840,17,1366224264
4090,988,1366224404
3854,3820,1366226427
3820,3854,1366227047
2897,3488,1366227877
3488,2897,1366228082
3641,4097,1366228518
4097,3641,1366228711
3828,3598,1366229064
3598,3828,1366229102
17,2840,1366231971
4075,1953,1366237439
4065,3598,1366238828
545,1566,1366241501
545,1719,1366241648
3598,4032,1366249548
4032,3598,1366249982
4096,202,1366250257
2784,3598,1366251273
3598,2784,1366251385
1953,4099,1366255035
4099,1953,1366255121
3101,202,1366257186
202,3101,1366257261
2642,1911,1366258651
4078,4100,1366260891
113,4101,1366261445
4101,113,1366261635
2351,733,1366272758
4067,35,1366281901
35,4102,1366289204
4074,4104,1366297800
4074,3948,1366297877
2378,4004,1366299123
546,3744,1366301961
3223,3669,1366313081
3669,3223,1366313108
3820,3223,1366314461
3223,3820,1366314590
3880,3539,1366314672
3539,3880,1366315013
3223,1998,1366315082
3539,4105,1366315135
3539,3513,1366315155
1998,3223,1366315172
3598,733,1366315703
3641,3971,1366317120
3534,2642,1366323038
2202,1504,1366324683
3884,4105,1366329452
4075,4106,1366330723
4106,4075,1366330741
1504,2202,1366354283
2351,2230,1366356689
2230,2351,1366357114
3583,4108,1366358376
4108,3583,1366358505
819,4109,1366366477
4109,819,1366368548
2987,4110,1366373308
4110,2987,1366373345
2625,3451,1366379522
2625,3980,1366380980
3980,2625,1366381031
1267,2625,1366382052
2625,1267,1366382429
1953,3096,1366388238
3096,1953,1366388373
2352,4111,1366389081
3653,3219,1366394866
3219,3653,1366394987
3018,4027,1366397221
4111,2352,1366397635
180,2378,1366400182
2378,180,1366400194
35,3920,1366402697
361,2725,1366403758
3018,4112,1366406307
4112,3018,1366406674
2351,2125,1366406937
2351,1043,1366407459
3018,4026,1366408626
3981,2625,1366416567
2625,3981,1366416568
4113,2625,1366418267
3545,4114,1366433071
4114,4115,1366433198
4115,4114,1366434271
3477,396,1366436950
4102,35,1366438586
4074,3513,1366459217
2230,2214,1366461051
3451,3892,1366466785
2378,3884,1366466882
3884,2378,1366467243
3986,4097,1366469827
4097,3986,1366469842
3735,4114,1366473024
4114,3735,1366473051
3988,4114,1366473591
4114,3988,1366473625
3988,3735,1366474437
3735,3988,1366474440
3735,4116,1366475377
1832,2625,1366476926
2625,1832,1366477015
3892,3451,1366477391
35,4117,1366478794
4117,35,1366479860
3735,3854,1366480784
3854,3735,1366481356
4075,3103,1366485497
3656,3237,1366485540
3237,3656,1366485949
3735,4118,1366486933
3713,3451,1366491131
3451,3713,1366491317
3219,3713,1366494429
3713,3219,1366494558
3735,2365,1366495102
2365,3735,1366495105
3735,4119,1366496165
4119,3735,1366496430
4118,2642,1366497376
3935,4120,1366499606
3935,1976,1366500133
3935,2194,1366500224
3735,4121,1366500347
3735,4122,1366500390
4121,3735,1366500412
4122,3735,1366500490
4116,2625,1366501278
1334,3744,1366501416
1689,3744,1366501432
2625,1689,1366501615
1689,2625,1366501635
4060,1334,1366501871
2244,4123,1366506199
4123,2244,1366506213
64,905,1366507783
905,64,1366508322
4038,2625,1366509854
3800,3629,1366512213
3629,3800,1366512609
905,4124,1366513382
4125,3988,1366517645
905,4126,1366520481
4126,905,1366520515
4118,1731,1366522409
2303,4114,1366536106
4114,2303,1366536324
4114,3715,1366539571
3715,4114,1366539655
3715,4032,1366539733
4032,3715,1366539946
35,4127,1366545501
3935,4128,1366548492
4128,3935,1366548700
3512,4128,1366548742
4128,3512,1366549011
4128,4122,1366549037
3826,4129,1366549580
3826,4130,1366550067
1905,4131,1366550793
4131,1905,1366550876
2303,383,1366551938
4122,383,1366553046
4132,2625,1366553977
3980,4114,1366554554
4114,3980,1366554613
3880,4122,1366554859
4122,3880,1366554875
2378,4133,1366562801
4133,2378,1366562822
3345,64,1366564038
64,3345,1366564048
3735,4134,1366566439
4134,3735,1366566529
4116,3735,1366567893
2642,4135,1366571850
3988,4135,1366573428
3735,3345,1366574566
3345,3735,1366574571
3988,4088,1366574664
4088,3988,1366576766
2642,4113,1366582954
4113,2642,1366582956
2388,1363,1366587693
3735,3724,1366592251
3724,3735,1366592251
361,3715,1366592900
3735,4136,1366594835
2351,3703,1366595985
4136,3724,1366596633
3465,2176,1366597835
2176,3465,1366597884
1528,1693,1366598318
4136,4036,1366598886
3335,3345,1366601709
3345,3335,1366601779
3828,4137,1366605433
2934,4138,1366617934
905,4036,1366633982
2125,4140,1366640497
4140,2125,1366640590
4139,3892,1366642842
3892,4139,1366643011
4036,3630,1366645228
3826,2635,1366653452
3826,3827,1366653457
3826,3776,1366653461
4008,3892,1366654189
4075,3723,1366655179
3892,4008,1366657136
180,3512,1366658347
3512,180,1366658443
2303,905,1366659800
3828,3854,1366660790
3854,3828,1366660795
3828,2625,1366663614
2625,3828,1366663636
13,2897,1366664817
3465,2897,1366664995
2642,4142,1366665407
3656,1967,1366665740
3656,2625,1366665912
2625,3656,1366665950
1967,3656,1366666205
3914,4143,1366675602
3189,1953,1366682837
4137,3828,1366682853
1953,3189,1366682903
1201,4144,1366690010
4144,1201,1366690107
2303,1,1366693583
4113,35,1366697329
3397,2,1366716863
3988,4139,1366720930
4139,3988,1366721002
4141,2647,1366725127
4107,3971,1366725199
2647,4141,1366725354
2635,4145,1366726896
4145,3018,1366727128
1752,2165,1366733196
1018,4146,1366734846
1018,4147,1366739834
1731,4118,1366742612
2045,3781,1366744447
3173,2625,1366746721
1018,4118,1366752682
3988,4148,1366755121
4148,3988,1366757906
2625,2262,1366758837
2262,2625,1366758917
3852,152,1366760819
1018,3272,1366770131
3828,4022,1366770951
4022,3828,1366771019
3735,4149,1366771854
4149,3735,1366771955
3735,4022,1366772067
4022,3735,1366772178
2188,4150,1366773154
4134,3927,1366782194
3927,4134,1366782214
2351,962,1366788063
3825,2296,1366789723
2296,3825,1366789819
3986,4122,1366792322
4122,3986,1366792327
4107,4151,1366798226
3988,4152,1366812456
4152,3988,1366812512
2188,4153,1366813042
2188,3744,1366813155
2188,1383,1366813301
4153,2188,1366813665
3928,3989,1366815272
3989,4145,1366816257
4145,3989,1366816418
3928,2777,1366816729
2777,3928,1366816741
3527,3018,1366820761
4154,3781,1366824260
4150,2188,1366825382
2977,2296,1366826006
2296,2977,1366826069
3783,2498,1366827338
35,4090,1366828061
3904,4155,1366834875
4155,3904,1366834985
3781,3648,1366835942
3648,3781,1366835974
3531,2396,1366838601
4118,3735,1366840206
4122,4156,1366842714
4156,4122,1366842769
330,4157,1366846177
2388,4158,1366847982
4107,4159,1366847983
4158,2388,1366848091
4159,4107,1366848169
4107,3539,1366850131
3539,4107,1366850181
3003,1502,1366850762
1502,3003,1366850778
2303,4159,1366851619
3003,3465,1366851679
3465,3003,1366851700
4159,2303,1366851941
1502,4159,1366852643
4159,1502,1366853048
3649,1453,1366856220
3649,4160,1366856270
1453,3649,1366856986
2262,2600,1366864954
2600,2262,1366865013
4114,1316,1366865193
1316,4114,1366865225
4114,1802,1366865291
3016,3539,1366866914
3878,2897,1366880103
3531,2897,1366880461
35,1453,1366880548
2934,2897,1366880609
1453,35,1366880686
3353,4161,1366882660
4161,3353,1366882701
3047,3527,1366890403
3527,3047,1366890542
3512,3047,1366892726
3047,4162,1366892906
4162,3047,1366892980
3047,3512,1366892989
4122,2378,1366894994
2378,4122,1366895501
4122,4107,1366901590
4107,4122,1366901822
3711,2897,1366903873
2378,2635,1366904702
2378,3018,1366904877
4075,3018,1366905165
2303,3820,1366905644
3820,2303,1366906087
4158,4126,1366908086
4126,4158,1366908193
2728,3781,1366909878
3781,2728,1366909974
3923,4163,1366916710
2284,4164,1366921381
4164,4105,1366922175
4164,3971,1366922244
4164,2378,1366922274
4164,2284,1366922369
3642,4152,1366923104
3854,2642,1366924788
2642,4165,1366927858
4165,2642,1366928682
2642,3682,1366928774
3682,2642,1366928850
1919,3854,1366929162
3854,1919,1366929204
2194,1386,1366935390
2194,1154,1366935452
2194,2661,1366935486
3345,3000,1366948759
3000,3345,1366948863
1267,2012,1366953424
2012,1267,1366953481
4088,2262,1366960246
2262,4088,1366960310
4090,35,1366978882
3735,4168,1366980134
3988,4169,1366986094
4169,3988,1366986331
1832,342,1366986886
4168,3735,1366988065
1018,4170,1366988122
4107,4171,1366988251
4171,4107,1366988814
342,1832,1366989556
4113,3892,1366991039
4173,2625,1366991680
3003,2625,1366992225
3892,4113,1366992718
1565,17,1366996808
2378,4107,1366996877
4107,2378,1366996991
3018,2889,1367000596
146,4174,1367002874
4174,146,1367004616
4174,4175,1367004691
2889,3018,1367005670
1810,2897,1367011224
3828,3735,1367014947
3735,3828,1367014964
905,1316,1367020005
3904,1272,1367021444
1272,3904,1367021541
3735,1272,1367025394
1272,3735,1367025838
3828,929,1367038797
3828,3002,1367039214
2934,3988,1367046489
1612,3988,1367049526
3988,1612,1367049791
3828,3781,1367053070
2194,2028,1367053166
2194,905,1367054072
3451,3904,1367055704
3904,3451,1367055741
1267,1396,1367066661
1396,1267,1367066662
3904,1267,1367074497
1267,3904,1367074527
2063,4177,1367080140
4177,2063,1367081046
2194,3744,1367082601
2194,3756,1367082725
2194,3757,1367082728
2194,3759,1367082733
2194,3760,1367082764
2194,1396,1367083140
3767,4035,1367087301
4035,3767,1367087313
4110,3715,1367088572
3715,4110,1367088574
3880,4107,1367090988
4107,3880,1367091021
3892,3001,1367096188
3001,3892,1367096406
4026,4178,1367097402
4178,4026,1367097456
4178,4179,1367097500
3735,3892,1367098619
3892,3735,1367098962
4174,4105,1367102246
1334,3160,1367104354
3160,1334,1367105097
4118,1018,1367106018
64,3160,1367110689
3160,64,1367110857
4163,4180,1367120642
1764,113,1367122329
3630,4036,1367122412
4163,4181,1367123614
4181,4163,1367123699
3408,4163,1367135777
3512,3527,1367146208
3527,3512,1367146888
4135,4182,1367151742
113,1764,1367161819
1832,700,1367162726
700,1832,1367162750
64,3642,1367163775
3642,64,1367164305
3735,1998,1367164573
1998,3735,1367164579
4152,3642,1367164742
1267,1810,1367168033
1810,1267,1367168122
3735,1502,1367168601
1502,3735,1367168627
4089,3642,1367173930
3642,4089,1367174255
3735,4181,1367174619
4181,3735,1367174695
3892,3854,1367177274
3854,3892,1367177288
2296,2028,1367177691
3735,4183,1367179296
4183,3735,1367179379
3593,1289,1367181540
3735,4184,1367183522
4011,3892,1367184558
3892,4011,1367184609
3735,4078,1367185058
4078,3735,1367185238
4181,3820,1367186265
3820,4181,1367186369
3735,4103,1367187456
4103,3735,1367187610
3735,4185,1367188535
4185,3735,1367189656
1334,3735,1367190715
3735,1334,1367190825
1289,3593,1367190928
4158,1334,1367193326
4158,1810,1367194615
3642,1810,1367195688
2296,1810,1367195728
3904,4186,1367209906
4186,3904,1367209999
35,3102,1367219994
3849,3099,1367227759
1217,4152,1367230838
4152,1217,1367231220
3219,4187,1367240913
2625,3219,1367241582
3219,2625,1367241593
4188,4107,1367245397
4107,4188,1367245768
1018,17,1367246548
17,1018,1367246589
135,1352,1367247997
135,330,1367248063
330,135,1367248253
4172,3904,1367248869
3219,3335,1367249338
3335,3219,1367249442
1018,4098,1367250220
1018,3916,1367255299
3916,1018,1367255342
4188,4179,1367256907
1810,3916,1367259111
3916,1810,1367259775
3826,4179,1367260491
2897,4191,1367261680
4191,2897,1367261765
2396,3531,1367261947
3828,4184,1367265603
2396,3828,1367265616
3828,2396,1367265625
4184,3828,1367265705
3422,3519,1367267902
3649,4078,1367269682
4078,3649,1367269765
2763,1334,1367271227
1334,2625,1367271413
2763,2127,1367271441
2625,1764,1367271732
1764,2625,1367271996
4098,1018,1367275216
3904,3404,1367276085
1502,4172,1367276552
3904,3649,1367276669
4075,3319,1367279661
3319,4075,1367279923
3828,905,1367286914
3923,13,1367292820
13,3923,1367292822
2344,160,1367296302
160,2344,1367296346
3735,4169,1367296753
4169,3735,1367296864
3470,3129,1367298114
3593,4086,1367302224
905,4192,1367305022
4172,1502,1367306495
2344,4192,1367306597
4192,2344,1367310646
1217,4190,1367312790
4190,1217,1367312898
4122,4172,1367317816
3519,3422,1367328333
2755,29,1367329099
2897,2110,1367329567
2110,2897,1367329996
3892,2897,1367336662
4184,3735,1367337778
4075,3539,1367339650
3539,4075,1367339714
4184,3988,1367341121
3512,4075,1367341263
4172,4122,1367342843
2897,2901,1367344867
4011,2296,1367348572
2296,4011,1367348620
3826,4195,1367349187
540,3000,1367349581
3000,540,1367349651
3826,3513,1367350871
1334,4075,1367351870
353,2303,1367359678
2303,353,1367359913
4098,4196,1367360746
4196,4098,1367360749
4172,2710,1367361881
2710,4172,1367361941
4181,4125,1367363690
4125,4181,1367363754
4163,1689,1367369681
3810,2296,1367371516
3735,1689,1367372260
1689,3735,1367372265
4184,4198,1367372869
4198,905,1367372882
4198,4184,1367372937
1352,2004,1367373151
2004,1352,1367373374
905,4184,1367373733
905,4198,1367373761
2303,2266,1367374392
3003,2642,1367376640
4159,2642,1367378315
2642,4159,1367378364
3923,3735,1367379308
3735,3923,1367379436
4113,3735,1367381046
3735,4113,1367381147
3735,4199,1367381802
3735,4088,1367382644
4088,3735,1367382880
3735,1832,1367382908
1832,3735,1367383521
1316,146,1367384391
2388,3724,1367384924
1316,1396,1367384980
4199,3735,1367388812
905,2351,1367389812
2351,905,1367393468
3916,3000,1367395230
3000,3916,1367395242
3916,35,1367396479
3916,2392,1367398376
2392,3916,1367398548
2284,4179,1367400137
2901,2296,1367405588
3988,4200,1367411974
4200,3988,1367412214
3406,1018,1367417189
4170,1018,1367417408
2306,2344,1367420142
2344,2306,1367420307
2344,2266,1367420611
2306,2266,1367420739
3319,2266,1367420814
2344,1352,1367422409
1281,545,1367426406
13,3642,1367427021
3642,13,1367427108
4163,3923,1367436619
3353,4201,1367438580
4201,3353,1367438678
3335,363,1367439418
363,3335,1367439503
3828,4166,1367440194
4166,3828,1367440375
1018,4078,1367440832
4078,230,1367440876
1810,4138,1367441848
4172,4202,1367443266
4202,4172,1367443304
1334,4203,1367444467
4203,1334,1367444497
4172,4201,1367446233
4201,4172,1367446301
3916,4163,1367448353
4163,3916,1367448625
2635,4204,1367449857
1899,13,1367450806
13,1899,1367450998
1334,13,1367451494
1731,1899,1367452476
1899,1731,1367452576
2187,6,1367453917
4205,2388,1367462155
2388,4205,1367462666
1612,2728,1367463070
4205,3982,1367463603
4169,4206,1367465921
4206,4169,1367466018
3549,4181,1367467361
4181,3549,1367467366
3465,1832,1367468830
1832,3465,1367469065
4198,4206,1367469712
4206,4198,1367469856
4181,4198,1367470994
4198,4181,1367471558
3916,1612,1367478592
1612,3916,1367478596
13,4124,1367483797
4124,13,1367483999
4124,905,1367484120
3988,3319,1367497910
3319,3988,1367497937
2378,3642,1367509202
3642,2378,1367509224
4172,3892,1367517209
585,4202,1367518273
4169,1879,1367518340
1879,4169,1367518378
4202,585,1367518984
1879,4172,1367520063
4206,35,1367520324
3056,2642,1367523208
3103,2028,1367523785
4172,1879,1367524601
1565,4206,1367526814
4206,1565,1367526901
3715,3988,1367529799
3916,4169,1367530000
4169,3916,1367530071
1810,3343,1367530649
1810,4208,1367530694
4208,1810,1367530810
4198,4004,1367530967
3988,3715,1367531737
4197,2642,1367531971
4174,4179,1367535641
3120,13,1367541048
13,3120,1367541253
3120,4206,1367542472
4206,3120,1367542560
3735,4209,1367543889
4209,3735,1367543970
2325,3735,1367544093
3735,4210,1367544132
3735,2325,1367544183
4210,3735,1367544273
3735,4211,1367545101
3735,4212,1367545227
4212,3735,1367545261
3735,3429,1367545751
3429,3735,1367545763
4163,4210,1367547324
4210,4163,1367547334
2397,4213,1367549201
4213,2397,1367549242
1,1508,1367549394
4210,35,1367560396
905,2110,1367560761
2110,905,1367560804
4210,2110,1367561939
2110,4210,1367562360
3916,2110,1367564431
4174,3935,1367571541
3018,3903,1367573521
3018,4204,1367574740
1755,4215,1367582323
3353,4042,1367586127
4204,3018,1367586695
2777,3649,1367596160
3545,3404,1367597062
3404,3545,1367597160
3404,3904,1367597442
3598,2498,1367599106
4203,2498,1367599125
342,2498,1367599131
3646,3470,1367600928
2642,3214,1367602067
3214,2642,1367602084
2642,4197,1367602132
35,4216,1367603317
35,4113,1367603331
2642,3646,1367604129
3646,2642,1367604131
2067,3574,1367607989
3574,2067,1367608392
4215,1755,1367609474
4127,35,1367611816
3646,3916,1367614895
4169,3328,1367614940
3916,3646,1367614967
3470,3646,1367615243
3465,13,1367637187
13,3465,1367637209
3766,4175,1367657604
4042,3353,1367661888
3781,2045,1367672938
3781,3660,1367672959
3781,4154,1367673048
3781,3828,1367673132
3781,3910,1367673158
13,910,1367676025
910,13,1367676265
3766,3018,1367679287
3766,3260,1367679328
3646,4149,1367690687
4149,3646,1367690689
2187,3744,1367691824
3018,3766,1367691865
3735,2187,1367692409
2187,3735,1367692411
3735,4217,1367696225
4169,146,1367698414
4155,3781,1367698754
3781,4155,1367699360
3735,4172,1367700266
4172,3735,1367700283
2861,3723,1367700492
4172,4218,1367702056
4218,4172,1367702217
1639,4203,1367704158
4203,1639,1367704231
4172,1629,1367704542
1548,1764,1367704826
3735,1755,1367708483
1639,3828,1367708813
1755,3735,1367708904
3735,4219,1367708926
4219,3735,1367709014
4209,4172,1367710423
4172,4209,1367710436
3735,4220,1367712730
4220,3735,1367714054
3735,4198,1367714077
4198,3735,1367714093
1639,3926,1367714313
3926,1639,1367714392
3465,3735,1367716067
3735,3465,1367716148
3916,4184,1367740457
4184,3916,1367740551
35,3916,1367741554
35,4221,1367741568
35,4206,1367741581
3353,4055,1367743466
1752,3921,1367776605
1752,4224,1367776611
2625,2876,1367780175
2876,2625,1367780560
2512,13,1367781134
4038,3642,1367781634
1612,3750,1367781767
3642,4038,1367783446
4038,2431,1367783745
3916,4137,1367786283
2642,3926,1367792892
3642,4226,1367795771
4226,3642,1367796400
3735,1899,1367797922
1899,3735,1367798035
361,2028,1367800496
361,2214,1367800564
1334,2214,1367800624
4137,3916,1367806571
3735,1612,1367806686
1612,3735,1367806690
1916,3735,1367808830
3735,1916,1367808888
3735,4227,1367811620
4227,3735,1367811707
3023,4214,1367813973
4214,3023,1367814059
4198,3828,1367816091
3828,4198,1367816098
57,4214,1367817078
4214,57,1367817189
4198,202,1367817303
202,4198,1367817338
1363,3314,1367819453
1363,3193,1367819495
3828,3646,1367821088
3646,3828,1367821109
905,2897,1367835172
19,3029,1367853692
3820,3981,1367854242
3981,3820,1367854302
19,3744,1367855145
1018,3143,1367856779
1018,4228,1367857158
4055,3353,1367861314
3547,4229,1367864835
3547,4230,1367864883
3976,3001,1367868663
3001,3976,1367868781
3801,3273,1367869375
4163,3743,1367869602
4197,4231,1367870218
1947,1697,1367882394
4187,3219,1367889889
2042,4232,1367890127
1719,905,1367890132
1719,2198,1367890192
3488,4233,1367895979
3926,4225,1367898058
3488,4234,1367898389
4234,3488,1367898456
4225,3926,1367899128
4230,3547,1367899650
4230,4229,1367899694
3926,3746,1367900473
3746,3926,1367900476
4038,4211,1367901044
4038,4235,1367901199
4235,4038,1367901215
4235,4212,1367902201
2642,2839,1367903306
2839,2642,1367903528
3000,3465,1367903681
3465,3000,1367903686
4038,3451,1367904949
3735,4167,1367905065
3451,4038,1367905534
3746,3433,1367905665
4167,3735,1367905746
4205,535,1367906239
3451,4236,1367910408
4236,3451,1367910562
4236,4030,1367916786
3353,3189,1367919420
3189,3353,1367919487
4107,3561,1367925181
3600,1159,1367936403
1159,3600,1367937353
4217,4237,1367942240
2201,1802,1367944625
1802,1565,1367944625
1802,4198,1367944678
4197,4217,1367945364
1565,1719,1367947096
4217,4197,1367949232
3820,4217,1367949792
4217,3820,1367949795
4217,3735,1367949944
4237,4217,1367953400
2063,4236,1367955932
4236,2063,1367956038
4197,3574,1367956361
3574,4197,1367956478
1802,2897,1367962157
4203,2897,1367962202
2642,3887,1367963657
13,3649,1367964256
3649,13,1367964274
4097,4179,1367967284
1967,545,1367972796
1201,4238,1367976635
3735,2822,1367978077
2822,3735,1367978183
3830,3735,1367981030
3735,3830,1367981216
3735,4236,1367982185
4236,3735,1367982366
2296,1819,1367983794
905,2296,1367984506
3735,1227,1367987365
1227,3735,1367987569
4236,2262,1367989847
3988,640,1367990764
640,3988,1367991202
4236,4238,1367994914
4236,640,1367996440
3988,4239,1367996460
4239,3988,1367996686
640,4236,1367997612
3642,4240,1367999927
4240,3642,1367999991
2388,4236,1368002763
4238,4236,1368005166
2262,4236,1368017626
1217,1998,1368025972
1998,1217,1368026008
4142,2642,1368031331
2897,2625,1368034854
3723,3642,1368039225
3642,3723,1368039292
3451,1612,1368041385
1612,3451,1368041467
3527,4241,1368046336
4204,3522,1368050183
4204,4179,1368050270
3501,4172,1368050972
4172,4204,1368051349
1810,4242,1368056115
3926,1528,1368058596
1528,3926,1368058815
2876,2050,1368059680
2050,2876,1368059701
3781,2839,1368061257
2839,3781,1368061286
2839,13,1368062296
13,2839,1368062329
3465,929,1368067585
1098,4243,1368077062
1810,4244,1368078878
4244,3600,1368078904
4244,1810,1368078937
4244,1334,1368079077
3988,1689,1368079692
1689,3988,1368079712
4243,1098,1368083541
2777,1612,1368096991
3451,4217,1368101961
4217,3451,1368102351
3781,1565,1368109593
1565,3781,1368109667
35,4210,1368110359
1810,4245,1368111847
4245,1810,1368112304
4245,3813,1368112432
3813,4245,1368114707
4098,3898,1368115218
1018,4246,1368116399
4246,230,1368117042
4236,4217,1368118095
4217,4236,1368118195
4204,3776,1368122472
4204,3260,1368122542
3600,2642,1368122744
3600,4244,1368122808
2642,3600,1368123269
446,3744,1368125415
446,905,1368126064
1334,4244,1368126623
905,446,1368126694
4217,4250,1368128883
4250,4217,1368129023
4163,4251,1368137785
4204,4251,1368138053
3649,4251,1368141068
57,3465,1368148103
4163,3545,1368149833
135,3545,1368149847
3545,135,1368149878
3545,4253,1368149912
4163,395,1368150039
395,3545,1368150179
135,4163,1368150365
135,395,1368150392
342,135,1368150406
395,135,1368150418
135,342,1368150430
4214,3916,1368150450
3916,4214,1368150451
4231,3600,1368152335
4253,3545,1368154110
2296,21,1368159067
4244,21,1368159948
35,4251,1368179309
135,4251,1368180260
3878,3487,1368180369
3487,3878,1368180481
3828,4213,1368181175
4213,3828,1368181340
4249,4251,1368182356
3642,25,1368190485
2876,2125,1368203645
2125,2876,1368203656
3976,3820,1368210402
3820,3976,1368210437
3976,4255,1368211672
4255,3976,1368211734
4086,3593,1368214464
4086,4157,1368214555
3820,4236,1368216036
4236,3820,1368216093
171,2777,1368216739
3981,1018,1368217065
1018,3981,1368217761
2777,171,1368219057
1018,2388,1368219302
2388,1018,1368220000
13,4236,1368225412
4236,13,1368225623
3735,4256,1368229565
4256,3735,1368229859
4229,4230,1368230237
4229,3547,1368230305
4236,3854,1368230734
3735,1674,1368233276
3854,4236,1368233299
1674,3735,1368233405
4236,2388,1368233457
3488,4236,1368233881
2167,4257,1368239316
4236,2839,1368239361
2839,4236,1368239415
4163,2080,1368249548
2296,2080,1368249957
2296,2897,1368265964
4174,3527,1368275147
3527,4174,1368275737
3642,3649,1368283423
2296,1675,1368336403
3828,2296,1368336499
1810,1675,1368341943
4244,4259,1368347126
4259,4244,1368347213
1217,39,1368357597
1217,415,1368357675
1352,2344,1368362420
415,1217,1368362853
3527,4261,1368365862
4261,3527,1368370489
2296,1562,1368419884
2512,2164,1368420051
2296,640,1368421610
640,2296,1368421898
4197,4262,1368427935
4262,4197,1368428048
39,1217,1368428839
2296,571,1368430966
2635,4107,1368433289
436,4107,1368445941
4172,4263,1368458409
4263,4172,1368458476
3820,4264,1368460100
4264,3820,1368460226
3531,3600,1368463543
2125,3887,1368463843
3887,2125,1368464083
4257,2167,1368464803
3649,2028,1368474562
3719,3976,1368475371
4119,905,1368475475
3976,2552,1368475765
2552,3976,1368475858
4264,13,1368477062
13,4264,1368477062
13,3405,1368477945
3976,3405,1368478007
3405,3976,1368478022
4236,2164,1368478171
3405,13,1368478226
3223,3642,1368478369
3642,3223,1368480104
3527,4265,1368485861
4265,3527,1368486010
3976,2176,1368491100
2176,3976,1368491367
3642,4266,1368492297
3642,4267,1368492311
4266,3642,1368492356
3342,3219,1368496759
3916,4103,1368499942
4103,3916,1368500020
4233,3488,1368501947
13,2512,1368502070
1508,446,1368510494
446,1508,1368510518
3916,4268,1368523119
4268,3916,1368523218
2642,4269,1368526509
3451,4269,1368526520
3719,4038,1368539201
4038,3719,1368539214
4238,3445,1368542051
4197,4084,1368546990
4236,4227,1368547559
4227,4236,1368547594
4084,4197,1368549894
4176,1018,1368550210
1018,4176,1368550244
3976,3168,1368552907
3168,3976,1368552908
4267,3642,1368553781
4084,4185,1368554348
4185,4084,1368556756
3923,3552,1368557520
546,3926,1368558374
1334,3923,1368558612
3923,4167,1368562088
3982,4205,1368562503
4167,3923,1368563178
4172,4270,1368565987
4172,4139,1368568900
4139,4172,1368569018
3656,3719,1368571378
3719,3656,1368571413
3598,4267,1368573319
4267,3598,1368573400
4231,3719,1368573734
2351,1377,1368575858
2388,3341,1368586126
4197,4271,1368593380
4271,4197,1368593563
2839,3649,1368598036
3649,2839,1368598062
3916,2472,1368608707
2472,3916,1368609032
4107,4265,1368617187
4265,4107,1368617201
4204,3513,1368623398
1396,1565,1368626004
2861,3642,1368627413
3600,1334,1368646283
3916,4274,1368647894
4274,3916,1368647925
3916,4114,1368650361
4114,3916,1368650505
135,4275,1368652590
1363,4275,1368652725
905,4163,1368654384
4197,3976,1368658982
2642,4189,1368661779
3828,4258,1368664683
4258,3828,1368664765
3916,4276,1368664770
4276,3916,1368664870
3598,4235,1368667008
4235,3598,1368667025
3904,3598,1368668197
3598,3904,1368668210
4236,4252,1368670738
4252,4236,1368673983
3904,3681,1368674413
3681,3904,1368674546
4252,4277,1368674714
4277,4252,1368674754
2296,4275,1368676551
2296,4278,1368681695
4278,2296,1368681741
4278,4279,1368681782
3828,3699,1368683274
3699,3828,1368683381
2188,4280,1368690042
4280,2188,1368690794
3397,493,1368696159
4107,436,1368697548
2635,3527,1368708748
3527,2635,1368709558
4017,35,1368712078
4172,4265,1368715476
1018,4282,1368716036
4282,1018,1368716062
3600,3656,1368718411
3926,2642,1368718451
4265,4172,1368719114
3630,3656,1368720087
4283,35,1368727378
4176,2625,1368727531
4281,4135,1368729852
3904,2977,1368730568
2977,3904,1368730619
1565,4284,1368733261
4284,1565,1368733374
1629,4172,1368734358
4174,4285,1368737076
872,35,1368738128
35,872,1368738149
493,3397,1368739063
1670,3397,1368740950
3397,1670,1368741031
2110,3916,1368742030
1565,115,1368744057
905,304,1368745090
1612,4267,1368745824
4267,1612,1368745865
304,4098,1368745958
4172,4280,1368747269
4280,4172,1368747458
4098,3723,1368756979
3723,4098,1368757197
3916,2987,1368758928
2987,3916,1368758948
3699,1764,1368763470
905,4286,1368764694
2942,2125,1368772424
238,4172,1368788533
4172,238,1368788561
3214,2165,1368798011
4283,4281,1368799630
4281,4283,1368799721
3719,2319,1368807373
215,1565,1368807379
3649,1629,1368808443
1629,3649,1368808521
1922,4179,1368860258
4279,4278,1368860783
4283,4287,1368860797
4287,4283,1368860892
35,4283,1368869417
215,3744,1368877059
4163,3547,1368883442
3630,3408,1368885526
3408,3630,1368885560
4266,4288,1368892957
4266,3260,1368892978
4266,4289,1368893595
3018,2635,1368894314
1810,3185,1368910780
3185,1810,1368910810
3545,4291,1368911113
13,2125,1368912751
361,4292,1368916680
4292,361,1368916746
4283,3719,1368917592
3719,4283,1368917685
4172,3767,1368918883
3767,4172,1368918976
3185,13,1368921327
13,3185,1368921333
3223,3699,1368926397
3699,3223,1368926441
3916,3185,1368932000
3185,3916,1368932010
353,57,1368935531
57,353,1368935609
4291,3545,1368936244
37,3018,1368959169
3630,4172,1368970881
13,2618,1368982913
4284,1334,1368986716
4136,3735,1368989694
3816,2404,1368992266
2404,3816,1368992420
2404,4284,1368992854
4284,2404,1368992984
2404,3545,1368993408
3545,2404,1368993429
3699,4293,1368994775
4293,3699,1368994957
35,4294,1368998468
4294,35,1368998651
3237,4295,1368999947
4295,3237,1369000181
4172,3535,1369000332
3535,4172,1369000361
4296,4107,1369002140
4107,4296,1369002157
4296,3971,1369002565
4287,3404,1369009854
3404,4287,1369009906
3823,476,1369010156
1670,4266,1369012036
4266,1670,1369012110
4163,4297,1369014726
2296,3449,1369015007
4146,1018,1369022252
4197,4287,1369025886
4287,4197,1369025954
2388,4298,1369038909
2167,4238,1369043621
4238,2167,1369044535
4107,3872,1369047656
3018,4299,1369052706
4299,3018,1369052957
4247,230,1369063531
550,57,1369065581
57,550,1369065669
2397,57,1369065919
57,2397,1369065938
3926,546,1369068075
1565,1802,1369068390
1810,3465,1369077663
3980,4197,1369077972
4197,3980,1369077981
35,4300,1369079283
3630,4266,1369079306
1612,3630,1369080163
3630,1612,1369080205
3630,3892,1369081174
2819,1810,1369083054
1810,2819,1369083484
1508,2473,1369086756
2473,1508,1369086986
13,4301,1369089100
4301,13,1369089252
2262,4197,1369092129
4197,2262,1369092173
4291,3392,1369093776
3392,4291,1369093824
4297,1809,1369096172
3980,3013,1369098214
3237,2642,1369107787
4266,3630,1369107821
3237,3630,1369107849
4266,2642,1369107917
4172,3630,1369116489
4266,3252,1369125926
1629,4302,1369144632
4302,1629,1369144919
1318,3445,1369144978
1629,3744,1369145289
4163,2142,1369147025
4163,230,1369147397
4163,4119,1369148343
2948,1352,1369150735
4172,4303,1369157059
4303,4172,1369157069
3641,4304,1369158041
1018,4247,1369158963
35,4017,1369159435
1018,3219,1369160598
4290,2125,1369165298
2125,4176,1369174468
4305,3649,1369174921
1991,2642,1369176945
2642,1991,1369177074
3598,3875,1369177823
4107,4306,1369179366
4306,4107,1369179403
4197,4307,1369184312
4307,4197,1369184449
3875,3598,1369185024
2056,330,1369190657
3887,2642,1369190836
4290,3699,1369191068
3445,1318,1369194677
2642,4309,1369194742
3445,3547,1369194799
3445,1154,1369195220
3445,4,1369195252
3445,4310,1369195261
3445,4311,1369195273
4222,1185,1369195342
3445,13,1369195346
1318,1185,1369195422
3445,1185,1369195582
353,905,1369214427
905,353,1369214574
3000,3545,1369225512
3545,3000,1369225536
546,3750,1369240888
3750,546,1369240933
2397,2110,1369243140
2110,2397,1369243270
4197,4312,1369246914
4312,4197,1369246977
4197,2958,1369250216
2958,4197,1369250270
3545,1565,1369256352
1565,3545,1369256556
3237,4313,1369262174
4313,3237,1369262204
2269,2125,1369265984
1953,4314,1369266941
4314,1953,1369266948
3916,3389,1369268072
3389,3916,1369268098
3699,4290,1369269206
4198,3916,1369274905
3916,4198,1369275008
3916,3217,1369281121
3217,3916,1369281254
2125,2269,1369282677
3699,4254,1369286634
4222,4315,1369296960
3445,455,1369300456
3445,135,1369300509
3445,3366,1369300605
4107,4316,1369307645
4316,4107,1369311282
1953,4107,1369316949
4107,1953,1369317053
3904,4172,1369320424
732,3904,1369323489
3904,732,1369323550
2113,4317,1369328721
4317,2113,1369329634
3445,3543,1369330808
1810,3904,1369334684
1565,3572,1369334787
3904,1810,1369334971
3445,3572,1369335369
4236,3904,1369336686
4266,3986,1369336964
3018,37,1369337024
3018,2913,1369337040
3018,3207,1369337066
3404,4318,1369337277
4318,3404,1369337335
3976,3904,1369339681
3904,4236,1369340676
3904,3976,1369340761
3976,1744,1369342279
3018,4319,1369342407
1565,3976,1369342428
4319,3018,1369342578
4139,3976,1369348085
3976,4139,1369348102
4139,4279,1369348102
35,4320,1369350943
1810,3020,1369353369
4198,4197,1369353373
4227,4321,1369382346
4321,4227,1369382397
4172,3854,1369386950
3854,4172,1369389499
3018,3744,1369407903
216,1953,1369413732
3578,1832,1369414562
1832,3578,1369414687
3214,3219,1369414931
3219,3214,1369415311
1953,4323,1369422252
3129,3995,1369424242
3916,4273,1369424824
1639,4324,1369424866
4273,3916,1369424884
3916,280,1369425704
280,3916,1369425863
2635,4325,1369429080
3719,3465,1369430257
3465,3719,1369430297
3000,905,1369434594
905,3000,1369434612
4320,35,1369438369
4107,4279,1369444378
3649,4305,1369448287
3330,4326,1369458967
4197,3923,1369459581
3923,4197,1369459585
3916,3321,1369460494
3321,3916,1369460535
3916,3699,1369461532
3699,3916,1369461578
13,3397,1369462915
1098,493,1369469892
1098,3397,1369469900
1098,1670,1369469935
3397,1098,1369470667
3397,13,1369470714
4172,4238,1369488450
4238,4172,1369488566
4238,4327,1369491906
4327,4238,1369492077
4172,3534,1369497979
1334,4238,1369505805
4238,1334,1369505833
1334,2763,1369505979
4172,2928,1369507487
2928,4172,1369507541
2296,2125,1369508111
3699,4328,1369511291
4328,3699,1369511625
2244,4329,1369514460
4329,2244,1369514582
3545,1612,1369514820
1612,3545,1369514888
3980,4008,1369521858
3527,4330,1369522758
4330,3527,1369522806
4172,3370,1369524067
3370,4172,1369524585
3830,4266,1369534359
2244,6,1369537022
135,6,1369537384
4266,3830,1369539505
4131,2388,1369542389
2388,4131,1369542588
1098,4331,1369544491
4331,1098,1369545069
4197,4333,1369546688
4333,4197,1369546725
905,4334,1369557528
4334,905,1369557598
2244,1,1369569288
2244,4335,1369573215
4335,2244,1369573228
4172,2498,1369583448
2125,4279,1369585392
3659,25,1369588812
4320,3820,1369595826
905,4238,1369598389
4238,905,1369598437
35,4274,1369599106
3699,215,1369604620
215,3699,1369604661
2642,3916,1369606667
3916,2642,1369606717
3699,4337,1369612262
4337,3699,1369612483
2943,2125,1369623185
3916,3105,1369638110
3105,3916,1369638176
3892,3630,1369650848
353,1502,1369661822
1502,353,1369661945
4231,4302,1369662135
4302,4231,1369662222
3003,4172,1369665653
4172,3003,1369665666
3820,4339,1369665688
3820,4302,1369667384
4302,3820,1369667454
481,3892,1369667717
3018,4266,1369675288
3018,3527,1369675308
4330,3018,1369675849
3018,4330,1369675929
3820,4342,1369676733
4342,3820,1369676754
1922,3018,1369676962
4119,2125,1369677137
4207,4204,1369682497
4204,4207,1369682536
3219,2763,1369690152
13,4238,1369690483
4238,13,1369690504
35,4343,1369690522
4344,3649,1369710305
2404,4345,1369717835
4345,2404,1369717885
2388,4346,1369724055
3593,1948,1369724626
4346,2388,1369725617
4172,4347,1369728522
4347,4172,1369728770
905,4075,1369734147
1948,3593,1369734730
4238,4348,1369737140
35,4349,1369740039
3649,4344,1369756530
1565,96,1369757245
1272,3820,1369758927
3820,1272,1369758937
4348,4238,1369760547
2012,3820,1369761061
3820,2012,1369761115
3345,2125,1369763173
4336,3820,1369770105
3820,4336,1369770146
1334,4197,1369770840
4197,1334,1369770876
1334,3600,1369771074
481,1334,1369771567
1334,481,1369771602
3916,1508,1369778609
1508,3916,1369779041
2050,4290,1369779422
3719,4290,1369779938
3489,35,1369790503
3916,3926,1369792450
3926,3916,1369792479
2942,4136,1369794304
4136,2942,1369794304
3916,540,1369794846
540,3916,1369794871
2110,4350,1369794892
4350,2110,1369794898
2942,4351,1369797833
2125,2943,1369797962
4339,3820,1369801861
4323,1953,1369806057
1508,280,1369820631
4172,1257,1369822323
2296,1257,1369823788
1185,4352,1369830966
1953,2731,1369832905
2731,1953,1369832955
4281,3820,1369835581
4331,4131,1369839537
4172,4339,1369842559
4339,4172,1369842643
2397,4283,1369842878
3719,3600,1369853580
3719,4353,1369855142
4353,3719,1369855254
4086,3366,1369855486
4231,4197,1369856733
4231,3319,1369856757
1629,3904,1369857587
3904,1629,1369857636
1629,4354,1369858449
4354,1629,1369859497
3490,4354,1369860132
1508,3820,1369864472
3656,3600,1369864536
13,6,1369868288
3699,4355,1369873921
4355,3699,1369874141
4238,4356,1369879237
1201,4356,1369879339
4238,1747,1369879561
13,135,1369882386
135,4350,1369882500
4348,4356,1369882749
13,2028,1369885030
4297,2726,1369887813
4339,1689,1369888049
1689,4339,1369888094
4266,4088,1369889472
4088,4266,1369889689
4266,1272,1369889896
1272,4266,1369889906
2763,3219,1369895187
35,2313,1369904352
3884,3018,1369908061
3018,3884,1369908115
3129,3018,1369920843
3129,1217,1369920874
3916,4269,1369982943
4269,3916,1369983068
35,4360,1369985724
353,4361,1369988366
4361,353,1369988439
4343,35,1369988781
905,4360,1369989306
4360,905,1369989648
4360,35,1369993575
3904,3695,1370001741
3695,3904,1370001765
2296,1792,1370007553
2045,1792,1370007595
2165,1792,1370007891
2045,4362,1370008926
4354,3490,1370014406
905,4331,1370019525
4331,905,1370019570
4350,4197,1370022427
3699,4235,1370029225
3600,1810,1370031493
2942,3699,1370031500
3916,25,1370032280
547,25,1370032323
3531,4197,1370035366
4197,3531,1370035815
3578,4124,1370037445
4124,3578,1370037994
3578,3764,1370038957
3764,3578,1370039017
361,2835,1370039903
4172,3820,1370041047
3820,4172,1370041379
4176,2125,1370045118
2397,2388,1370045150
4107,3854,1370046968
3854,4107,1370047327
2388,2397,1370048607
3820,4320,1370050262
3916,4266,1370054600
3916,4136,1370056169
4136,3916,1370056191
4266,3916,1370056397
4266,4364,1370056483
4331,1832,1370058159
1832,4331,1370058528
1508,4365,1370061156
3429,3020,1370066174
1991,4334,1370073725
1991,3429,1370074753
3429,1991,1370074773
3723,1403,1370099570
4231,35,1370119247
35,4231,1370119924
1899,1018,1370135270
4331,3545,1370137363
3545,499,1370137583
363,2028,1370137664
363,1383,1370137762
3916,4048,1370138911
4048,3916,1370138951
1810,3531,1370139246
3531,1810,1370139290
3429,4366,1370155334
4366,3429,1370155512
2958,4363,1370158123
4363,2958,1370158181
2942,4219,1370160724
2835,4284,1370162832
4284,2835,1370162990
4172,2125,1370165058
2777,4367,1370175128
2244,4368,1370179452
4368,2244,1370179459
3764,3892,1370194914
3892,3764,1370194924
1947,4369,1370196279
4367,2777,1370197295
4300,3820,1370197415
3820,4300,1370197446
3020,3429,1370201199
3020,1018,1370201688
2388,3020,1370201704
3020,2388,1370201734
3020,1810,1370201802
3020,2642,1370202443
3020,4172,1370206572
3916,3020,1370206638
3020,3916,1370206730
546,4334,1370224288
4334,546,1370224368
3916,3531,1370225376
3531,3916,1370225415
546,3841,1370228615
3841,546,1370228708
3916,446,1370229948
446,3916,1370229949
3719,13,1370230791
3916,2767,1370245974
2767,3916,1370245978
1991,4088,1370248845
4088,1991,1370249042
4174,4266,1370250854
1810,2777,1370260923
4369,1947,1370262993
1018,4371,1370280655
4371,1018,1370280754
4302,2188,1370282947
2397,4287,1370288645
4287,2397,1370288751
4266,4372,1370288835
2404,3746,1370290228
274,3656,1370292011
2942,3531,1370295507
4107,4097,1370296490
353,2642,1370297506
2942,4295,1370298724
4295,2942,1370298787
3531,3764,1370304763
3764,3531,1370304781
3656,274,1370306426
3345,538,1370310787
330,2056,1370311313
171,3023,1370314282
1403,3723,1370314514
625,4363,1370315814
4363,625,1370315861
4197,2404,1370318228
2404,4197,1370318409
4297,1201,1370324379
3916,4370,1370325857
4269,2167,1370327309
2167,4269,1370331112
13,4360,1370333286
4244,280,1370333858
280,4244,1370334090
202,280,1370335783
280,202,1370337172
36,35,1370342155
35,4364,1370344686
35,4373,1370344698
4235,4211,1370345069
4370,3916,1370347153
3723,4279,1370349298
905,1529,1370350580
3815,3719,1370353656
1018,4235,1370356379
4235,1018,1370356390
3815,1916,1370359834
1916,3815,1370360023
2266,3821,1370362136
3821,2266,1370362663
3821,2642,1370362794
3820,4281,1370365286
2942,353,1370367130
4197,3143,1370368888
353,4366,1370370229
4366,353,1370370286
4228,4197,1370370297
4248,1018,1370374324
538,3345,1370382556
3916,4365,1370390633
4197,4228,1370392694
3916,4374,1370394235
4374,3916,1370394375
1832,3699,1370394690
3699,1832,1370394725
4197,4375,1370396930
2642,3815,1370399051
4297,2167,1370399290
2167,4297,1370399595
2388,3600,1370402366
280,1508,1370403608
2942,4376,1370406128
4376,2942,1370406234
4297,2125,1370408353
3820,4377,1370410241
4377,3820,1370410263
3545,13,1370415228
13,3545,1370415516
2167,4378,1370430562
4378,2167,1370431738
3649,2642,1370470080
3781,4331,1370470729
4172,4235,1370472146
4235,4172,1370472245
2642,4379,1370473897
3161,4379,1370474073
4379,3161,1370474089
4363,3830,1370484463
4284,4381,1370487695
4381,4284,1370488437
4331,3781,1370490108
1201,4297,1370490389
4350,2642,1370490839
3916,4382,1370512440
4325,4179,1370520342
4325,4188,1370520464
4325,4359,1370520532
4325,3260,1370520608
4375,4197,1370522143
4375,2642,1370522164
4375,4383,1370525432
4354,4172,1370526210
4172,4354,1370526256
3404,4384,1370528931
4384,3404,1370529005
4360,13,1370531726
4300,4385,1370534845
4385,4300,1370534911
2642,4375,1370536647
3465,2028,1370538463
4291,3531,1370541979
353,3465,1370542130
3465,353,1370542184
3649,3465,1370542409
3649,1912,1370543558
1912,3649,1370543616
3465,3815,1370544087
3719,3815,1370544198
3600,3815,1370544621
3830,4363,1370546371
3830,3129,1370546497
1334,3815,1370547021
2063,2642,1370547833
3719,2388,1370548979
3600,2388,1370548993
3465,3600,1370549387
3600,3465,1370549428
2642,2063,1370552088
710,4386,1370554410
4386,710,1370554720
710,2158,1370554990
1403,2296,1370563207
4214,1744,1370567339
2296,4387,1370574763
4387,2296,1370575767
4382,3916,1370577783
4172,4131,1370601802
35,4381,1370603770
4107,4031,1370609311
4031,4107,1370609403
3719,4273,1370631922
4273,3719,1370631959
4031,4388,1370635318
4388,4031,1370635383
3107,3595,1370640104
3704,4060,1370644873
4350,4172,1370647411
4389,4172,1370650119
2642,4283,1370654934
2244,4390,1370655371
4390,2244,1370655393
2642,2067,1370661237
2067,2642,1370661296
2642,4391,1370663582
4391,2642,1370663613
3107,4380,1370664400
3764,3669,1370664413
4380,3107,1370664524
3916,3649,1370666795
3649,3916,1370666819
3916,2167,1370670557
2167,3916,1370670638
3724,4392,1370671334
4038,2777,1370682177
2777,4038,1370682187
4325,2635,1370688509
4354,4393,1370698160
4304,2244,1370699277
2244,4304,1370700313
3892,4388,1370700339
4388,3892,1370700443
4266,3971,1370704445
3892,4394,1370715208
4394,3892,1370715525
1334,3107,1370716910
1334,4395,1370717667
4395,4396,1370718537
4396,4395,1370720238
3892,4397,1370722422
4397,3892,1370722998
3018,4398,1370725481
4398,3018,1370725776
4398,4330,1370725865
4398,4399,1370725934
4398,4266,1370726043
4398,3513,1370726131
4266,4398,1370726529
280,3815,1370728376
4330,4398,1370731743
3490,4393,1370740885
4393,2642,1370748365
2642,4393,1370748413
3815,280,1370748722
2642,4401,1370749275
4401,2642,1370749301
2642,4350,1370750011
3815,4350,1370751584
1528,4350,1370753601
3815,2262,1370753682
2262,3815,1370753807
4392,3724,1370756859
3916,4350,1370757701
4403,4315,1370760386
3107,4350,1370761542
3161,2835,1370764642
2835,3161,1370764752
4315,4392,1370765317
4392,4315,1370765319
2388,4404,1370765674
3916,4404,1370765717
4339,4405,1370771091
4405,4339,1370771112
2167,4406,1370771902
4406,2167,1370773194
4405,4402,1370777500
4405,280,1370778523
280,4405,1370778906
4382,4402,1370787676
4402,4382,1370787782
1565,4350,1370795153
4172,4334,1370801323
4334,4172,1370801375
3815,4297,1370807816
4297,3815,1370807941
3649,4350,1370809585
4273,2642,1370810245
2642,4273,1370810354
4197,4350,1370810993
3107,1832,1370813273
1386,4350,1370813595
3578,2552,1370814825
4172,3107,1370815752
2552,3578,1370818259
2552,4297,1370820355
4297,2552,1370820372
3107,2642,1370821295
35,2470,1370870811
2470,35,1370871454
2470,4,1370871489
4325,3971,1370878148
4247,2125,1370881699
2125,4247,1370881755
1810,1765,1370901143
1018,3242,1370901797
1334,3293,1370902061
3242,1018,1370902204
1334,3976,1370902653
3976,1334,1370902682
2819,4197,1370906919
4197,2819,1370906955
4278,3976,1370911244
3976,4278,1370911287
3916,4363,1370916283
1916,2642,1370918000
3465,4350,1370918635
3465,3764,1370924769
3764,3465,1370924817
3465,1819,1370930046
2958,3815,1370934410
3815,2958,1370934422
2167,4172,1370939009
4172,4389,1370961729
710,1810,1370964022
4408,545,1370964828
710,342,1370965869
2045,2901,1370971611
3815,4337,1370971895
3107,4172,1370975396
2262,4172,1370976496
4031,4370,1370979965
4370,4031,1370980113
3107,4031,1370980138
4031,3107,1370980198
4370,4172,1370981355
4107,2635,1370989938
1810,3810,1370990688
3719,4410,1370991009
3345,3719,1370993491
3719,3345,1370994616
3828,3815,1370995584
3815,3828,1370995889
4232,2042,1370998681
3699,4363,1371004423
4363,3699,1371004424
1018,3107,1371008497
4315,4407,1371013568
361,546,1371015378
4407,4315,1371016530
1916,3916,1371019530
3916,1916,1371019555
3916,4231,1371021186
4231,3916,1371021229
3300,35,1371035075
4172,4350,1371037162
4107,4411,1371048771
4411,4107,1371048808
2296,1318,1371058878
1318,2296,1371059103
4204,3527,1371060793
3527,4204,1371061151
710,4412,1371064299
4412,710,1371064338
4172,3815,1371065364
4334,35,1371070869
4375,3699,1371076774
3719,4412,1371081479
4412,3719,1371081514
1334,2262,1371084580
2262,1334,1371084753
1916,3719,1371085076
3719,1916,1371085115
4163,25,1371085541
342,25,1371085803
4258,3699,1371087105
3699,4258,1371087368
3699,4375,1371087675
3699,2262,1371093237
2262,3699,1371093302
4334,2262,1371094636
2262,4334,1371094671
2296,4375,1371096402
2296,4383,1371098343
3916,664,1371100361
664,3916,1371100409
4406,4413,1371103065
4413,4406,1371103097
4385,2427,1371108061
4172,4402,1371114830
4402,4172,1371114885
1815,3744,1371116595
1565,135,1371130327
135,1565,1371130404
4172,3981,1371131594
2693,4179,1371134125
2942,4334,1371144820
4334,2942,1371144864
1899,1565,1371146545
1565,2942,1371146728
1565,1899,1371146751
2942,1565,1371146770
1565,2690,1371147116
1334,1565,1371150518
3699,2063,1371155491
2063,3699,1371155539
3699,2942,1371155672
3815,2835,1371156015
2835,3815,1371156050
4119,4414,1371166722
4414,4119,1371166837
3916,4380,1371170251
4380,3916,1371175806
4197,3441,1371184923
2600,4197,1371186296
4197,2600,1371186550
3699,2404,1371187171
2404,3699,1371187175
905,4415,1371187319
4415,905,1371187594
3441,4197,1371187621
3916,4405,1371201944
4322,3129,1371212068
4107,4322,1371215264
4322,4107,1371215786
2167,4416,1371223856
4416,2167,1371223877
2167,2942,1371225446
2942,2167,1371225466
2942,4398,1371227331
2404,2942,1371227590
4398,2942,1371227643
3897,4417,1371229390
4301,4285,1371229446
4417,3897,1371229504
4301,4330,1371229637
4285,4301,1371230639
4418,3897,1371232404
4281,4419,1371232630
4419,4281,1371232964
3916,4420,1371235012
4420,3916,1371235115
4172,3916,1371236112
3916,4172,1371236184
3897,3699,1371238109
3699,3897,1371238115
4197,4419,1371238570
4235,3699,1371238872
4419,4197,1371239271
3699,4419,1371240908
4419,3699,1371240984
3981,4172,1371241421
3719,4334,1371241761
3656,3630,1371241784
4334,3719,1371241788
4219,35,1371246568
3719,4119,1371247434
2252,1958,1371247545
4119,3719,1371247581
2296,4421,1371248456
4421,2296,1371249612
4197,4418,1371250525
4418,4197,1371250571
3699,4361,1371256266
4361,3699,1371256269
3916,4422,1371257414
4422,3916,1371257467
3916,3719,1371258630
3719,3916,1371258711
4381,35,1371263582
3719,4244,1371265128
4244,3719,1371265214
1819,3465,1371272802
3897,4423,1371277459
1810,4423,1371277709
4423,3897,1371277743
4423,1810,1371277804
3897,202,1371279577
202,3897,1371279688
4402,4424,1371298558
2167,4425,1371301613
4423,3892,1371314812
3892,4423,1371314856
4409,4402,1371323333
4402,4409,1371323382
2167,4398,1371334764
4398,2167,1371334856
4423,2404,1371335724
2404,4423,1371338033
4038,3892,1371341435
3892,4038,1371342326
4425,2167,1371346117
3593,4426,1371396133
1810,4274,1371397010
4274,1810,1371397101
2642,4336,1371399841
4336,2642,1371400497
2642,2880,1371404420
2880,2642,1371404459
2839,4427,1371404883
4427,2839,1371407061
1555,408,1371413478
408,1555,1371413514
1334,3776,1371417542
546,4353,1371418258
546,4428,1371418302
4428,546,1371418419
2784,1819,1371420010
1819,2784,1371420353
3593,4429,1371420437
4392,492,1371424769
2050,1810,1371426162
1810,2050,1371426230
4197,545,1371433077
2296,4363,1371435219
4363,2296,1371435252
4363,3916,1371436005
4172,4287,1371457754
4287,4172,1371458311
3487,2167,1371458836
2167,3487,1371458876
905,3319,1371461069
4426,3593,1371461934
2187,4172,1371461954
4172,2187,1371462150
2281,2427,1371474913
1615,2313,1371484381
4119,3531,1371484462
3531,4119,1371484525
1948,1185,1371484903
2167,4431,1371486574
4431,2167,1371486973
2942,4237,1371490008
1565,1832,1371492538
3531,4291,1371493513
4432,4433,1371494236
4433,4432,1371494476
3531,4172,1371494747
35,4435,1371498304
35,4334,1371498319
35,4219,1371498341
35,4436,1371498348
4172,4431,1371498617
4435,1565,1371499599
4431,4172,1371499962
4436,35,1371500165
2835,1159,1371500805
2626,3976,1371503377
3976,2626,1371503431
3976,4197,1371503616
4172,4098,1371504612
4098,4172,1371504718
2404,3465,1371506452
3465,2404,1371506499
57,1899,1371507329
4431,2110,1371508077
2110,4431,1371508097
114,4437,1371509522
4437,114,1371509830
4437,1334,1371509863
1810,2028,1371510502
4197,4438,1371517726
3113,2642,1371522666
2642,3113,1371522670
2642,540,1371523662
2642,4439,1371523743
540,2642,1371523798
4439,2642,1371523842
4439,3837,1371527547
3837,4439,1371527954
4411,4285,1371541068
4285,4411,1371545420
3988,4184,1371546338
3578,4360,1371562870
4360,3578,1371562982
3578,2777,1371564146
2777,3578,1371564164
1584,3578,1371565805
3578,1584,1371566057
4339,4360,1371566322
4360,4339,1371566346
3837,4419,1371571326
3916,1899,1371572261
4419,3837,1371572651
1899,3916,1371573905
3837,4351,1371574203
1272,4197,1371574215
4197,1272,1371574230
4247,1018,1371577666
4197,4361,1371579782
4361,4197,1371579785
1334,2012,1371581404
2012,1334,1371581446
4228,1018,1371582478
3465,412,1371583672
3103,4075,1371584057
3699,4172,1371587555
481,3837,1371589547
481,2388,1371589574
2388,481,1371591659
4389,4400,1371592815
4400,4389,1371592821
4197,4235,1371599259
4235,4197,1371599261
4304,1334,1371602614
4291,4274,1371613242
4274,4291,1371613286
4235,4231,1371613347
4231,4211,1371613411
4231,4235,1371613442
4363,3105,1371615032
3161,135,1371620015
4315,3445,1371622581
4172,4162,1371631478
4162,4172,1371634373
1334,4440,1371642563
4440,1334,1371642612
4107,4441,1371653660
4441,4107,1371653757
3013,2642,1371655304
2642,4442,1371656832
4442,2642,1371656876
2642,4402,1371657758
4402,2642,1371657954
4283,2642,1371659411
4443,2642,1371662610
4432,4197,1371666148
4443,4172,1371666658
4266,4267,1371667337
192,1,1371667452
4402,4440,1371667648
4440,4402,1371667688
4197,2710,1371668004
2710,4197,1371668025
4379,2642,1371671201
3649,4444,1371673253
4444,3649,1371673364
1998,4409,1371673641
4409,1998,1371673746
2625,2404,1371676111
2404,2625,1371677364
4445,2625,1371677495
3470,550,1371685937
4197,4431,1371688957
4431,4197,1371688981
1615,4331,1371716807
4402,4244,1371718624
4244,4402,1371718947
35,4446,1371726317
4409,1555,1371742718
1555,4409,1371742832
4353,546,1371745951
4430,1548,1371751471
1548,4430,1371751917
3884,3847,1371830288
3598,4103,1371830531
4409,4172,1371834657
4172,4409,1371836673
4172,4443,1371836808
3837,687,1371841807
4291,3841,1371842029
3841,4291,1371842087
4400,1334,1371953785
3837,4431,1371954057
3837,2131,1371954616
2404,3719,1371955506
3719,2404,1371955643
4430,2642,1371958262
2642,4430,1371959279
4197,3465,1371960053
2642,4447,1371965959
4447,2642,1371966205
3598,4448,1371973646
2777,4304,1371975709
3892,4434,1371986234
4434,3892,1371986270
4118,3719,1371986622
4118,2404,1371986688
4434,2755,1371989294
4431,3837,1371993547
4448,3598,1371994990
1334,4400,1371996807
2642,4449,1371996944
4449,2642,1371997096
4434,4172,1371997182
2642,4443,1371998560
3465,4197,1372003283
2404,4450,1372004262
4450,2404,1372004296
3719,2306,1372004546
3719,4118,1372005580
1334,4451,1372008482
4451,1334,1372008699
3837,3699,1372012541
3699,3837,1372012646
3699,4450,1372012766
2388,3107,1372013076
4430,4172,1372013675
4172,4430,1372013791
4276,3837,1372013912
3837,4276,1372013913
2404,4172,1372016863
4400,4452,1372027913
4452,4400,1372027974
2296,4432,1372028647
3923,4453,1372031213
4453,3923,1372031258
4172,446,1372031371
446,4172,1372031422
4454,4432,1372031889
4172,4454,1372031944
2296,3311,1372038000
3311,2296,1372038397
4304,2777,1372048470
4406,4366,1372057622
4366,4406,1372057709
4163,4455,1372061609
4406,4420,1372069926
4420,4406,1372070054
4172,4455,1372073276
4455,4172,1372073287
2404,4118,1372110568
35,905,1372122252
4304,1565,1372124552
2296,4456,1372129873
35,4457,1372130395
4456,2296,1372143028
4233,4402,1372148855
4402,4233,1372148912
2176,4281,1372150329
4281,2176,1372150389
4450,3699,1372150566
4281,135,1372152352
4304,135,1372152381
4291,3682,1372152601
4450,3850,1372152867
3850,4450,1372152906
4291,3873,1372153706
3976,4443,1372154854
115,1947,1372155656
3873,4291,1372157031
3682,4291,1372159660
4363,2642,1372159883
2642,4363,1372159939
202,1947,1372160260
3815,4291,1372162827
4291,3815,1372162833
4363,4291,1372163972
3897,4328,1372170096
4328,3897,1372170507
4328,4197,1372170942
4197,4328,1372171023
2755,2404,1372176934
2404,2755,1372177014
2942,3023,1372182400
2942,3981,1372209727
3981,2942,1372209745
3023,2942,1372216304
4460,4308,1372243258
4382,3578,1372247860
3578,4382,1372248967
1565,4304,1372253188
3545,4462,1372254418
4462,3545,1372254491
3353,4463,1372258796
4463,3353,1372258994
35,3526,1372262647
4402,4459,1372264547
4459,4402,1372264557
3837,4284,1372265588
4459,4452,1372265850
4452,4459,1372265902
4284,3837,1372266284
3526,4197,1372266288
4197,3526,1372266517
3976,3526,1372267701
3526,3976,1372268145
3935,4464,1372279548
3935,3129,1372279655
3935,3260,1372279876
3935,4465,1372280084
3935,4399,1372280176
3935,4466,1372280232
3935,3522,1372280310
4098,2642,1372280390
3935,4468,1372280542
3935,4469,1372280583
3935,4470,1372280631
3935,3357,1372280700
3935,4471,1372280741
3935,4174,1372280807
3935,4472,1372280866
3935,4473,1372280919
3935,3880,1372280990
3935,4474,1372281054
3935,4475,1372281119
3935,4476,1372281219
3935,4477,1372281317
2642,4098,1372281990
3219,2388,1372284426
2388,3219,1372284435
4233,3414,1372285038
3414,4233,1372285105
3981,25,1372285382
3414,35,1372286599
35,3414,1372286689
4400,4284,1372287625
4284,4400,1372287693
3719,1612,1372289127
1612,3719,1372289136
3981,2642,1372298065
3719,2642,1372298634
2642,3981,1372298700
2642,3719,1372298719
3642,359,1372304021
3820,4004,1372308204
4478,202,1372308273
4004,3820,1372308299
202,4478,1372309647
4222,4479,1372315090
4479,3445,1372315514
3578,4481,1372335458
4481,3578,1372335554
4480,4482,1372335558
4482,4480,1372338856
3837,4370,1372341231
4370,3837,1372341254
2565,4480,1372346269
4360,3892,1372346283
3892,4360,1372346354
4480,2565,1372346359
3598,3642,1372348443
3465,3598,1372348872
4291,1886,1372348881
3598,4402,1372348915
4402,3598,1372348959
1886,4291,1372350201
2306,3719,1372358444
3107,2388,1372359637
3892,2472,1372360355
2472,3892,1372360483
4454,786,1372361642
2388,2028,1372363596
3935,4467,1372365631
1886,4197,1372367059
4197,1886,1372367855
4400,4483,1372371643
4483,4400,1372371763
4467,3935,1372371979
1018,3229,1372374201
4291,4484,1372374605
3229,1018,1372374772
4484,4291,1372375104
35,3242,1372378815
1334,2028,1372379941
3242,35,1372380968
1334,2125,1372381157
550,2642,1372383591
3445,2127,1372383776
3445,363,1372383941
3445,4479,1372384027
4407,3445,1372384285
2942,4459,1372384496
4459,2942,1372384591
3445,4315,1372384823
3445,4407,1372385394
2733,3744,1372388090
4402,3744,1372388166
4434,4402,1372389551
4402,4485,1372389624
4485,4402,1372389739
3598,3719,1372389798
3719,3598,1372389814
4402,4434,1372389905
4482,35,1372402582
2942,3704,1372404837
3642,4486,1372407413
4486,3642,1372407471
4486,481,1372407778
481,4486,1372407854
3704,2942,1372408458
35,4482,1372409797
1318,3813,1372410785
3813,1318,1372410822
35,4434,1372415917
4434,3642,1372416973
3642,4434,1372417035
3578,4233,1372418640
4233,3578,1372418742
2306,2642,1372426731
2642,2306,1372426923
4172,3578,1372434951
1334,3578,1372447748
4197,4487,1372448531
4487,4197,1372448834
4487,35,1372449611
2942,4483,1372451487
4172,1750,1372451777
4483,2942,1372451902
2880,2388,1372452409
1018,4488,1372453600
4488,1018,1372453610
1565,1566,1372454140
3892,4489,1372456439
4489,3892,1372456601
4382,3892,1372457242
3892,4382,1372457305
4489,4409,1372457458
4409,4489,1372459015
4400,4489,1372459129
4489,4400,1372459255
3837,4379,1372461314
545,2187,1372467942
2464,3837,1372470227
4291,3380,1372470240
3380,4291,1372470270
3837,2464,1372470345
4291,4434,1372471040
4434,4291,1372473314
3820,3452,1372474142
3105,4363,1372481226
4413,4490,1372489036
35,3743,1372500167
687,822,1372522425
687,1318,1372522481
3837,4491,1372522643
4491,3837,1372522726
4394,4172,1372526115
4172,4394,1372526146
3465,3723,1372526407
1318,4492,1372527006
3719,4492,1372527030
481,4492,1372527042
4402,4493,1372528591
4493,4402,1372528656
4402,4494,1372529332
4494,4402,1372529444
4402,4497,1372531747
4495,4496,1372531788
4496,4495,1372531880
4497,4402,1372532175
4487,4402,1372536185
4402,4487,1372536387
4172,3233,1372547076
4489,3649,1372548251
1810,3233,1372549200
2728,3926,1372561730
3926,2728,1372561731
3820,4189,1372564092
4189,3820,1372564104
2233,2565,1372584661
2565,2233,1372584711
3697,3233,1372604346
35,4498,1372610057
4467,4301,1372621657
3719,4499,1372625656
4499,4400,1372625674
4499,3719,1372626447
3642,2067,1372630367
2067,3642,1372630516
4301,4467,1372631666
3719,4231,1372636869
3719,2028,1372639153
1318,2028,1372639161
4501,3719,1372647091
4502,3719,1372648486
4291,3695,1372650582
3695,4291,1372650666
4413,1810,1372654926
1810,4501,1372655857
3898,4503,1372656949
4503,3898,1372656995
3898,1933,1372657282
3578,4489,1372679723
4489,3578,1372679746
3719,4502,1372686980
4402,4502,1372687496
3719,4501,1372687925
4424,4402,1372692808
1629,4197,1372703395
4197,1629,1372703438
3719,4370,1372704740
4197,4449,1372705876
4281,4424,1372710897
4424,4281,1372710995
4281,361,1372711126
361,4281,1372711357
4424,4487,1372714345
4487,4424,1372714385
4197,3696,1372715122
4424,3629,1372716162
3629,4424,1372716353
3898,2903,1372721028
2958,3837,1372722504
3837,2958,1372722510
3696,4197,1372722573
3642,3598,1372723192
4365,3916,1372728772
3699,2600,1372731605
3621,4365,1372731622
2600,3699,1372731628
4365,3621,1372731644
4258,3837,1372731861
3837,4258,1372731862
2942,3237,1372737961
3237,2942,1372738590
3767,2942,1372739357
2942,3767,1372739393
3451,3630,1372747343
35,4424,1372761940
4107,3764,1372769227
4252,4107,1372775237
2306,2045,1372780602
2045,2306,1372780636
4467,4504,1372789475
3898,1001,1372790615
1832,4505,1372796512
4505,1832,1372796583
546,3767,1372801277
3767,546,1372801329
4197,546,1372802791
3750,1612,1372803342
35,4487,1372832688
3935,4506,1372849546
3935,4507,1372849575
353,3820,1372856663
3820,353,1372856714
1565,4119,1372863014
3353,3043,1372866959
3043,3353,1372867170
3629,4508,1372869448
4508,3629,1372869505
2880,1731,1372872281
4458,4509,1372872372
2880,4363,1372872654
4363,2880,1372872745
630,3744,1372874089
630,2877,1372874211
2296,4119,1372884133
1731,2880,1372895608
1731,2028,1372897201
3345,1815,1372897492
13,1334,1372898206
4119,2296,1372898883
4119,3837,1372899054
4119,361,1372899249
4119,4281,1372899315
4119,2404,1372899342
4119,1334,1372899426
1334,4119,1372899456
1815,3345,1372917571
2388,3025,1372918480
3750,35,1372931102
2328,3578,1372931963
3578,2328,1372931990
4434,4511,1372934812
4462,4459,1372943685
4459,4462,1372943733
4457,35,1372948396
4457,3750,1372948455
4172,4459,1372950957
4459,4172,1372951016
4281,3704,1372953936
3704,4281,1372954245
4450,4512,1372957770
4459,4363,1372958743
4512,4450,1372958859
4363,4459,1372960718
4419,4513,1372961063
4513,4419,1372961144
3750,4457,1372963070
4107,4514,1372969845
4514,4107,1372970052
2942,4515,1372971260
4514,4188,1372972199
4188,4514,1372975622
4511,4434,1372975714
4301,3363,1373032335
4406,1363,1373036646
4291,1612,1373040646
1612,4291,1373040674
4197,3242,1373041189
1018,3926,1373042619
2642,4172,1373043691
3465,4517,1373044371
4411,4195,1373050144
2647,4514,1373051033
4459,2642,1373054006
4172,2201,1373054014
1403,2642,1373057275
2642,1403,1373057361
4514,2647,1373061555
3429,4519,1373062194
4519,3429,1373062269
2642,2464,1373064482
4195,4411,1373066941
2464,2642,1373067268
4244,3161,1373068084
3161,4244,1373068503
2464,4353,1373068785
4353,2464,1373068808
2296,4450,1373069435
4455,4450,1373069497
4400,4520,1373077545
4520,4400,1373077590
4406,905,1373088438
4478,2125,1373127581
2125,4478,1373131778
4411,4523,1373133919
4523,4411,1373135439
3621,363,1373138733
363,3621,1373138735
2404,4119,1373141748
363,4524,1373142039
2235,4525,1373147297
4525,3260,1373147329
4525,2235,1373147397
4525,4526,1373147429
4525,3986,1373147817
4525,4504,1373147851
4525,4301,1373147883
1612,4409,1373149592
4409,1612,1373149627
4392,3389,1373150752
3389,4392,1373150776
4315,4403,1373153383
304,4519,1373159710
4519,304,1373159873
4363,4527,1373165066
4527,4363,1373165124
3649,4489,1373167190
4489,4038,1373167708
4038,4489,1373167747
4038,4528,1373181860
4528,4038,1373183516
3926,4459,1373217625
4459,3926,1373217766
4038,4217,1373217896
4217,4038,1373218277
4467,4285,1373231287
3452,3820,1373233253
4285,4467,1373234536
2404,905,1373237054
4490,4413,1373240194
2266,3711,1373244084
4400,3719,1373245431
3719,4400,1373245486
2266,3258,1373246343
4291,4490,1373247379
4490,4291,1373247847
3926,2392,1373256955
2392,3926,1373256969
2067,2125,1373257676
4363,2125,1373258624
2125,4363,1373258766
4521,4370,1373268325
3744,3408,1373268449
4370,4521,1373271628
4172,2647,1373281188
4281,4119,1373290924
2045,3029,1373296852
4459,2125,1373297168
2125,4459,1373297211
35,4217,1373301385
4217,35,1373301476
3621,4530,1373303427
4379,4363,1373306120
4530,3621,1373306859
3746,4416,1373307438
4197,4531,1373309946
2565,4058,1373311380
3926,1018,1373311603
4058,2565,1373311607
1018,4532,1373314684
4197,4533,1373314788
3242,4197,1373314903
4532,1018,1373314906
491,2233,1373315433
4119,3478,1373317579
4301,4504,1373320011
4172,4522,1373321226
4522,4172,1373321564
3642,4197,1373322611
363,4197,1373322619
4197,3642,1373323045
4197,363,1373323320
4531,4522,1373328010
4531,4197,1373328022
3719,4534,1373329506
4534,3719,1373329789
4533,4197,1373335268
4531,3837,1373336291
4535,3719,1373336614
4511,4531,1373339039
3719,4531,1373340539
3837,4531,1373340905
3837,3429,1373344913
3429,3837,1373344933
4291,2942,1373345460
2942,4291,1373345892
2942,640,1373347010
640,2942,1373347256
2647,2767,1373366996
2767,2647,1373366998
4107,4285,1373367440
4285,4107,1373372020
4434,35,1373373683
2942,4434,1373381574
4434,2942,1373381760
3719,4535,1373387670
3452,4535,1373388299
2296,4535,1373388325
2296,2801,1373388411
3452,2801,1373388443
1386,7,1373389805
1334,4217,1373397056
4217,1334,1373397148
3767,4495,1373398504
4495,3767,1373398623
4409,3719,1373398777
3719,4409,1373398793
4495,4217,1373399478
4217,4495,1373399556
2388,1832,1373401252
361,4119,1373401660
2903,3898,1373407848
3699,4537,1373427383
4537,3699,1373427491
4219,2942,1373432465
4254,3699,1373439181
3018,2647,1373442712
2647,3018,1373444641
4389,1318,1373453655
2012,3904,1373470576
3904,2012,1373470639
2067,2028,1373476334
1612,4382,1373476964
4382,1612,1373476979
4237,2942,1373477324
4458,1899,1373478193
1899,4458,1373478239
1018,3531,1373485623
4522,4531,1373493217
1815,2125,1373493288
1612,4254,1373494068
4254,1612,1373494143
4400,3820,1373494937
3820,4400,1373494957
4522,4285,1373495705
4285,4522,1373496644
3649,4254,1373497284
4254,3649,1373497365
3837,4254,1373498019
4254,3837,1373498043
4490,1018,1373517173
4482,4539,1373524688
4301,4529,1373529329
4301,4540,1373530704
4301,4541,1373531692
35,4542,1373537782
3578,3252,1373553369
3252,3578,1373553464
1612,2552,1373565150
2552,1612,1373565173
2201,4172,1373566094
3837,4543,1373573690
481,4544,1373577703
3719,4544,1373579716
3719,4545,1373579730
4172,3719,1373581053
3598,4391,1373581084
3719,4172,1373581225
1689,4546,1373585769
4546,1689,1373585810
4543,3837,1373591920
2942,3429,1373594625
4543,3621,1373595966
3621,4543,1373595978
3813,4392,1373617720
4392,3813,1373617775
3884,4522,1373637922
2942,2397,1373647442
2397,2942,1373647523
2942,2063,1373650091
2942,2404,1373651638
4543,4197,1373660521
4379,3837,1373661314
4543,4547,1373661860
4547,4543,1373661959
1764,1548,1373665819
3649,3229,1373666254
3229,3649,1373668299
4197,4543,1373668831
1499,4548,1373671609
3897,1612,1373679640
1612,4269,1373680692
4269,1612,1373680792
4315,4269,1373688776
3642,4549,1373689850
4549,3642,1373689963
4543,2110,1373693676
2110,4543,1373693701
4543,4550,1373697604
4269,3445,1373700883
4269,4315,1373700936
3578,4172,1373714544
4304,4434,1373723365
4434,4304,1373723441
3897,3926,1373725220
3926,3897,1373725275
4300,35,1373725432
4522,3884,1373726314
4434,2642,1373730761
2642,4434,1373731005
1499,4551,1373734599
4551,1499,1373734805
1499,2397,1373735195
2397,1499,1373735504
3719,2661,1373743332
1612,1499,1373744668
1499,1612,1373744684
4172,2767,1373746517
4522,4523,1373746662
4523,4522,1373746753
2296,2767,1373747693
3465,4172,1373751862
363,1018,1373752792
4548,1499,1373756327
4548,3270,1373756853
4400,4552,1373761635
4552,4400,1373761776
2642,3688,1373772618
4449,4197,1373778772
35,4499,1373787422
35,4553,1373787436
35,4555,1373787465
135,4406,1373789856
4406,135,1373790094
4038,905,1373790690
1386,4406,1373790875
905,4406,1373790894
905,3487,1373795086
3487,905,1373795132
3487,2661,1373796382
4222,2127,1373821301
2127,4222,1373821484
2404,1403,1373822281
35,1998,1373823735
4172,4556,1373835108
4172,540,1373835243
4522,4557,1373835604
4557,4522,1373835617
540,4172,1373836410
4522,4556,1373836821
3719,4556,1373836967
4325,4288,1373837456
3935,2952,1373840051
3578,4459,1373843127
4459,3578,1373843168
4400,4543,1373851961
3545,4459,1373853996
4459,3545,1373854097
4543,4400,1373854187
4543,4546,1373854199
2600,4449,1373855055
4449,2600,1373855055
4546,4543,1373855711
1403,4543,1373855804
1403,4546,1373855884
3445,4269,1373863992
4361,4038,1373866211
4038,4361,1373866757
3935,4529,1373879201
3697,4560,1373898346
2642,4084,1373901651
2600,4084,1373902049
4084,2600,1373902146
2880,3926,1373902338
4353,4304,1373902542
4304,4353,1373902607
2600,4459,1373905099
4459,2600,1373905157
2600,4217,1373906803
4217,2600,1373906890
2942,4217,1373907152
4217,2942,1373907167
361,3598,1373908421
4197,4563,1373909640
3820,3610,1373912244
3820,4124,1373915622
2125,2404,1373922705
4563,4564,1373922749
4564,4563,1373923043
3578,4559,1373924800
3578,3820,1373924855
3820,3578,1373924898
4559,3578,1373925322
4197,3268,1373930391
3268,4197,1373930455
3321,2600,1373935682
2600,3321,1373935693
3897,2642,1373936641
4291,3697,1373937271
4291,4519,1373939883
4038,4565,1373954615
4565,4038,1373955287
4565,2565,1373960553
3578,4538,1373979106
3578,3615,1373979240
3451,4563,1373984688
4563,3451,1373984707
4281,4458,1373987652
4217,4459,1373988991
4459,4217,1373989323
4084,4459,1373990386
4459,4084,1373990603
4084,3578,1373993619
4565,4567,1373994062
3976,4084,1373994332
3451,3903,1373994496
3578,4084,1373994640
3976,4565,1373997169
4565,2131,1373998400
4565,3976,1374001996
4084,3976,1374002400
3976,4217,1374004782
4217,3976,1374004907
4172,2404,1374005151
3649,3904,1374005359
4217,4277,1374005954
4277,4217,1374005991
4252,4172,1374006117
4538,3578,1374010115
1018,4209,1374010406
4209,1018,1374010531
4568,2642,1374010869
4518,2642,1374012099
2642,4518,1374012123
4217,3897,1374013466
3897,4217,1374013501
2642,4217,1374013534
4459,3837,1374014213
3837,4459,1374014315
4379,2296,1374016967
3976,4569,1374018965
4569,3976,1374019183
3642,4119,1374019792
4119,3642,1374020038
3317,3642,1374023379
3642,3317,1374023433
192,1334,1374025239
3897,2392,1374029983
2392,3897,1374030043
2600,3897,1374031100
3897,2600,1374031203
2125,2012,1374040757
2012,2125,1374040873
1899,4363,1374041486
57,3837,1374042265
4363,1899,1374042955
4462,4570,1374044261
4570,4462,1374044364
4363,4570,1374047483
4570,4363,1374047724
4400,3578,1374053784
3578,4400,1374053785
4570,4563,1374054674
3013,3820,1374070359
3820,3013,1374070379
3837,57,1374073407
4274,4571,1374075025
4571,4274,1374075056
4571,4197,1374076987
4,35,1374079267
3897,4084,1374080009
3699,4,1374080279
4,3699,1374080345
4084,3897,1374080390
4084,4487,1374081799
4487,4084,1374081817
2404,2125,1374087670
4084,3649,1374087872
2404,4084,1374088029
3578,353,1374089402
353,3578,1374089403
1018,4198,1374090291
4198,1018,1374090316
3578,3008,1374090641
3008,3578,1374091781
4267,4266,1374096155
2124,230,1374100335
1612,3897,1374101582
2124,1018,1374101597
4197,4233,1374103178
4233,4197,1374103243
4530,4570,1374104389
4084,4570,1374106912
4570,4530,1374107214
1352,2040,1374109002
4107,4572,1374109372
4572,4107,1374109644
4570,4084,1374126974
4400,4554,1374140125
4554,4400,1374140227
4574,4570,1374142661
1615,1185,1374146182
4554,4252,1374146909
4459,4198,1374151370
3018,4107,1374153457
4107,3018,1374153526
4546,4304,1374167367
4304,4546,1374167517
4281,4539,1374169102
4539,4281,1374169133
4363,4530,1374171041
4530,4363,1374171651
3746,4505,1374172237
540,2397,1374172393
2397,540,1374172399
4505,3746,1374172766
4197,2325,1374183451
2325,4197,1374183496
3926,1832,1374187641
4084,2404,1374196602
3478,4119,1374202996
3837,4119,1374203032
2642,4576,1374204621
4576,2642,1374204651
2397,4577,1374206923
1832,4578,1374207447
4578,1832,1374209756
4363,4578,1374210995
4578,4363,1374211090
1412,4197,1374219538
4197,1412,1374219614
2661,3642,1374220792
3642,2661,1374220829
4574,4579,1374225499
115,35,1374225607
4579,4574,1374225745
3578,4580,1374229604
1810,3744,1374232134
3759,1810,1374232792
3760,1810,1374232885
3760,3786,1374233024
3760,3787,1374233029
3760,3788,1374233035
3760,3789,1374233038
3760,3790,1374233042
3760,3791,1374233045
3760,3792,1374233048
3760,3793,1374233052
3760,3794,1374233056
3760,3795,1374233060
3760,2028,1374233188
3760,1334,1374233472
3760,1363,1374233938
3760,1318,1374233945
3760,2388,1374233990
3759,2388,1374234112
3759,1318,1374234115
3759,1363,1374234123
3759,2028,1374234128
3759,3786,1374234148
3759,3787,1374234155
3759,3788,1374234158
3759,3789,1374234161
3759,3790,1374234175
3759,3791,1374234175
3759,3792,1374234175
3759,3793,1374234175
3759,3794,1374234179
3759,3795,1374234183
3757,2028,1374234277
3757,1363,1374234283
3757,1318,1374234288
3757,1810,1374234298
3757,3786,1374234322
3757,3787,1374234324
3757,3788,1374234327
3757,3789,1374234333
3757,3790,1374234333
3757,3791,1374234334
3757,3792,1374234336
3757,3793,1374234343
3757,3794,1374234343
3757,3795,1374234347
3756,3795,1374234443
3756,3794,1374234445
3756,3793,1374234447
3756,3792,1374234450
3756,3791,1374234454
3756,3790,1374234457
3756,3788,1374234470
3756,3789,1374234478
3756,3787,1374234487
3756,2028,1374237718
3756,1334,1374237736
3756,1318,1374237756
3756,1363,1374237770
3756,3786,1374237785
3756,1810,1374237803
3756,2388,1374237833
3744,2388,1374237951
3744,1810,1374237955
3744,3786,1374237958
3744,1363,1374237964
3744,2028,1374237969
3744,3787,1374237986
3744,3788,1374237989
3744,3789,1374237992
3744,3790,1374237994
3744,3791,1374237997
3744,3792,1374237999
4107,4301,1374247080
3916,4228,1374251678
4228,3916,1374251928
3976,4419,1374253605
4419,3976,1374253898
1363,3756,1374256914
1363,3759,1374256920
1363,3760,1374256924
4571,4570,1374257203
2835,2028,1374257474
1363,2028,1374258076
57,2028,1374258677
1363,178,1374258901
1363,2046,1374258986
1899,2028,1374261111
2045,1363,1374261150
2045,1,1374261164
1528,2028,1374261179
2045,1953,1374261655
4571,4581,1374265405
3837,4536,1374266318
4536,3837,1374266366
4581,4571,1374266578
1363,4406,1374268446
57,1363,1374268735
2388,3756,1374269102
2388,3757,1374269102
2388,3759,1374269102
2388,3760,1374269102
3719,204,1374269555
4197,4571,1374270084
4163,2822,1374277784
4038,4582,1374283932
4582,4038,1374284043
905,4291,1374284113
4038,4370,1374287397
3916,4583,1374306410
4583,3916,1374306809
905,4409,1374310047
4409,905,1374310175
2565,4584,1374315319
4584,2565,1374315395
2600,4585,1374334073
4400,4424,1374334708
4424,4400,1374334715
2565,2942,1374338176
2942,2565,1374338188
2942,4584,1374338858
4584,2942,1374338923
3897,4584,1374339077
4584,3897,1374339104
4577,2397,1374341359
3897,4320,1374341764
4320,3897,1374341806
4570,4571,1374345299
4585,2600,1374345364
4570,4574,1374345718
2397,4172,1374346157
4172,2397,1374346302
3926,4279,1374347812
4586,4554,1374355587
4172,1499,1374355774
1499,4172,1374355802
4172,4584,1374358445
4584,4172,1374358642
1334,2822,1374361941
4291,4588,1374371135
4588,4291,1374371379
204,3719,1374373592
4402,4589,1374374410
4589,4402,1374374448
4590,3719,1374375152
4590,2,1374375181
4590,135,1374375197
4590,2499,1374375216
4590,3744,1374375231
4590,2498,1374375249
4590,1771,1374375264
905,4591,1374388745
4591,905,1374388755
4434,4554,1374405357
4554,4434,1374405390
4434,1971,1374405976
1971,4434,1374406432
4592,4291,1374422562
3319,1832,1374425609
1832,3319,1374425770
4209,2600,1374429984
2600,4209,1374430437
3837,2404,1374430737
4587,2125,1374433822
4209,3719,1374434271
3719,4209,1374434300
905,4336,1374436626
4336,905,1374436776
4511,4593,1374441524
2187,2942,1374441598
2942,2187,1374441663
4593,4511,1374444119
3642,4594,1374449675
4594,3642,1374449803
3545,3719,1374458565
3719,3545,1374458604
4546,929,1374460327
4546,625,1374469155
625,4546,1374469292
4038,4595,1374469421
4595,4038,1374469496
4592,4402,1374476028
4402,4592,1374476244
2835,4084,1374479770
4370,4084,1374480092
4402,4084,1374480252
4402,4594,1374482151
4402,4596,1374483165
4596,4402,1374483232
4038,4084,1374486355
4584,4402,1374486692
4402,4584,1374486721
4172,4370,1374487768
1629,4596,1374510157
4596,1629,1374510196
4172,4252,1374514406
3837,4478,1374515910
4554,4597,1374518130
4597,4554,1374518301
4038,2942,1374518869
2942,4530,1374519480
4530,2942,1374519888
3837,4597,1374524649
4597,3837,1374524726
4594,4530,1374525587
4530,4594,1374525698
546,2472,1374526034
2472,546,1374526110
2942,3682,1374527816
2565,2472,1374527861
3682,2942,1374527905
4587,4597,1374528692
4587,4172,1374528706
4597,143,1374529930
2600,4598,1374536499
4598,2600,1374536589
4587,4197,1374539515
4038,4599,1374540136
4599,4038,1374540210
41,4599,1374541363
4599,41,1374541459
4599,1971,1374541500
3429,4600,1374543159
4600,3429,1374543176
2642,4599,1374545133
4599,4402,1374546234
1529,4254,1374546801
4599,2642,1374546899
4254,1529,1374546991
4592,4254,1374548874
2316,4254,1374556060
4254,2316,1374556117
4254,4592,1374556508
4254,2942,1374560362
2942,4254,1374560407
4402,2942,1374564140
3578,4601,1374566325
3578,2565,1374566997
4601,1829,1374567303
4601,3578,1374567380
4594,4402,1374568820
4601,35,1374568989
4172,4587,1374570719
4197,4587,1374584802
4291,2125,1374589214
3897,3837,1374593055
3578,2045,1374593262
4462,4197,1374597582
4197,4462,1374597617
2942,4402,1374601045
4602,4601,1374613240
4601,4602,1374613452
4197,4603,1374614551
4603,4197,1374614677
4603,2496,1374615399
2496,4603,1374615478
3598,4554,1374616420
4554,3598,1374616561
3837,3926,1374617389
4596,2942,1374638896
2942,4596,1374638905
4251,4402,1374640407
4402,4566,1374641273
4594,1971,1374652617
1971,4594,1374652962
3642,1971,1374655959
1971,3642,1374656057
905,4402,1374659219
4402,905,1374659236
3578,4592,1374664185
4539,4482,1374670798
3578,4606,1374674698
4606,3578,1374674925
2125,4607,1374682630
4607,2125,1374682824
4592,3578,1374683089
905,4608,1374689823
4197,4439,1374694678
4609,4603,1374698479
4579,256,1374699746
4604,4579,1374701029
3837,4291,1374703967
4291,3837,1374703986
3897,4370,1374718460
3649,4599,1374718758
4599,3649,1374718919
2642,3903,1374721013
3903,2642,1374721020
4267,4598,1374722521
4402,4605,1374729600
4605,4402,1374729966
2194,3642,1374742755
4172,2565,1374743592
3029,2045,1374753992
4554,4586,1374762212
4279,2125,1374762787
4279,363,1374763528
2131,4565,1374773869
2131,3837,1374773993
4273,4197,1374775158
35,4612,1374778368
1018,4613,1374780505
2472,2565,1374781939
1018,1899,1374783600
4119,2565,1374787549
4554,2565,1374787924
3926,3837,1374788666
2942,4614,1374794118
4613,230,1374795856
3916,4337,1374798186
4337,3815,1374798615
4337,3916,1374798979
4616,4613,1374802746
4291,4616,1374805474
4402,4617,1374810013
4617,4402,1374810340
4402,4599,1374810797
4499,35,1374822289
4599,2565,1374828086
4604,4524,1374829872
4524,4604,1374830436
2125,4578,1374846493
4608,905,1374846862
4614,2942,1374848621
4614,4197,1374848669
3697,2642,1374851707
4578,2125,1374852477
4197,4614,1374855890
4604,3649,1374868626
4614,4609,1374870185
4609,4614,1374870705
4558,4197,1374879672
4197,4558,1374880481
4604,3023,1374886237
3237,4197,1374886854
2110,4363,1374887438
3023,4604,1374891142
4295,4400,1374892714
4400,4295,1374892798
4291,4363,1374893465
1849,4619,1374901272
4619,1849,1374901291
2942,3820,1374902558
3820,2942,1374902584
4515,2942,1374903574
3828,4515,1374904404
4515,3828,1374904454
4363,2110,1374905683
35,4518,1374907198
4518,35,1374907210
35,3806,1374919464
2565,905,1374920110
2194,3572,1374935669
35,4601,1374935745
2194,1201,1374935891
4400,3897,1374943484
3897,4400,1374943537
4537,4620,1374945179
4620,4537,1374945625
4400,4621,1374965653
4621,4400,1374965989
4254,4361,1374968922
4361,4254,1374969162
3621,4402,1374979115
3445,4618,1374979127
4402,3621,1374979199
3445,4308,1374979208
3465,4605,1374983008
4605,3465,1374983760
4588,3897,1374984080
4588,4402,1374986369
4402,4588,1374986447
905,2028,1374999240
4402,4622,1375000210
4622,4402,1375000327
905,1810,1375001723
905,35,1375001845
905,2565,1375001873
905,1656,1375002603
13,1656,1375002838
905,4084,1375007731
2565,4267,1375010796
4267,2565,1375010811
4172,4623,1375011901
4594,2565,1375031650
3669,2125,1375037467
2125,3669,1375038125
3104,3578,1375048336
3578,3104,1375048395
2565,3578,1375049726
4554,4621,1375050880
3810,1810,1375052415
2600,4611,1375055290
4611,2600,1375055694
3578,2498,1375056431
2600,2404,1375058288
1971,4363,1375059104
2404,1971,1375059924
2404,3578,1375059968
1971,2404,1375060047
2404,3242,1375060081
2404,2600,1375060175
1403,2404,1375061572
4595,4402,1375072481
4402,4595,1375072584
2942,4401,1375076324
4401,2942,1375076350
2942,3487,1375078127
3487,2942,1375078183
35,4606,1375078898
2942,4605,1375078979
4623,4172,1375089977
4402,4624,1375090431
4624,4402,1375090624
3697,4291,1375092130
2565,4172,1375094916
4402,4189,1375099207
4189,4402,1375099269
4402,4553,1375109537
4553,4402,1375109544
4553,4554,1375111742
4553,4625,1375112261
4625,4553,1375112393
4553,2942,1375112500
2942,4553,1375112568
2942,4626,1375114985
4626,2942,1375115095
4627,2942,1375116648
1018,1911,1375117028
3404,4628,1375117871
4628,3404,1375117913
4595,3642,1375122070
4595,4625,1375122485
4281,4625,1375126003
4625,4281,1375126040
4107,2878,1375127555
2878,4107,1375127604
4553,4172,1375129513
4625,4490,1375129828
4490,4625,1375129935
4625,4209,1375132786
4209,4625,1375132850
1971,4599,1375133991
1612,4605,1375136338
4624,4605,1375136585
4605,4624,1375136599
4605,1612,1375136695
2942,4601,1375136815
4197,4629,1375141821
4582,4625,1375141823
4629,4197,1375142523
4400,4630,1375145283
4400,905,1375147665
905,4400,1375147695
4630,4400,1375147805
4604,2398,1375159374
4172,3697,1375175293
4521,2565,1375180737
1953,3903,1375185774
3903,1953,1375185795
3697,4172,1375185865
4360,2565,1375192406
2565,4554,1375197882
2419,3971,1375198465
2710,4559,1375200560
4559,2710,1375202053
2942,4631,1375207195
2942,4566,1375207599
4631,2942,1375207835
2942,4197,1375208494
2877,630,1375208576
2942,4632,1375209612
2398,4604,1375212675
4566,2942,1375213973
2942,4633,1375214063
3465,4189,1375223160
4189,3465,1375223187
1810,4634,1375228553
2942,4627,1375229610
3916,4635,1375233245
4635,3916,1375233370
13,4515,1375235921
4515,13,1375236064
3427,2942,1375236842
2942,3427,1375237068
4334,4361,1375258874
2303,3923,1375259192
1689,4402,1375259320
4402,1689,1375259375
2388,4636,1375261757
4281,4637,1375277483
4637,4281,1375278381
353,4554,1375279800
4554,353,1375279828
4339,1769,1375280537
353,4562,1375281896
4562,353,1375281935
4637,4291,1375286403
2565,4521,1375287738
4553,2906,1375296530
2906,4553,1375296564
4209,4515,1375298295
4515,4209,1375298326
3976,4421,1375299961
4421,3976,1375300044
35,13,1375310858
13,35,1375310977
4605,4197,1375313695
4197,4605,1375313695
363,4639,1375314090
4639,363,1375314392
35,4640,1375315580
3916,4641,1375316573
4641,3916,1375317317
2942,4545,1375317474
4605,4642,1375318377
4642,4605,1375318545
353,4605,1375321731
4605,353,1375324030
4598,4611,1375330218
4601,2942,1375339208
2942,2262,1375339999
2262,2942,1375340200
3878,2262,1375340753
2262,3878,1375340837
4584,135,1375345318
4172,4361,1375348559
4361,4172,1375348635
4402,4643,1375349768
4643,3578,1375351180
4353,3578,1375351482
3578,4461,1375359411
2600,3231,1375363837
3231,2600,1375363860
4281,4385,1375367147
4385,4281,1375367216
4643,4402,1375369136
2194,2067,1375369467
4554,3823,1375370534
3823,4554,1375370582
2600,4493,1375371456
4493,2600,1375371622
4424,3649,1375375898
3649,4424,1375375914
4521,4172,1375380139
4172,4521,1375380371
2600,4337,1375382208
4337,2600,1375382304
4579,1018,1375383790
2388,1899,1375392147
2565,4119,1375392176
1899,2388,1375393506
2600,4604,1375394648
4554,4644,1375394819
4604,2600,1375394981
4609,3837,1375394997
2600,2496,1375396045
2496,2600,1375396148
4645,3897,1375396194
4645,3578,1375396230
3578,4645,1375396242
4645,4646,1375397403
4646,4645,1375397511
4515,4642,1375402136
2067,4203,1375403061
4203,2067,1375403083
4642,4515,1375403196
4579,2600,1375414199
1612,2942,1375414442
2942,1612,1375414488
1352,4211,1375426574
1352,4235,1375426622
3578,4353,1375433874
3578,4643,1375433909
4604,2392,1375435656
2392,4604,1375435680
3578,1670,1375452184
4416,1018,1375453119
1018,4416,1375453319
1670,3578,1375456015
4641,35,1375456243
2404,4370,1375462820
4197,4647,1375463530
4647,4197,1375463569
2296,1044,1375465209
2538,4515,1375467678
4515,2538,1375467996
4638,4515,1375473524
4515,4638,1375475897
3649,2067,1375477309
4604,4635,1375478127
4635,4604,1375478173
4604,4490,1375479767
1018,4609,1375480426
4490,4604,1375481047
3649,4107,1375484263
4107,3649,1375484334
1289,1317,1375484414
4638,1018,1375484567
4515,3897,1375484621
4638,2067,1375484638
2067,4638,1375484649
3897,4515,1375484661
4107,2067,1375488172
2067,4515,1375491252
2067,3649,1375492424
4515,2067,1375492502
1289,1615,1375492947
2067,3465,1375494672
3465,2067,1375494719
155,2188,1375497265
4515,4605,1375499889
4605,4515,1375500419
4527,4515,1375503104
395,4649,1375508136
4649,395,1375508157
4421,2942,1375513295
2942,4421,1375513378
4644,4554,1375515459
4515,4527,1375516978
3527,4650,1375520617
4650,3527,1375520820
3719,4651,1375550045
4651,4647,1375550067
2600,4652,1375552646
4522,4653,1375552678
4652,2600,1375553008
4644,35,1375554413
2600,4579,1375554453
3578,2942,1375568717
2942,3578,1375568735
2942,4604,1375573713
4604,2942,1375573757
4400,4638,1375581517
4638,4400,1375581535
4637,4654,1375582721
4635,4654,1375582926
2942,4642,1375583683
4515,4654,1375585200
4654,4515,1375585217
2600,4622,1375587878
4622,2600,1375588142
4622,4254,1375588275
4254,4622,1375588330
4654,4655,1375588369
4655,4654,1375588432
3545,25,1375595151
3429,25,1375595611
4402,4554,1375605867
4554,4402,1375605922
4301,4522,1375613380
4522,4301,1375613621
4522,4288,1375615542
4531,4654,1375625069
4654,4622,1375625441
4656,4654,1375627427
4107,4522,1375628291
4522,4107,1375628564
4654,4656,1375628791
4531,4622,1375629319
4531,4656,1375629336
4107,3353,1375629472
2296,4531,1375629527
3319,4172,1375630642
4622,4654,1375630752
4622,4531,1375631043
2966,4522,1375639300
4522,2966,1375639379
4499,3642,1375640008
4400,4657,1375643094
4657,4400,1375643361
3275,4658,1375645718
4658,3275,1375645818
4038,4659,1375652292
4659,4038,1375652303
481,4350,1375652492
4400,4038,1375653034
4038,4400,1375653081
4659,4400,1375654236
4400,4659,1375654246
1403,4499,1375655785
4499,1403,1375655860
4172,4419,1375656328
4419,4172,1375656423
4645,4254,1375667507
4645,4515,1375667888
4646,4660,1375670079
905,4654,1375670721
4660,4646,1375671065
905,4622,1375675275
4254,1938,1375679374
1938,4254,1375681200
4402,4254,1375688698
4254,4402,1375688784
4640,35,1375693413
4635,4461,1375709146
4635,4661,1375709307
4461,4635,1375709429
4461,3578,1375709577
4461,35,1375709716
3578,4284,1375715289
4651,4659,1375717758
4646,4604,1375718304
4646,4662,1375718359
4662,4646,1375718365
4646,4663,1375719378
4662,4663,1375719402
4663,4662,1375719476
4663,4646,1375719495
4424,4635,1375719642
4635,4424,1375719652
4663,4664,1375719795
4662,4664,1375719825
4646,4664,1375719864
4664,4646,1375719902
4664,4662,1375719916
4664,4663,1375719923
4654,4637,1375721737
4654,4661,1375723120
4531,4661,1375723212
4635,4665,1375723396
4665,4635,1375723596
4654,4666,1375724321
4531,4666,1375724407
4661,4666,1375724512
4666,481,1375724735
4531,481,1375724797
4546,481,1375724834
4654,481,1375724852
4661,481,1375724923
4591,481,1375724940
4666,4667,1375725311
4531,4667,1375725392
4661,4667,1375725490
481,3642,1375725546
4654,4667,1375725573
3642,481,1375726094
4654,4668,1375727564
4635,4670,1375728036
4670,4635,1375728062
4668,4669,1375728063
4668,4667,1375728341
4669,4667,1375728410
905,4661,1375729770
905,4531,1375729778
905,4666,1375729793
35,4641,1375729979
35,4671,1375730008
4667,4672,1375730210
2296,905,1375731639
1317,1289,1375732620
1317,1334,1375732744
4667,4673,1375732849
4668,4673,1375732898
4654,4673,1375732964
4531,4673,1375733035
35,4674,1375733054
1615,1289,1375733083
4666,4673,1375733089
1018,2538,1375733138
4661,4673,1375733180
2045,4673,1375733284
4672,4673,1375733317
4674,35,1375733320
2045,4672,1375733342
4672,2045,1375733385
4667,2045,1375733547
4668,2045,1375733659
4654,2045,1375733709
4531,2045,1375733799
4666,2045,1375733855
4661,2045,1375733910
4667,4675,1375735441
4107,2045,1375735458
4668,4675,1375735488
2045,4675,1375735493
4654,4675,1375735587
4531,4675,1375735641
4666,4675,1375735687
4661,4675,1375735752
4675,2045,1375735837
1832,3926,1375741364
4674,4499,1375741478
4499,4674,1375741554
1849,4654,1375744061
4674,4254,1375747113
4254,4674,1375747137
4667,4676,1375747639
4668,4676,1375747718
4654,4676,1375747775
4667,4677,1375748102
1810,4677,1375748131
4668,4677,1375748162
4605,2600,1375750212
2600,4605,1375750245
4531,4678,1375751163
4678,4680,1375751413
4678,4679,1375751437
4679,4680,1375751507
4679,4678,1375751528
4678,4681,1375751652
4681,4678,1375751701
4681,4680,1375751752
4681,4679,1375751798
4680,4679,1375751857
4680,4681,1375751964
4679,4681,1375752004
4678,4682,1375752122
4679,4682,1375752197
4680,4682,1375752243
4681,4682,1375752305
4682,4678,1375752362
4682,4679,1375752380
4682,4680,1375752402
4682,4681,1375752424
1810,4681,1375752515
4682,4683,1375757786
4681,4683,1375757834
4680,4683,1375757876
4679,4683,1375757920
4678,4683,1375757957
4676,4683,1375758015
4667,4683,1375758063
4668,4683,1375758118
4654,4683,1375758170
4531,4683,1375758218
4666,4683,1375758253
4661,4683,1375758287
4672,4683,1375758336
4673,4683,1375758388
4675,4683,1375758421
1810,4531,1375758608
1810,4679,1375758608
1810,4668,1375758609
1810,4673,1375758609
1810,4666,1375758609
1810,4654,1375758611
3345,4254,1375759741
4254,3345,1375759859
3330,4531,1375759930
3330,4654,1375759930
3330,4661,1375759931
3330,4666,1375759954
3330,4667,1375759954
3330,4668,1375759954
3330,4669,1375759993
3330,4672,1375759993
3330,4673,1375759993
3330,4675,1375760034
3330,4676,1375760034
3330,4677,1375760034
3330,4678,1375760062
3330,4679,1375760062
3330,4680,1375760062
3330,4681,1375760099
3330,4682,1375760099
3330,4683,1375760099
3898,4098,1375760613
4682,4684,1375764419
3611,2942,1375764432
2942,3611,1375764453
4683,4684,1375764463
4681,4684,1375764508
4680,4684,1375764559
4679,4684,1375764603
4678,4684,1375764659
4642,2942,1375766178
4254,4685,1375769345
4685,4254,1375769352
4172,363,1375778160
363,4172,1375778376
4682,4686,1375794479
4683,4686,1375794535
4681,4686,1375794584
4680,4686,1375794625
4679,4686,1375794664
4678,4686,1375794719
4676,4686,1375794760
4686,4683,1375795389
1810,4683,1375797295
1,1810,1375802128
4331,4687,1375803781
2552,4635,1375805056
4635,2552,1375805061
4107,4252,1375805461
2942,2552,1375808661
2552,2942,1375808698
4686,4688,1375809590
4682,4688,1375809633
4683,4688,1375809681
4681,4688,1375809723
4680,4688,1375809760
4679,4688,1375809793
4458,4686,1375810589
4458,4682,1375810589
4458,4681,1375810589
4458,4683,1375810590
4458,4680,1375810590
4458,4688,1375810590
4458,4679,1375810590
4458,4675,1375810590
4458,4673,1375810590
4458,4668,1375810590
395,4686,1375811107
395,4682,1375811107
395,4681,1375811107
395,4683,1375811107
395,4680,1375811107
395,4688,1375811107
395,4679,1375811107
395,4675,1375811107
395,4673,1375811107
395,4668,1375811107
4458,4678,1375812880
4458,4637,1375812895
4458,4655,1375812900
4458,4661,1375812905
4458,4666,1375812910
4458,4667,1375812916
4458,4672,1375812926
4458,4684,1375812931
4458,4677,1375813051
4687,4635,1375813648
4635,4687,1375813746
4107,4690,1375820497
4690,4107,1375820603
363,2125,1375820900
3611,4490,1375822038
3611,3649,1375822117
4490,3611,1375822250
4254,3013,1375826388
3013,4254,1375826405
4490,4611,1375826520
4611,4490,1375826558
4605,2942,1375830918
3335,4691,1375830940
4107,4172,1375832253
4172,4107,1375832435
4254,2063,1375838441
4687,4692,1375838924
4254,4693,1375840377
4693,4254,1375840598
2600,1832,1375842360
1832,2600,1375842375
4254,4694,1375842386
4694,4254,1375842405
4277,4687,1375844271
4254,4687,1375844579
4692,4687,1375846427
4038,4694,1375852404
4694,4038,1375852457
2303,4254,1375858902
4254,2303,1375858911
4254,4554,1375861357
4554,4254,1375861401
4691,3335,1375878761
1885,93,1375879407
93,1885,1375879533
4325,2851,1375880740
4107,4540,1375891377
3578,4695,1375895532
4695,3578,1375896946
3926,2880,1375898575
4379,4696,1375899192
4696,4379,1375899270
2404,3837,1375899368
4379,2125,1375899607
4519,4490,1375901877
4490,4519,1375902100
4600,4656,1375902450
4490,4697,1375902614
4697,4490,1375902620
4645,4203,1375904961
1612,4172,1375911571
4697,4698,1375919846
4698,4697,1375919928
1810,4697,1375924216
4635,4555,1375924677
4555,4635,1375924708
4697,1810,1375924969
4635,4699,1375925847
4645,4635,1375925875
4699,4635,1375926842
1849,2712,1375927649
4579,4604,1375929851
1810,2518,1375932975
2518,1810,1375933142
4363,1991,1375940490
3578,4554,1375965851
4554,3578,1375966053
4140,4172,1375969927
4172,4140,1375971709
4421,3837,1375972028
3086,4700,1375975586
4700,3086,1375975776
4676,4701,1375982847
4668,4701,1375982999
1810,4676,1375984599
4616,4291,1375986812
4694,4353,1375987228
4353,4694,1375987288
4417,4604,1375990616
4604,4417,1375991034
4554,4553,1375995284
4107,4702,1375996127
4172,4411,1375999667
4411,4172,1375999732
4363,664,1376006710
1403,4703,1376006973
4703,1403,1376006992
4645,3642,1376008249
3642,4645,1376008355
469,4320,1376021753
4320,469,1376021803
2125,4379,1376025575
35,3578,1376040027
664,4363,1376045594
4645,35,1376058459
3897,4360,1376062304
4360,3897,1376062319
4635,4360,1376062716
3353,2878,1376085149
3353,4107,1376085304
2878,3353,1376085462
4683,4704,1376089717
2125,4675,1376090490
2125,4677,1376090490
2125,4678,1376090498
2125,4679,1376090498
2125,4680,1376090507
2125,4681,1376090508
2125,4683,1376090514
2125,4684,1376090514
2125,4676,1376090514
2125,4686,1376092109
2125,4688,1376092109
2125,4701,1376092109
2125,4661,1376093306
2125,4667,1376093307
2125,4666,1376093320
2125,4654,1376093320
2125,4531,1376093320
2125,4668,1376093376
2125,4669,1376093376
2125,4672,1376093376
2125,4673,1376093376
1810,4228,1376111872
4228,1810,1376112021
4360,4635,1376124979
4402,4279,1376125885
4279,4402,1376126265
905,3642,1376131559
3642,905,1376131638
3242,2404,1376134464
4291,3649,1376146561
1849,4649,1376149719
4649,1849,1376153740
3649,4273,1376155763
4273,3649,1376155786
4645,905,1376160070
3897,4632,1376163172
4632,3897,1376163334
905,3611,1376163949
3611,905,1376163956
3231,4632,1376165054
4632,3231,1376165136
2642,3642,1376165366
4522,4705,1376172809
4611,4706,1376181923
3465,4706,1376181952
4645,4107,1376185632
905,3465,1376189782
2600,3465,1376196429
3465,2600,1376196562
4459,3013,1376197526
3013,4459,1376197533
4688,4707,1376215614
4686,4707,1376215680
4682,4707,1376215724
4681,4707,1376215771
4680,4707,1376215831
4679,4707,1376215880
4678,4707,1376215970
4676,4707,1376216023
4667,4707,1376216085
4668,4707,1376216134
4654,4707,1376216182
4531,4707,1376216230
4666,4707,1376216291
4661,4707,1376216337
4672,4707,1376216386
4673,4707,1376216441
4675,4707,1376216499
1810,4678,1376233155
1810,4680,1376233155
1810,4682,1376233155
1810,4672,1376233155
1810,4661,1376233155
1810,4675,1376233156
1810,4707,1376233269
4688,4694,1376240578
4686,4694,1376240616
4682,4694,1376240659
4681,4694,1376240708
4680,4694,1376240762
3897,4136,1376241451
4136,3897,1376241501
4688,1810,1376242458
4686,1810,1376242505
4682,1810,1376242549
4683,1810,1376242591
4681,1810,1376242639
4680,1810,1376242673
4679,1810,1376242718
4678,1810,1376242759
4676,1810,1376242788
4667,1810,1376242848
4668,1810,1376242901
4654,1810,1376242955
4531,1810,1376243053
4666,1810,1376243089
4661,1810,1376243116
4672,1810,1376243144
4673,1810,1376243174
4675,1810,1376243204
3465,1810,1376245269
3465,57,1376246351
3465,4694,1376246371
2472,3649,1376250116
3897,4699,1376250579
4699,3897,1376250656
35,3425,1376251141
3168,2942,1376253469
3451,4558,1376253885
4558,3451,1376253913
2942,4518,1376254485
4518,2942,1376254537
3451,3897,1376255441
3897,3451,1376255514
2942,1535,1376259589
2942,4708,1376259786
4708,2942,1376259809
4645,2942,1376260733
2942,3168,1376260785
2942,4709,1376260916
2110,2600,1376264821
2600,2110,1376264865
1689,2942,1376271129
2942,1689,1376271135
2600,3020,1376274442
3020,2600,1376274449
2942,4645,1376283781
4632,2942,1376283938
905,4645,1376284757
491,4284,1376287335
4107,4645,1376295291
3578,35,1376295798
3129,3107,1376301240
3129,2125,1376301508
4728,4322,1376303438
4728,3129,1376303621
2859,2313,1376303883
4599,4284,1376312226
4609,1018,1376320784
2777,1656,1376322523
3649,4645,1376325134
4667,4729,1376325351
4668,4729,1376325398
4666,4729,1376325479
4661,4729,1376325527
4635,4645,1376325653
4673,4427,1376326376
4672,4427,1376326408
4661,4427,1376326448
4668,4427,1376326512
3621,4197,1376330254
4197,3621,1376330309
3897,4125,1376331490
4125,3897,1376331493
4331,4730,1376332064
4730,4331,1376332099
4331,4731,1376332112
4731,4331,1376332162
3897,4427,1376332186
4427,3897,1376332295
3465,4331,1376333159
4331,3465,1376333185
4582,4732,1376334470
4732,4582,1376334853
3451,4731,1376337409
4731,3451,1376337598
4107,4630,1376343482
4630,4107,1376343534
4635,2496,1376344983
4731,3897,1376346375
2600,1334,1376346430
2642,3897,1376346430
3897,4731,1376346456
4400,4402,1376353002
4402,4400,1376353035
3649,4084,1376353630
2600,4610,1376356366
4610,2600,1376357200
4444,4731,1376357463
2600,3487,1376364326
3487,2600,1376364363
3427,4254,1376365765
4254,3427,1376365782
2496,4635,1376367020
4254,4249,1376368007
4249,4254,1376368012
2187,4254,1376369075
4254,2187,1376369167
2313,2377,1376379438
2313,2347,1376379550
2313,988,1376379593
2313,2859,1376379797
2313,4689,1376379975
2313,4516,1376380196
2313,1615,1376380578
2313,35,1376380722
2313,2080,1376381128
4688,4733,1376381143
4686,4733,1376381193
4682,4733,1376381223
4683,4733,1376381265
4681,4733,1376381306
4680,4733,1376381338
4679,4733,1376381365
4678,4733,1376381391
4676,4733,1376381429
2313,2383,1376381436
4667,4733,1376381463
4668,4733,1376381513
4654,4733,1376381549
4531,4733,1376381579
4666,4733,1376381602
4661,4733,1376381641
905,4733,1376381662
4688,905,1376381734
4686,905,1376381759
4682,905,1376381824
4683,905,1376381851
4681,905,1376381903
4680,905,1376381941
4679,905,1376381998
4678,905,1376382033
1810,4733,1376382057
4676,905,1376382073
4667,905,1376382104
4668,905,1376382142
4654,905,1376382180
4531,905,1376382230
4666,905,1376382269
4661,905,1376382300
4672,905,1376382337
4673,905,1376382386
4675,905,1376382426
4707,905,1376382456
4733,1810,1376382602
4284,905,1376401458
3578,905,1376401522
4458,4701,1376402009
4458,4733,1376402015
4458,4676,1376402025
4458,4654,1376402038
4458,4531,1376402053
2313,3267,1376402804
4734,4554,1376405602
4729,4694,1376409617
4729,4569,1376410045
4729,4732,1376410081
4729,4637,1376410128
4729,4546,1376410212
4729,1334,1376410303
4729,4458,1376411047
905,4729,1376411121
4729,4735,1376411221
4458,4735,1376411347
1,2125,1376411536
1953,4735,1376412032
4458,4707,1376412450
3649,4458,1376413161
4458,4729,1376413375
4659,4478,1376413752
4659,4546,1376413772
4659,4735,1376413802
4659,1334,1376413841
4458,4659,1376413932
4659,4732,1376413934
4659,4736,1376414066
4569,3649,1376414479
4688,4635,1376414916
4686,4635,1376414956
4682,4635,1376415021
4683,4635,1376415047
4458,4635,1376415404
3649,4459,1376415941
4459,3649,1376415941
2397,2424,1376416720
4659,4569,1376417100
4458,4737,1376418314
3465,2388,1376419179
3649,4569,1376421287
2934,2725,1376421611
3649,4604,1376422699
4320,905,1376424042
905,4320,1376424932
4421,4490,1376425470
905,2958,1376426230
2958,905,1376426250
4610,4363,1376427735
4363,4610,1376428141
4458,4738,1376428449
905,3531,1376428948
905,2942,1376428965
3531,905,1376428970
3531,2942,1376429034
2942,905,1376429077
3531,4421,1376432350
4688,4739,1376432558
4676,4739,1376432591
4661,4739,1376432629
4675,4739,1376432661
4669,4635,1376433677
4701,4635,1376433715
4684,4635,1376433744
4733,4635,1376433781
4707,4635,1376433820
4675,4635,1376433862
4673,4635,1376433897
4672,4635,1376433933
4661,4635,1376434001
4490,4421,1376434002
4666,4635,1376434036
4531,4635,1376434076
4421,3531,1376434099
4654,4635,1376434185
4668,4635,1376434212
4667,4635,1376434250
4676,4635,1376434282
4678,4635,1376434319
4679,4635,1376434347
4680,4635,1376434375
4681,4635,1376434419
1334,4444,1376441937
2600,4699,1376443625
4699,2600,1376443629
3649,4334,1376445473
4334,3649,1376445511
3649,4732,1376447078
4732,3649,1376447118
4741,4742,1376447472
4742,4741,1376447519
1810,4742,1376447621
1810,3841,1376447621
1810,4741,1376447621
4666,3857,1376449066
4661,3857,1376449114
4672,3857,1376449148
3857,4672,1376450841
3857,4661,1376450910
3857,4666,1376450966
4688,4743,1376452024
4686,4743,1376452070
1810,4686,1376452121
1810,4743,1376452122
1810,4688,1376452122
4363,2600,1376452615
2600,4363,1376452631
4676,4744,1376452831
2600,4573,1376454085
4573,2600,1376454159
1810,4744,1376454957
4744,1810,1376456290
905,4744,1376456323
4669,1810,1376456347
1810,4669,1376456404
4743,1810,1376456409
2600,4744,1376456424
4573,25,1376456484
4701,1810,1376456526
4684,1810,1376456565
1810,4684,1376456614
1810,4701,1376456614
4735,4729,1376456662
4735,4659,1376456755
1810,4659,1376456802
4424,2942,1376459579
2942,4424,1376459593
625,4732,1376460838
4732,4284,1376460998
4732,625,1376461004
625,4284,1376461045
3903,3451,1376466651
4115,4253,1376466734
4444,1334,1376466934
4115,3404,1376467015
2565,4565,1376470256
3837,2600,1376487386
2600,3837,1376487407
4458,4744,1376487590
4458,4743,1376487597
3897,4645,1376490365
4203,4645,1376491111
4458,4669,1376491277
4458,1810,1376491380
4694,4487,1376494038
4487,4694,1376494108
4197,3682,1376497521
4490,2125,1376498437
3649,2777,1376499446
2942,4124,1376500719
2942,4746,1376501398
4515,4645,1376501819
4197,4370,1376502059
4746,2942,1376502927
4669,4746,1376508375
4733,4458,1376508570
4672,4458,1376508745
4672,4739,1376508753
4676,4458,1376508921
4740,4746,1376509055
4746,4740,1376509082
4679,1565,1376509313
4679,1815,1376509328
4680,1815,1376509363
4680,1565,1376509368
4681,1565,1376509408
4681,1815,1376509425
4683,1815,1376509472
4683,1565,1376509486
4682,1565,1376509512
4682,1815,1376509522
4686,1815,1376509557
4686,1565,1376509560
1815,4683,1376509918
1815,4682,1376509928
1815,4681,1376509928
1815,4680,1376509928
1815,4679,1376509928
1815,4686,1376510005
1815,4654,1376511382
1815,4661,1376511397
1815,4667,1376511412
1815,4666,1376511427
1815,4531,1376511442
1815,4668,1376511457
1815,4669,1376511472
1815,4672,1376511487
1815,4673,1376511502
1815,4675,1376511517
1815,4677,1376511532
4676,4745,1376511543
1815,4678,1376511547
1815,4684,1376511562
1815,4676,1376511577
1815,4688,1376511592
1815,4701,1376511607
1815,4733,1376511622
1815,4707,1376511637
1815,4743,1376511652
4678,4745,1376511657
1815,4744,1376511667
1565,4683,1376512171
1565,4682,1376512172
1565,4681,1376512173
1565,4680,1376512174
1565,4679,1376512175
1565,4686,1376512176
1565,4654,1376512177
1565,4661,1376512178
1565,4667,1376512179
1565,4666,1376512181
1565,4531,1376512181
1565,4668,1376512183
4458,4747,1376512407
1815,4747,1376512498
4291,4172,1376514274
4701,4748,1376515854
4531,4748,1376515915
4458,4748,1376515998
1334,3649,1376516602
4746,3649,1376518840
4630,4749,1376521740
4749,4630,1376521795
4745,4748,1376522882
1334,625,1376525527
4746,4750,1376528965
4750,4746,1376529039
2067,4732,1376534760
4038,1832,1376539210
4743,4751,1376540564
4688,4751,1376540869
4751,4707,1376541020
4675,4751,1376541022
4673,4751,1376541058
2942,3013,1376541524
3013,2942,1376541854
4038,4752,1376542261
4752,4038,1376542681
4751,4744,1376543532
4751,4748,1376543683
4751,4743,1376543846
2942,664,1376546381
664,2942,1376546857
3649,4038,1376547184
4038,3649,1376547241
3504,35,1376550694
2600,3903,1376569730
2600,4353,1376574021
4353,2600,1376574059
2635,4753,1376576075
4320,4754,1376578287
4754,4320,1376578528
3527,4753,1376578600
4753,3527,1376578692
1334,4755,1376579038
4755,1334,1376579147
3649,57,1376583991
1565,1,1376584037
4458,1,1376584096
4688,2322,1376584730
4686,2322,1376584905
2322,4707,1376585419
2322,4688,1376585487
2322,4686,1376585499
3786,4707,1376585579
3786,4686,1376585622
3786,4688,1376585628
3786,4654,1376586243
3786,4661,1376586256
3786,4666,1376586281
3786,4531,1376586301
3786,4669,1376586331
3786,4672,1376586339
3786,4673,1376586356
3786,4677,1376586402
3786,4678,1376586412
3786,4679,1376586422
3786,4680,1376586433
3786,4681,1376586444
3786,4683,1376586453
3786,4682,1376586466
3786,4684,1376586481
3786,4676,1376586493
3786,4701,1376586504
3786,4733,1376586517
3786,4743,1376586531
3786,4744,1376586541
3786,4747,1376586551
3787,4747,1376586604
3787,4744,1376586608
3787,4743,1376586614
3787,4733,1376586623
3787,4701,1376586629
3787,4676,1376586637
3787,4686,1376586658
3787,4684,1376586678
3787,4682,1376586688
3787,4683,1376586696
3787,4681,1376586708
3787,4680,1376586717
3787,4679,1376586726
3787,4678,1376586735
3787,4677,1376586743
3787,4673,1376586808
3787,4672,1376586885
3787,4669,1376586913
3787,4531,1376586980
3787,4666,1376586999
3787,4661,1376587021
3787,4654,1376587046
3787,4688,1376587068
3788,4654,1376587212
3788,4661,1376587221
3788,4666,1376587231
3788,4531,1376587242
3788,4686,1376587275
3788,4669,1376587286
3788,4672,1376587293
3788,4673,1376587301
3788,4675,1376587311
3788,4677,1376587327
3788,4678,1376587342
3788,4679,1376587370
3788,4680,1376587378
3788,4681,1376587395
3788,4683,1376587425
3788,4682,1376587440
3788,4684,1376587449
3788,4676,1376587460
3788,4701,1376587468
3788,4688,1376587485
3788,4733,1376587537
3788,4707,1376587564
3788,4744,1376587576
3788,4747,1376587586
3789,4654,1376588695
3789,4661,1376588755
3789,4667,1376588815
3789,4666,1376588875
3789,4531,1376588935
3789,4668,1376588995
3789,4669,1376589055
3789,4672,1376589115
3789,4673,1376589175
3789,4675,1376589235
3789,4677,1376589295
3789,4678,1376589355
3789,4679,1376589415
3789,4680,1376589475
3789,4681,1376589535
3789,4683,1376589595
3789,4682,1376589655
3789,4684,1376589715
3789,4676,1376589775
3789,4686,1376589835
3789,4688,1376589895
3789,4701,1376589955
3789,4733,1376590015
3789,4707,1376590075
3789,4743,1376590135
3789,4744,1376590195
3789,4747,1376590255
3790,4654,1376590687
3790,4661,1376590702
3790,4667,1376590717
3790,4666,1376590732
3790,4531,1376590747
3790,4668,1376590762
3790,4669,1376590777
3005,1832,1376590786
3790,4672,1376590792
1832,3005,1376590793
3790,4673,1376590807
3790,4675,1376590822
3790,4677,1376590837
3790,4678,1376590852
3790,4679,1376590867
3790,4680,1376590882
3790,4681,1376590897
3790,4683,1376590912
3790,4682,1376590927
3790,4684,1376590942
3790,4676,1376590957
3790,4686,1376590972
3790,4688,1376590987
3790,4701,1376591002
3790,4733,1376591017
3790,4707,1376591032
3790,4743,1376591047
3790,4744,1376591062
3790,4747,1376591077
3791,4654,1376591576
3791,4661,1376591596
3791,4667,1376591616
3791,4666,1376591636
3791,4531,1376591656
3791,4668,1376591676
3791,4669,1376591697
3791,4672,1376591716
3791,4673,1376591736
3791,4675,1376591757
3791,4677,1376591776
1810,2584,1376591782
3791,4678,1376591796
3791,4679,1376591816
3791,4680,1376591836
3791,4681,1376591856
3791,4683,1376591876
3791,4682,1376591896
3791,4684,1376591916
3791,4676,1376591936
3791,4686,1376591956
3791,4688,1376591976
3791,4701,1376591996
3791,4733,1376592016
3791,4707,1376592036
3791,4743,1376592056
3791,4744,1376592076
3013,3837,1376592079
3791,4747,1376592096
3837,3013,1376592149
4478,3837,1376594005
1832,4478,1376594427
4478,1832,1376594440
3792,4654,1376594830
3792,4661,1376594860
3792,4667,1376594890
3792,4666,1376594920
3792,4531,1376594950
3792,4668,1376594980
3792,4669,1376595010
3792,4672,1376595040
3792,4673,1376595070
3792,4675,1376595100
3792,4677,1376595130
3792,4678,1376595160
3792,4679,1376595190
3792,4680,1376595220
3792,4681,1376595250
3792,4683,1376595280
3792,4682,1376595310
3792,4684,1376595340
3792,4676,1376595370
3792,4686,1376595400
3792,4688,1376595430
3792,4701,1376595460
3792,4733,1376595490
3792,4707,1376595520
3792,4743,1376595550
3792,4744,1376595580
3792,4747,1376595610
3793,4654,1376595881
3793,4661,1376595910
3793,4667,1376595941
3793,4666,1376595970
3793,4531,1376596000
3793,4668,1376596030
3793,4669,1376596061
3793,4672,1376596090
3793,4673,1376596120
3793,4675,1376596150
3793,4677,1376596180
3793,4678,1376596210
3793,4679,1376596240
3793,4680,1376596270
3793,4681,1376596300
3793,4683,1376596330
3793,4682,1376596360
3793,4684,1376596390
3793,4676,1376596420
3793,4686,1376596450
3793,4688,1376596480
3793,4701,1376596510
3793,4733,1376596540
3793,4707,1376596570
3793,4743,1376596601
3793,4744,1376596631
3793,4747,1376596660
3794,4654,1376596909
3794,4661,1376596939
3794,4667,1376596969
3794,4666,1376596999
3794,4531,1376597029
3794,4668,1376597059
3794,4669,1376597089
3794,4672,1376597119
3794,4673,1376597149
3794,4675,1376597179
3794,4677,1376597209
3794,4678,1376597239
3794,4679,1376597269
3794,4680,1376597299
3794,4681,1376597329
3794,4683,1376597359
3794,4682,1376597389
3794,4684,1376597419
3794,4676,1376597449
3794,4686,1376597479
3794,4688,1376597509
3794,4701,1376597539
3794,4733,1376597569
3794,4707,1376597599
3794,4743,1376597629
3794,4744,1376597659
3794,4747,1376597689
2125,4707,1376597746
2125,4743,1376597746
2125,4744,1376597746
2125,4747,1376597746
3795,4654,1376597979
3795,4661,1376598009
3795,4667,1376598039
3795,4666,1376598069
3795,4531,1376598099
3795,4668,1376598129
3795,4669,1376598159
3795,4672,1376598189
3795,4673,1376598219
3795,4675,1376598249
3795,4677,1376598279
3795,4678,1376598309
3795,4679,1376598339
3795,4680,1376598369
3795,4681,1376598399
3795,4683,1376598430
3795,4682,1376598459
3795,4684,1376598489
3795,4676,1376598519
3795,4686,1376598549
3795,4688,1376598579
3795,4701,1376598609
3795,4733,1376598639
3795,4707,1376598669
3795,4743,1376598699
3795,4744,1376598729
3795,4747,1376598759
3795,4458,1376598926
4694,2322,1376603505
2322,4694,1376603551
1334,4198,1376603931
4198,1334,1376604242
2322,4746,1376604595
204,62,1376604925
3465,4649,1376612429
4649,3465,1376612467
1529,2942,1376620161
2942,1529,1376620174
4688,3897,1376624641
4686,3897,1376624689
4682,3897,1376624719
4683,3897,1376624754
4681,3897,1376624790
4680,3897,1376624837
4679,3897,1376624866
4678,3897,1376624896
4676,3897,1376624933
4667,3897,1376624984
2322,3317,1376624985
3317,2322,1376625044
4668,3897,1376625058
4654,3897,1376625091
4531,3897,1376625129
4666,3897,1376625175
4661,3897,1376625211
4672,3897,1376625240
4673,3897,1376625294
4675,3897,1376625334
4707,3897,1376625379
4733,3897,1376625411
4684,3897,1376625478
4701,3897,1376625515
4669,3897,1376625559
4743,3897,1376625638
4744,3897,1376625664
4748,3897,1376625704
3897,3903,1376628662
4649,3903,1376628711
4694,3903,1376629223
3903,4649,1376629490
3903,3897,1376629499
3903,4694,1376629514
4402,4649,1376638051
4649,4402,1376638157
664,905,1376640403
905,664,1376640783
2600,3744,1376642304
3903,3527,1376650687
3527,3903,1376654183
135,3903,1376655539
1,1565,1376656259
4745,4676,1376664599
4745,4678,1376664625
1,4458,1376679281
4746,4756,1376681051
3649,3903,1376681618
2322,4320,1376683178
4320,2322,1376683212
4197,2880,1376687027
2880,4197,1376687134
1832,4757,1376687628
3649,135,1376688749
4757,1832,1376689700
1,3527,1376689791
1,159,1376689838
1,1953,1376689867
1,2642,1376689874
1,2045,1376689917
1,2388,1376690460
1528,4758,1376690771
4758,1528,1376691099
4172,4650,1376691448
4650,4172,1376691920
2880,4641,1376692298
3903,3649,1376692302
4641,2880,1376692449
4363,4379,1376693048
2600,3013,1376703047
3719,4291,1376705364
2125,3897,1376708543
4370,4291,1376710179
4698,2600,1376717332
2600,4759,1376717397
3903,2198,1376749790
4452,4746,1376751338
4746,4452,1376751364
4204,4702,1376754878
3649,4746,1376756613
4521,4482,1376759737
905,4694,1376762782
4315,25,1376767371
4760,4746,1376774027
3649,4760,1376778673
4760,3649,1376779066
1832,2067,1376779517
4452,4761,1376780047
4761,4452,1376780150
2067,1832,1376781628
3699,4762,1376794830
4762,3699,1376795525
4732,1810,1376797408
1810,4732,1376797579
1810,4746,1376802406
2125,2124,1376803614
3903,2600,1376810683
3903,1403,1376810881
3903,363,1376810906
3903,4763,1376810925
4285,4764,1376831451
4764,4285,1376831496
4756,4746,1376842008
4172,4557,1376845404
905,1334,1376850744
4764,4266,1376853330
4764,3260,1376853454
4172,4493,1376855888
4493,4172,1376856047
3649,3611,1376858118
4694,2388,1376859198
1,2266,1376861513
1,2303,1376861566
1,202,1376861616
1,1566,1376861712
1693,2822,1376863376
4694,4765,1376865303
4765,4694,1376865617
4694,4209,1376871074
4209,4694,1376871102
2125,4766,1376872625
2125,4587,1376872637
2125,4687,1376872652
2125,4739,1376872653
2125,4746,1376872653
2125,4603,1376872653
2125,4614,1376872783
2398,3957,1376872847
3957,2398,1376874653
3957,215,1376874832
4209,4635,1376883057
4635,4209,1376883066
2600,4568,1376885019
3649,625,1376886066
625,3649,1376886085
4254,4645,1376890578
4568,2600,1376893241
4568,2942,1376893264
3903,4304,1376894410
3903,4698,1376894469
4642,3903,1376896461
2600,4698,1376910575
4172,4188,1376919895
2125,4645,1376921078
2125,4646,1376921078
2125,4662,1376921079
2125,4663,1376921079
2125,4664,1376921079
2125,3841,1376921079
2125,4742,1376921081
2125,4741,1376921082
4107,3527,1376922023
3527,4107,1376922616
3328,35,1376931380
3353,4172,1376936683
4172,3353,1376938824
2125,4745,1376940324
1639,4172,1376945685
3359,1947,1376947730
1352,4768,1376949257
3527,4075,1376949259
4768,1352,1376949298
4107,4075,1376952720
3735,3897,1376963358
4291,2600,1376967918
2600,4291,1376967969
4291,3719,1376968223
1832,4762,1376970131
4762,1832,1376970255
2125,4762,1376972077
4698,1810,1376972296
1810,4698,1376972355
4258,2600,1376973918
2600,4258,1376973921
4424,35,1376984241
4764,3935,1376992011
3901,4172,1377006651
35,2413,1377008692
4635,3321,1377009958
3321,4635,1377009976
3649,4291,1377013464
3649,3585,1377023121
4635,4762,1377028264
4762,4635,1377028296
4694,1832,1377030489
1832,4499,1377032432
4499,1832,1377032491
4400,4499,1377035130
4648,4769,1377036242
4769,4648,1377036305
1832,4694,1377039169
1953,4770,1377041076
4770,1953,1377041492
2942,274,1377041881
1829,4601,1377041962
2600,4320,1377053057
4320,2600,1377053098
2600,4295,1377055033
4295,2600,1377055102
3013,3699,1377064954
3699,3013,1377064969
4499,4196,1377077506
4196,4499,1377077935
2067,2194,1377085718
4635,4337,1377096451
4337,4635,1377096491
4689,2313,1377103693
4554,4539,1377108733
1334,1555,1377113124
1555,1334,1377113369
4172,4770,1377116324
4770,4172,1377116466
664,4635,1377127666
4635,664,1377127693
3649,25,1377138874
35,4771,1377152630
35,4772,1377152641
4767,2313,1377155676
35,4767,1377158255
4295,4320,1377182241
4320,4295,1377182425
4291,4773,1377184698
4773,4291,1377184792
2600,4774,1377186944
4774,2600,1377187076
4360,2942,1377187272
2942,4281,1377187662
4281,2942,1377187722
2942,4360,1377187760
4756,4775,1377197040
4775,4756,1377197080
2600,4776,1377206107
4776,2600,1377206220
905,4172,1377208683
4776,4635,1377211828
4114,4197,1377212012
2600,4740,1377212630
4740,2600,1377212992
664,1832,1377213826
1832,664,1377213953
1810,3278,1377219234
4694,4778,1377222819
4778,4694,1377222839
4772,35,1377226302
4635,4755,1377227732
4755,4635,1377227744
4254,905,1377242612
2388,3903,1377244740
3903,4284,1377244755
4284,3903,1377244821
3903,2388,1377245275
4482,2565,1377247768
2565,4482,1377248067
4172,4648,1377248526
3129,2289,1377250640
3129,3971,1377250649
3129,4315,1377250659
3129,4779,1377250670
3129,4357,1377250680
3129,3969,1377250702
3129,111,1377250712
3129,3869,1377250722
3129,4107,1377250733
3129,3837,1377250743
3129,3065,1377250754
3129,2580,1377250764
3129,4379,1377250774
3129,4036,1377250785
3129,4358,1377250795
3129,4710,1377250806
3129,3817,1377250816
3129,3270,1377250827
3129,2770,1377250837
3129,4753,1377250847
3129,3510,1377250857
3129,3646,1377250868
3129,4322,1377250878
3129,4780,1377250889
3129,3504,1377250899
3129,4058,1377250909
3129,3965,1377250920
3129,4289,1377250930
3129,4308,1377250941
3129,4579,1377250951
3129,3964,1377250962
3129,3963,1377250972
3129,4330,1377250983
3129,3133,1377250993
3129,4338,1377251004
3129,3962,1377251015
3129,4711,1377251025
3129,4712,1377251035
3129,563,1377251046
3129,3961,1377251057
3129,3669,1377251067
3129,2840,1377251078
3129,4713,1377251089
3129,4554,1377251100
3129,4714,1377251110
3129,4266,1377251120
3129,4715,1377251130
3129,3960,1377251141
3129,4341,1377251161
3129,4197,1377251171
3129,4716,1377251182
3129,4504,1377251192
3129,4031,1377251202
3129,1508,1377251213
3129,3957,1377251223
3129,3956,1377251234
3129,4778,1377251244
3129,3954,1377251255
3129,274,1377251265
3129,4281,1377251275
3129,4067,1377251285
3129,4359,1377251296
3129,3470,1377251306
3129,3519,1377251316
3129,2167,1377251326
3129,4781,1377251337
3129,3935,1377251347
3129,4340,1377251357
3129,3551,1377251368
3129,4717,1377251378
3129,1272,1377251389
3129,4782,1377251399
3129,4718,1377251409
3129,3459,1377251422
3129,4188,1377251432
3129,4719,1377251442
3129,4355,1377251452
3129,2281,1377251463
3129,2013,1377251474
3129,3377,1377251484
3129,3191,1377251495
3129,4179,1377251506
3129,3926,1377251516
3129,1277,1377251526
3129,3949,1377251537
3129,4211,1377251548
3129,3948,1377251558
3129,3527,1377251568
3129,4783,1377251579
3129,630,1377251589
3129,3947,1377251599
3129,491,1377251610
3129,3916,1377251620
3129,4784,1377251631
3129,3946,1377251641
3129,4720,1377251652
3129,4785,1377251662
3129,3830,1377251672
3129,4073,1377251683
3129,35,1377251693
3129,4721,1377251703
3129,3060,1377251714
3129,2600,1377251724
3129,4786,1377251734
3129,3743,1377251745
3129,4417,1377251755
3129,4317,1377251766
3129,2903,1377251777
3129,3626,1377251792
3129,4722,1377251802
3129,4723,1377251813
3129,1295,1377251824
3129,3941,1377251835
3129,1851,1377251845
3129,4285,1377251856
3129,4068,1377251866
3129,4370,1377251877
3129,408,1377251887
3129,3939,1377251897
3129,3729,1377251908
3129,2113,1377251918
3129,2755,1377251928
3129,3937,1377251940
3129,3208,1377251950
3129,2064,1377251960
3129,363,1377251970
3129,2246,1377251981
3129,4724,1377251991
3129,2430,1377252001
3129,3934,1377252012
3129,3933,1377252023
3129,1615,1377252033
3129,3632,1377252044
3129,1849,1377252057
3129,2484,1377252067
3129,4725,1377252077
3129,4726,1377252088
3129,3656,1377252099
3129,4727,1377252109
3129,4728,1377252119
3129,3901,1377252130
3129,1933,1377252140
3129,3930,1377252150
3129,4648,1377252160
3598,4787,1377263061
4756,4570,1377265623
4570,4756,1377265711
4778,2063,1377266588
4570,4694,1377268798
4694,4570,1377268917
4635,4353,1377270559
4353,4635,1377270597
4291,4635,1377272474
4635,4291,1377272523
4197,2012,1377275674
2012,4197,1377275733
2063,4635,1377276351
4635,2063,1377276407
4635,4776,1377276778
4284,3981,1377281160
3981,4284,1377281209
2625,2942,1377283243
2600,2942,1377297368
2942,2600,1377303231
1334,4635,1377303851
4635,1334,1377303963
4254,4788,1377315973
4788,4254,1377316871
4788,2600,1377317548
2600,4788,1377317708
4732,2600,1377318585
2600,4732,1377318637
4301,3776,1377332467
664,539,1377339017
539,664,1377339462
4315,4789,1377341160
4789,4308,1377341195
1948,3750,1377347982
3750,1948,1377348087
35,4790,1377352278
1334,4304,1377362034
4791,1810,1377373236
4709,4424,1377376660
4424,4709,1377376976
4107,4204,1377382580
4204,4107,1377382624
4107,4792,1377385969
4793,4308,1377386820
4315,3129,1377386909
2600,3389,1377393458
4189,2600,1377398946
2600,4189,1377399033
3005,4790,1377417624
4308,3129,1377422127
4756,4777,1377462019
4777,4756,1377462097
1953,1810,1377463892
2600,4794,1377465186
2600,2176,1377468788
2176,2600,1377468862
1810,4756,1377481562
4794,2600,1377485394
1810,4777,1377486175
625,3926,1377490980
4301,3872,1377509562
4795,2252,1377515942
2252,4795,1377516054
4635,4281,1377525024
4584,3649,1377551564
3649,4584,1377551681
4584,1334,1377554115
2044,4197,1377554653
4197,2044,1377557364
4172,1953,1377559775
4172,2635,1377559849
4320,4773,1377561389
4773,4320,1377561428
4197,4796,1377561888
4796,4197,1377561936
4363,2754,1377562801
1953,4638,1377565171
4791,3957,1377565446
1810,4796,1377565520
1810,4775,1377565593
4295,4638,1377567556
4791,4638,1377579596
4197,4797,1377580822
4797,4197,1377580938
3903,4791,1377581726
4773,4795,1377586965
4795,4773,1377587015
4790,35,1377590039
2565,2906,1377601367
2906,2565,1377601841
4107,4753,1377604265
4753,4107,1377604861
3013,2600,1377611694
4301,3869,1377615362
4301,4798,1377615672
4301,4107,1377619820
35,4799,1377621596
4301,4466,1377621751
4694,3926,1377622373
2392,1629,1377624801
4799,35,1377625232
2942,156,1377626124
2296,4800,1377630628
4611,57,1377632643
57,4611,1377632676
2125,3837,1377636726
4694,4708,1377638731
2642,4801,1377640128
4635,4197,1377643225
4197,4635,1377644941
4800,2296,1377644975
4611,4379,1377647457
4379,4611,1377649247
4197,3610,1377649391
3610,4197,1377649591
2388,4694,1377650344
1612,4189,1377653430
4189,1612,1377653533
4635,4803,1377653544
4803,4635,1377653648
4038,1810,1377656604
4363,25,1377664696
2165,25,1377664736
4791,25,1377667674
4698,3746,1377676976
3217,4795,1377688886
4795,3217,1377688899
4281,4635,1377695502
1810,4452,1377703289
4452,1810,1377703363
4197,4804,1377705964
4804,4197,1377706004
3697,4698,1377710637
4698,3697,1377710652
2840,4698,1377712886
2125,1731,1377714574
2378,4753,1377717291
4753,2378,1377717389
1810,4616,1377719105
3750,3122,1377722167
4635,4320,1377729162
4320,4635,1377729163
3649,1394,1377729871
1394,3649,1377731226
1810,4804,1377738682
2600,4632,1377742555
4632,2600,1377742620
4308,4789,1377751383
4308,4793,1377751403
3122,3750,1377753797
4284,4616,1377760264
4698,4694,1377765621
4648,4172,1377771673
4616,4284,1377788407
4698,4635,1377788412
4616,1810,1377788434
2942,4038,1377796266
1832,4038,1377796608
4197,4805,1377797461
4805,4197,1377797618
4611,4806,1377800120
4806,4611,1377800136
4698,1832,1377804089
2942,57,1377805152
905,4038,1377806499
3487,4197,1377806669
4197,3487,1377806692
3746,4807,1377809884
4779,4172,1377810303
4172,4779,1377810323
4807,3746,1377810718
4779,4809,1377812454
4779,4810,1377812473
4779,2781,1377812479
4779,4151,1377812488
4779,4529,1377812497
4779,3165,1377812517
4779,3086,1377812544
4779,4540,1377812606
3649,4636,1377820899
4802,2600,1377827205
2600,4802,1377827234
4800,3465,1377834359
1832,4698,1377839433
3746,4698,1377839450
4635,4698,1377839542
1689,2600,1377849212
2600,1689,1377849243
415,2313,1377851762
2565,3122,1377870657
3122,2565,1377871675
3504,4217,1377871978
4107,4779,1377872247
4745,4694,1377872312
4779,4107,1377872352
2296,4802,1377879870
4791,4802,1377879903
4411,4812,1377886223
4812,4411,1377886412
4812,4288,1377886826
4812,4506,1377887269
4812,3260,1377887580
4611,4524,1377889342
4281,905,1377894441
905,4281,1377894954
4791,2496,1377897970
2496,4791,1377898097
4197,4813,1377904560
4813,4197,1377904601
4635,4553,1377907935
4553,4635,1377907979
1334,4284,1377908787
1334,4791,1377910854
4361,4320,1377913357
4320,4361,1377913359
4361,4635,1377915218
4635,4361,1377915224
4694,4814,1377918136
4814,4694,1377918260
2600,2835,1377920277
2835,2600,1377920323
4791,4698,1377939522
1810,405,1377964508
1334,2600,1377970903
3719,4270,1377972409
4270,3719,1377972501
1334,4816,1377975365
4270,4172,1377976931
2388,2266,1377982408
2322,4761,1377985449
4761,2322,1377985730
4511,35,1377986311
35,4511,1377986332
4759,2600,1377986910
1555,3897,1377989458
1810,4038,1377990728
539,3669,1377992384
4814,2322,1377996491
2322,4814,1377996550
1555,4795,1378021382
4795,1555,1378021415
2044,4795,1378026253
4795,2044,1378026370
4708,4694,1378047063
4814,4818,1378048234
4818,4814,1378048254
1334,4279,1378054133
1810,4818,1378054606
1810,4814,1378054665
4611,4816,1378060540
4816,4611,1378060817
4708,1810,1378067371
35,4461,1378067623
1334,1819,1378074404
4553,2600,1378074491
2600,4553,1378074522
1334,4659,1378082197
4284,4521,1378090755
4553,4511,1378092705
4511,4553,1378092746
4521,4284,1378103638
4284,491,1378105463
4819,2625,1378131636
1286,2625,1378137210
2125,4331,1378139957
4611,3854,1378142080
3854,4611,1378142654
4611,3321,1378143979
3321,4611,1378144084
4400,4172,1378151302
4172,4400,1378151643
35,4820,1378154941
2642,4554,1378155135
4554,2642,1378155173
4820,35,1378155368
905,4554,1378155927
4197,3649,1378157595
35,4821,1378157707
35,4787,1378157734
500,4823,1378157852
500,4824,1378157883
4824,500,1378158077
4824,4823,1378158093
4824,1191,1378158143
1334,2835,1378160555
2835,1334,1378160557
3642,2642,1378162740
4693,4554,1378164825
4554,4693,1378164961
4611,4825,1378166566
625,25,1378168540
2835,3020,1378169558
3020,2835,1378169782
625,4136,1378171512
4136,625,1378171536
4694,3317,1378172450
3317,4694,1378172494
4694,3013,1378177385
4284,4611,1378184815
4611,4284,1378184885
4611,4795,1378190754
4795,4611,1378190857
4482,3750,1378199602
3750,4482,1378199703
4554,4360,1378201405
4197,3750,1378210874
3750,4197,1378211448
4826,35,1378212696
3345,4172,1378214704
4791,4694,1378215249
4825,4611,1378226987
4694,4825,1378228372
4825,4694,1378228373
3897,1555,1378232460
4714,3960,1378234869
4828,4635,1378237582
2322,4829,1378238032
4829,2322,1378238409
3465,2316,1378239072
1832,4828,1378240451
4172,3465,1378240477
4828,1832,1378240480
1363,1656,1378244428
1334,4828,1378249479
4828,1334,1378249653
4197,4703,1378250484
4703,4197,1378250497
192,1396,1378254587
192,1386,1378254692
192,1363,1378254727
192,135,1378254746
192,2046,1378254809
192,1615,1378254960
192,2045,1378254979
192,25,1378254996
4611,3649,1378261205
3649,4611,1378261253
2835,1,1378264562
4694,4830,1378270711
4830,4694,1378270920
4365,4515,1378272243
4515,4365,1378272301
4584,4791,1378274372
4694,4791,1378274445
3719,4831,1378275005
4795,1810,1378275244
4795,4832,1378276198
4365,2104,1378277160
2104,4365,1378277822
2322,4833,1378309442
4833,2322,1378309485
4611,4834,1378322935
4834,4611,1378322951
1810,4791,1378326905
3413,35,1378328064
3413,4791,1378328817
545,1948,1378334481
3013,4694,1378336617
3897,4606,1378344335
4606,3897,1378344447
2661,4236,1378346002
3649,2661,1378347093
2661,3649,1378347096
3649,2404,1378350495
2404,3649,1378351088
4284,4736,1378356531
4787,35,1378370936
4172,1245,1378376052
1245,4172,1378376098
4284,486,1378383662
4172,4835,1378387698
342,4249,1378398419
3649,4836,1378398614
2642,4524,1378399697
4524,2642,1378399988
1334,1316,1378402123
4416,3746,1378404158
4837,35,1378404315
35,4554,1378404465
4554,35,1378404507
2125,4816,1378415962
1819,1334,1378416121
4694,3427,1378421871
3427,4694,1378421901
2835,4546,1378424617
4546,2835,1378424809
4694,4584,1378431569
4584,4694,1378433997
625,2388,1378435458
486,4284,1378435548
2388,625,1378439280
4511,4838,1378447934
4838,4511,1378447993
2318,4573,1378449862
4573,2318,1378454657
4787,4839,1378457133
4839,4787,1378457185
4745,1018,1378468266
4570,4172,1378469444
1334,4840,1378471743
4608,4787,1378472144
4694,4632,1378491117
4632,4694,1378491512
4736,4284,1378495579
2565,545,1378504666
2296,4649,1378528895
2388,3719,1378539130
2388,4098,1378542907
4787,4842,1378559181
4842,4787,1378559251
4204,2851,1378565279
1810,4795,1378575206
4832,4795,1378576368
1334,4843,1378577956
4694,1334,1378584677
363,1810,1378589436
1810,363,1378589563
4840,4787,1378598406
4787,4840,1378598620
4322,4753,1378601729
4753,4322,1378601965
4172,3389,1378603586
3389,4172,1378603664
4562,1548,1378609509
1548,4562,1378609558
4397,4844,1378654066
4844,4397,1378654071
4606,35,1378675737
4172,4125,1378677723
4125,4172,1378677762
2835,4694,1378678878
4694,2835,1378678901
4499,4635,1378681763
4635,4499,1378682792
4635,41,1378686270
41,4635,1378686271
1878,1383,1378688318
4635,4761,1378688897
3013,4291,1378688968
4291,3013,1378688989
4761,4635,1378689694
4197,2496,1378692058
2496,4197,1378692196
4844,3897,1378693237
3897,4844,1378693346
4136,4291,1378693347
4397,4381,1378698081
4381,4397,1378698460
4197,4515,1378701852
4389,4839,1378734517
4172,4845,1378735876
4845,4172,1378735942
4839,4389,1378736398
4419,4846,1378748401
4846,4419,1378748491
905,3919,1378749190
4844,4833,1378754910
4833,4844,1378754927
3342,2625,1378762174
2625,3342,1378762264
3389,3897,1378763287
3897,3389,1378763364
4832,4847,1378764118
4847,4832,1378764192
2754,4363,1378767959
4694,4848,1378773746
4848,4694,1378773794
2430,4787,1378819233
4787,2430,1378819309
4554,3413,1378820158
4832,4849,1378824885
4694,4136,1378829009
4136,4694,1378829023
3649,4197,1378835358
3746,4774,1378840723
4774,3746,1378840909
2647,4779,1378854559
3837,4609,1378861950
4847,4851,1378864814
4851,4847,1378864867
4780,3445,1378876617
4608,539,1378889939
4787,4852,1378890065
4852,4787,1378890217
1810,4853,1378923597
1018,4745,1378926004
4557,4172,1378931316
4379,4172,1378931739
1334,2775,1378932644
35,4826,1378934320
35,4837,1378934358
35,4838,1378934387
35,4854,1378934397
4854,35,1378934562
41,4197,1378935523
4197,41,1378935544
4291,2642,1378951108
3487,4511,1378954290
2318,4519,1378954791
2296,3767,1378955472
4816,1731,1378959270
3413,4554,1378960105
664,4787,1378985249
4291,2430,1378994314
2430,4291,1378994363
2430,4320,1378994576
4320,2430,1378994654
4172,4855,1378999912
13,4384,1379014785
4384,13,1379014826
4844,4384,1379018665
4384,4844,1379018939
4553,4844,1379020848
4844,4553,1379020864
4301,4855,1379025342
4197,4850,1379048664
3429,4611,1379052937
4611,3429,1379052943
4611,4844,1379054667
4844,4611,1379054701
4107,3357,1379071799
3452,4538,1379076923
4538,3452,1379077150
4694,4295,1379081845
4295,4694,1379081926
1018,3837,1379094241
4291,2056,1379095899
3746,4856,1379104395
4844,35,1379105991
3172,35,1379106645
35,3172,1379106650
4291,2044,1379127854
2044,4291,1379128078
2125,4841,1379129710
1018,4857,1379134058
57,2404,1379135339
4291,4189,1379135926
4189,4291,1379135955
2404,57,1379136165
2848,2388,1379138845
4857,230,1379150566
4787,664,1379151017
4787,4338,1379152984
3018,4042,1379154143
3897,4693,1379178445
4693,3897,1379178503
4291,2848,1379179101
3719,1639,1379180694
4835,4858,1379184829
4858,4835,1379184968
4858,3086,1379185404
3919,2344,1379191516
35,4859,1379196186
4859,35,1379198800
4693,4830,1379202947
4830,4693,1379203032
4291,625,1379209836
625,4291,1379209852
4859,3646,1379212453
1810,4858,1379231622
1810,4835,1379231625
4787,4861,1379239888
4861,4787,1379239918
4839,4862,1379244441
4862,4839,1379244567
4787,3598,1379247227
4861,4863,1379258656
3649,2472,1379264794
4830,4861,1379272629
4861,4830,1379272726
1810,4844,1379273876
4615,3404,1379275346
4615,3545,1379277757
3545,4615,1379278043
4846,4844,1379281167
2464,4400,1379281635
3404,4615,1379283327
4615,4115,1379288050
4291,353,1379306947
4172,4787,1379323533
4787,4172,1379323683
3901,4753,1379326744
1639,3719,1379338031
2625,2642,1379354261
2625,1675,1379354394
4559,2472,1379357458
2472,4559,1379357469
4857,3129,1379363966
4857,2013,1379364141
664,1735,1379367817
1334,1386,1379369888
4694,4420,1379371207
4197,4189,1379376132
4189,4197,1379376141
4694,4379,1379377140
4379,4694,1379377970
3719,3649,1379379365
3649,3719,1379379426
3649,3924,1379383689
3924,3649,1379384016
2942,3828,1379399816
3828,2942,1379399872
1550,4549,1379426760
4549,1550,1379429889
4694,905,1379434761
2431,4038,1379440328
35,4864,1379444910
4708,4814,1379445398
1018,1819,1379447960
4708,3649,1379453263
1018,1829,1379459284
4694,2230,1379491657
35,4865,1379518032
2835,2388,1379530012
2388,2835,1379533358
4554,3168,1379541502
3168,4554,1379541575
4291,1334,1379546305
1334,4291,1379546451
3924,4694,1379550906
57,3278,1379553220
2848,2076,1379569190
2565,4608,1379571179
4608,2565,1379571251
4787,4780,1379590483
4780,4787,1379590715
4204,4506,1379591288
4648,2378,1379598878
2378,4648,1379598909
3837,25,1379619872
3682,4197,1379622037
2892,4866,1379626715
57,2942,1379631350
4119,3804,1379642317
3804,4119,1379642432
1810,4868,1379642555
4859,4869,1379653391
4869,4859,1379653425
4172,3901,1379674523
35,2691,1379675910
4482,4521,1379676234
2296,4519,1379690447
4870,3897,1379690538
3319,1334,1379696432
4871,4870,1379696770
4870,4871,1379697145
4870,2296,1379699536
4870,4857,1379699559
4870,4172,1379699571
3452,4870,1379699625
1810,4870,1379699704
4857,4870,1379700121
2296,4870,1379700235
1829,1018,1379713224
4857,1656,1379714031
2958,2625,1379714401
4172,4870,1379718644
3897,4870,1379718647
4511,3283,1379725929
2125,141,1379726037
3283,4511,1379726277
4291,872,1379726548
872,4291,1379726724
4787,2167,1379732174
2167,4787,1379735706
2125,4490,1379736681
4511,4872,1379738568
4872,4511,1379738703
4172,4873,1379763704
4873,4172,1379763728
4559,1990,1379789919
1990,4559,1379790120
4559,640,1379790500
640,4559,1379790563
1810,3642,1379793728
640,3892,1379803056
3892,640,1379803112
4851,2388,1379804276
2388,4851,1379806056
3649,4867,1379806793
4867,3649,1379806932
4694,4573,1379813483
4573,4694,1379814462
4787,2127,1379843240
4830,4609,1379864439
4291,4830,1379865812
4830,4291,1379865864
3531,2835,1379869653
3897,3257,1379887105
3257,3897,1379887191
4291,4693,1379897634
4693,4291,1379897726
4869,4875,1379899347
4291,4800,1379903419
3897,546,1379904522
4511,3487,1379915665
4107,4648,1379933213
4648,4107,1379933267
3018,2378,1379938970
4360,4559,1379945001
4559,4360,1379945020
3897,2430,1379946808
2430,3897,1379946817
4875,4869,1379949018
2625,4459,1379951464
4459,2625,1379951908
1810,4665,1379953024
4665,1810,1379953064
2691,35,1379961185
3018,4172,1379962573
4204,4876,1379963041
4320,4197,1379965642
4197,4320,1379965715
2396,361,1379966664
2470,2691,1379967179
2691,2470,1379967206
35,4877,1379970497
35,4878,1379970507
35,4822,1379970566
4284,4599,1379999238
4841,2835,1379999620
2835,4841,1379999706
4874,3452,1380002220
3452,4874,1380002267
4291,3389,1380049513
3389,4291,1380049591
4197,3538,1380069766
3538,4197,1380069824
135,3628,1380076388
3628,135,1380077097
4694,4499,1380083645
135,2848,1380084639
4787,1185,1380095558
2848,135,1380104027
2848,3319,1380111862
2848,2635,1380111967
3649,3319,1380112807
2848,2446,1380113156
2848,3649,1380113188
4862,3743,1380116012
3102,35,1380119275
4864,35,1380124104
361,2396,1380125479
3897,1731,1380134133
4281,4197,1380135321
4197,4281,1380135481
625,361,1380136973
361,625,1380137164
4281,3897,1380140913
3897,4281,1380141004
35,4861,1380143146
4861,35,1380143170
4334,3897,1380156782
3897,4334,1380156846
4850,4197,1380169091
3107,1018,1380171336
4511,4337,1380210742
4337,4511,1380210805
4861,4559,1380214947
4559,4861,1380214955
1731,3649,1380215451
3649,1731,1380218318
546,3897,1380221229
1334,4694,1380224905
4610,1018,1380225639
1018,4610,1380225705
2942,4879,1380229701
4879,2942,1380229728
4774,2625,1380232259
4879,4559,1380233015
4559,4879,1380233020
3897,1334,1380233617
1810,3355,1380234017
3355,1810,1380234730
539,2942,1380235107
2942,539,1380235185
4740,2942,1380242582
4360,4554,1380270595
4878,35,1380291264
4694,4880,1380293270
4694,4881,1380293663
4881,4694,1380293778
3960,4714,1380305425
3353,4650,1380315232
2470,4882,1380315630
4882,2470,1380315666
1508,1731,1380317858
4172,4273,1380320082
4650,3353,1380320211
4273,4172,1380320212
3897,1508,1380321911
4800,3421,1380337480
4875,4841,1380341999
4841,4875,1380342017
3013,4875,1380345524
2538,1018,1380346590
4883,4862,1380354572
4862,4883,1380354725
4875,3013,1380356120
4499,4559,1380386121
4559,4499,1380386263
4883,35,1380387968
2127,3642,1380388130
4315,1185,1380397255
3425,4511,1380424611
3421,4800,1380430581
4365,3903,1380441194
3903,4365,1380441235
3903,4883,1380467134
2125,4370,1380470796
2835,3531,1380471158
4875,4884,1380477558
4884,4875,1380477883
4883,4884,1380483869
4320,4875,1380485624
4875,4320,1380485708
1555,4172,1380486768
4172,1555,1380486846
4883,2942,1380503720
2942,4883,1380503725
4649,1508,1380505219
1508,4649,1380505750
4883,4197,1380509314
4197,4883,1380509422
4883,4875,1380514852
4875,4883,1380514941
3533,4875,1380523754
4875,3533,1380523905
4875,4867,1380560631
2942,1731,1380561150
4197,2337,1380564321
2337,4197,1380564332
3903,2647,1380564789
3903,3018,1380564816
2647,3903,1380564841
4867,4875,1380568451
4197,4708,1380570109
4708,4197,1380570136
905,3719,1380576246
905,4883,1380578095
4885,4883,1380582515
3897,1689,1380591984
1689,3897,1380591992
1217,2313,1380616262
2313,1217,1380635277
1018,4365,1380649580
2125,4815,1380651774
1656,1363,1380652201
1656,13,1380652243
1656,905,1380652256
1656,1512,1380652265
1656,96,1380652277
1656,1885,1380652290
1656,3345,1380652306
1656,2388,1380652317
1656,2934,1380652330
1656,2795,1380652341
1656,1316,1380652357
1656,1752,1380652360
1656,1731,1380652372
1656,417,1380652379
1656,823,1380652388
1656,1018,1380652459
1656,1565,1380652480
1656,1802,1380652522
1656,57,1380652558
1656,2230,1380652581
4365,1018,1380652850
4197,4886,1380653705
4886,4197,1380653772
353,4887,1380657471
4887,353,1380658098
353,2942,1380679731
2942,4740,1380688963
2625,2430,1380718792
2430,2625,1380718811
4708,2625,1380719660
4890,2625,1380722363
4172,3986,1380725422
3986,4172,1380725859
2647,4172,1380726174
4611,2322,1380735283
2322,4611,1380735290
2322,4197,1380736812
4197,2322,1380736840
4416,230,1380741200
35,4559,1380747410
2045,304,1380750923
304,2045,1380750953
2318,2045,1380751201
2045,2318,1380751240
2318,304,1380751255
33,3649,1380751752
3649,33,1380751800
2388,4891,1380787410
4648,4892,1380813294
4892,4648,1380813395
1731,1508,1380814896
215,1383,1380815893
353,25,1380815902
1832,2028,1380816125
215,2028,1380816129
2165,2028,1380816757
2165,2214,1380816847
4648,3880,1380823118
3880,4648,1380823224
4649,4893,1380826170
4893,4649,1380826306
2942,2625,1380835927
4884,4894,1380838170
4894,4884,1380838733
4893,4771,1380845191
4771,4893,1380845429
4553,3897,1380857740
3897,4553,1380857808
3897,4879,1380860245
4879,3897,1380860282
4875,4837,1380873593
4837,4875,1380874077
4890,2934,1380884011
2552,4890,1380893198
4890,2552,1380893252
710,4893,1380912700
4893,710,1380913272
4694,2892,1380913907
2892,4694,1380914045
710,2892,1380918570
2892,710,1380918670
3018,3189,1380924264
4107,1334,1380928640
4499,4875,1380936352
1508,2642,1380936724
4875,4499,1380937348
3916,2322,1380975371
2322,3916,1380975397
2296,481,1380977446
2296,57,1380977662
2296,1,1380977686
2296,1201,1380977793
35,4895,1380982778
2313,2305,1380983901
2635,4896,1380984546
4896,4897,1380984917
2322,4862,1380984957
4862,2322,1380985038
2305,2313,1380985915
2322,4893,1380989259
4893,2322,1380989342
4895,35,1381000430
2322,4559,1381004527
4559,2322,1381004600
4291,4518,1381005166
4518,4291,1381005219
3926,4518,1381005441
4518,3926,1381005485
4172,1334,1381018130
1334,4172,1381018145
2269,905,1381021795
4291,4136,1381023020
4875,2322,1381027019
2322,4875,1381027062
2977,4875,1381030644
3487,4875,1381035952
4875,3487,1381036053
2303,4315,1381050967
4315,2303,1381051222
2934,1656,1381060207
2934,4890,1381072544
4893,3528,1381079650
3528,4893,1381079655
4867,4893,1381085125
4893,4867,1381085154
4893,3405,1381088190
3405,4893,1381088432
4893,4875,1381097298
4875,4893,1381097396
2388,353,1381099928
215,3642,1381100546
4172,4524,1381157135
4890,4554,1381160673
4554,4890,1381160784
1810,4524,1381167959
2322,3001,1381168361
3001,2322,1381168392
2322,3283,1381173488
3283,2322,1381173603
4291,4898,1381177272
4898,4291,1381177336
4890,4320,1381194766
4291,4893,1381196234
4893,4291,1381196282
1396,2110,1381206008
2977,4893,1381238827
4893,2977,1381238841
546,4899,1381245326
4899,546,1381246624
4899,4900,1381247130
1998,4898,1381250263
4898,1998,1381250281
1018,4248,1381253618
4898,4732,1381260634
4732,4898,1381261026
4172,3018,1381261841
4460,4618,1381272087
4315,4460,1381273080
4875,3168,1381279850
3168,4875,1381279936
4618,4460,1381283525
4901,4875,1381303731
4890,4898,1381331792
4898,4890,1381331810
4887,4888,1381341047
1810,2003,1381341184
2003,1810,1381341272
4779,2647,1381341515
4569,4197,1381363485
4197,4875,1381365083
4875,4197,1381365129
1403,4249,1381372183
4249,1403,1381372249
4611,4890,1381376497
4890,4611,1381376513
4499,4694,1381380996
4694,3924,1381381149
4499,4881,1381386275
4881,4499,1381386571
4902,2141,1381386713
4875,4901,1381387097
2252,1,1381399801
2252,2378,1381400001
3897,4197,1381436700
4197,3897,1381437147
3897,4875,1381437850
4875,3897,1381437943
4320,4898,1381443163
4898,4320,1381443242
2378,2252,1381443761
4890,4903,1381444943
4898,2388,1381446951
4566,4898,1381455170
4291,4890,1381457657
4787,1034,1381472232
1034,4787,1381472333
4365,4875,1381475565
4875,4365,1381475566
4365,4787,1381475962
4787,4365,1381476101
4291,3020,1381518534
3020,4291,1381518769
1396,554,1381526132
4460,4315,1381539413
4107,4163,1381549358
4107,1639,1381549391
4890,4862,1381584496
4862,4890,1381585443
3837,3781,1381588982
3781,3837,1381589028
4898,4197,1381595714
4875,3389,1381604184
3353,4904,1381605044
2165,1334,1381607994
4499,4890,1381643057
4890,4499,1381643705
4163,4905,1381650399
4905,4163,1381650429
4559,4562,1381669264
35,4562,1381671586
2647,4906,1381695313
4906,2647,1381696066
4291,4907,1381696286
4907,4291,1381701437
4907,4788,1381702413
4907,4197,1381702712
4788,4907,1381702764
4890,4649,1381717760
4649,4890,1381717782
4285,4908,1381746754
4908,4285,1381747126
4890,4875,1381757098
4875,4890,1381757185
1639,4107,1381758191
4559,3345,1381764055
3345,4559,1381764080
2125,4909,1381767358
2125,4910,1381767358
2125,4911,1381767358
2125,4912,1381767358
2125,4913,1381767358
2125,4914,1381767359
3897,4884,1381774324
4884,3897,1381774371
4172,3531,1381775711
2296,4379,1381777464
3897,2472,1381777877
2472,3897,1381777912
3487,4907,1381780628
4907,3487,1381780792
3814,4559,1381783686
2625,4197,1381789799
4890,4197,1381792622
4197,4890,1381792665
4900,4899,1381794934
4890,4893,1381801363
4893,4890,1381801404
4320,4890,1381810243
4898,4566,1381823609
4890,4360,1381827015
4360,4890,1381827054
4482,4915,1381828536
4559,4916,1381831817
4917,4559,1381833226
4916,4559,1381840955
4890,3229,1381842077
3229,4890,1381843714
1018,4918,1381854235
4915,4482,1381855430
4694,4918,1381856091
4898,4919,1381860569
4919,4898,1381860716
4694,4616,1381865590
4616,4694,1381865756
4559,35,1381868183
2388,4649,1381887078
4649,2388,1381887578
4918,4694,1381894839
4618,4308,1381906196
4308,4618,1381906338
3804,4875,1381907026
4875,3804,1381910283
1953,4075,1381914416
2647,2378,1381915414
2635,4920,1381922925
4920,4779,1381923692
4893,4583,1381931504
4583,4893,1381931520
4559,4611,1381935883
4611,4559,1381935898
1,2175,1381943076
2175,1,1381943216
4732,4694,1381944492
2175,4875,1381954074
4875,2175,1381954252
2175,4559,1381956244
4559,2175,1381956253
4694,4898,1381958042
4907,4694,1381962052
2067,4107,1381965266
4107,4921,1381967933
4921,4922,1381968085
202,4921,1381968777
4922,4921,1381968781
4890,4291,1381978037
4694,4907,1381978572
4197,4569,1381986863
4573,4857,1382001117
4857,4573,1382002340
2167,4315,1382005357
4559,4457,1382006617
4457,4559,1382006721
4857,1018,1382006777
4320,2625,1382015687
2625,4320,1382015687
4921,1352,1382037126
1334,4923,1382038471
4923,1334,1382038581
2392,4266,1382039721
1018,2252,1382042659
2252,1018,1382042899
2313,415,1382048969
2313,4915,1382048977
625,4875,1382077881
4875,625,1382078196
4482,4924,1382094048
4924,4482,1382094154
4559,3814,1382102478
4893,4828,1382108567
4694,4732,1382110444
546,4925,1382113218
4925,546,1382113229
4172,1565,1382115317
546,2195,1382115585
2195,546,1382115727
4291,1565,1382116071
4291,2195,1382117538
2195,4291,1382117592
4907,4926,1382131077
4926,4907,1382131103
3875,4197,1382132403
2048,2625,1382133621
2296,4907,1382135317
2296,4926,1382135415
4893,4788,1382135419
4788,4893,1382135454
4893,3168,1382136277
3168,4893,1382136382
4559,4334,1382139910
4334,4559,1382139965
1832,1731,1382141324
2404,3172,1382147539
4905,2195,1382152680
2635,4927,1382196017
4055,2878,1382206504
3735,4928,1382208399
4928,3735,1382208512
4927,4929,1382208791
4927,4930,1382208811
4927,4931,1382208826
4927,4932,1382208842
1018,4049,1382209713
1731,4197,1382211606
2878,4055,1382211992
4301,4933,1382212870
2048,4025,1382212922
4301,4934,1382212950
4928,2625,1382214164
2625,3168,1382214684
3168,2625,1382214766
4301,4935,1382224308
4301,4936,1382224658
4197,1731,1382225326
353,4559,1382226788
4559,353,1382226879
4553,4787,1382242198
4787,4553,1382242231
4937,4898,1382274436
4559,3023,1382290843
3892,4172,1382290980
3023,4559,1382292750
2045,3719,1382293494
4301,4938,1382297731
4172,546,1382302120
546,4172,1382302174
2318,2892,1382313894
2892,1731,1382314430
2892,2318,1382314476
1731,2892,1382314777
4365,4562,1382317873
4562,4365,1382317932
4562,4559,1382318572
3172,2404,1382321821
4291,550,1382322977
550,4291,1382323020
1018,1731,1382326159
3838,25,1382329140
2110,2661,1382333966
2661,2110,1382334209
2661,4026,1382334240
3377,3854,1382347175
4559,4917,1382365361
4172,1018,1382366564
4197,2312,1382383138
2312,4197,1382383419
4915,2313,1382389597
4551,4841,1382396520
4841,4551,1382396577
1615,4939,1382431007
4004,1517,1382439250
4862,4559,1382448902
4559,4862,1382448947
4291,4559,1382450529
4559,4291,1382450564
4291,3781,1382452245
4650,4779,1382459988
4779,4650,1382460218
2322,1,1382463737
2625,4940,1382464267
4940,2625,1382464842
4919,2625,1382465668
4291,4941,1382469746
3781,4291,1382472063
4919,4694,1382473091
4694,4919,1382473129
4940,4004,1382473411
4925,2892,1382473586
2892,4925,1382473703
3837,4197,1382482722
4197,3837,1382482842
2388,2775,1382510358
2775,2635,1382512123
4172,353,1382517459
4172,133,1382525675
133,4172,1382525839
4172,2625,1382529172
2625,4172,1382529263
4559,4004,1382532828
4559,4937,1382534629
4937,4559,1382534704
1565,215,1382539536
215,4459,1382539579
1034,4618,1382542483
4841,2625,1382543585
2625,4841,1382544769
4559,4943,1382546786
4943,4559,1382546818
141,1731,1382548427
1731,141,1382548817
4559,4944,1382549742
4944,4559,1382550222
710,4197,1382562293
4197,710,1382562315
710,4945,1382568910
4945,710,1382568954
4945,4919,1382568961
4559,3389,1382569581
3389,4559,1382569612
2252,1656,1382571146
4559,546,1382578493
546,4559,1382578535
4559,4875,1382581379
4875,4559,1382581443
7,4946,1382589742
4946,7,1382590073
4618,1034,1382603834
1555,732,1382606563
732,1555,1382606609
1998,4559,1382618415
4559,1998,1382618640
3527,4938,1382631231
4938,3527,1382631305
1731,272,1382631398
2056,4291,1382633199
4918,1018,1382640955
4004,4197,1382643802
4779,4934,1382645487
4779,4920,1382645488
4779,4947,1382645488
4779,4948,1382645546
4779,4949,1382645547
4779,4175,1382645547
4779,4950,1382647725
4779,4951,1382648305
4779,2889,1382648306
4779,4904,1382648306
4779,4952,1382648318
4779,4953,1382648318
4559,3989,1382653806
3989,4559,1382653847
4559,539,1382662850
539,4559,1382662961
4893,4559,1382663948
4559,4893,1382664027
4779,4954,1382665939
4779,4792,1382665940
4779,4808,1382665940
4779,4955,1382665961
4779,4932,1382666246
4779,4938,1382666246
4779,4474,1382666247
4779,4956,1382666288
4956,4779,1382666561
4956,4897,1382666906
4956,4958,1382666926
4956,4938,1382666978
4956,3260,1382666994
4559,550,1382667253
4956,3129,1382667395
550,4559,1382667457
4004,4940,1382674827
353,4172,1382687855
35,4889,1382704101
4779,4466,1382716908
4779,4957,1382716909
4779,4959,1382719445
1018,2110,1382721422
4611,4875,1382727318
4875,4611,1382728454
4779,3901,1382728912
4197,4004,1382729706
4875,4004,1382731927
4197,3875,1382736051
4049,1018,1382736795
4004,4875,1382739568
2110,1018,1382746793
4197,4961,1382749141
4961,4197,1382749598
4315,4787,1382757881
4411,4962,1382799059
4559,1555,1382799465
1555,4559,1382799631
1832,4963,1382842401
4963,1832,1382842418
1832,3714,1382842542
4963,3714,1382848376
3714,4963,1382848409
4962,4411,1382867821
4172,4379,1382870006
1731,4964,1382890122
4964,1731,1382894190
3714,1334,1382899956
4415,4559,1382903381
4559,4415,1382903487
4857,3366,1382958113
3451,4554,1382962786
4554,3451,1382962968
4559,4554,1382963767
4554,4559,1382963907
2625,4559,1382966646
4559,2625,1382966664
4004,4559,1382967501
4452,4291,1382969336
3897,4694,1382983759
4694,3897,1382983857
4650,4930,1382992791
4452,3897,1382995869
3897,4452,1382995942
4650,4935,1383001147
4559,4965,1383007465
4965,4559,1383014821
2125,4534,1383015082
4611,486,1383018262
486,4611,1383018455
4554,905,1383059052
4965,4966,1383061391
4966,4965,1383061463
4779,4892,1383063256
4965,4967,1383063836
4892,4779,1383063864
4967,4965,1383063916
4965,4968,1383079204
4968,4965,1383079213
2878,3357,1383079735
2878,3260,1383079781
4197,3000,1383088566
4197,4969,1383092336
4969,4197,1383092393
1128,4970,1383095296
4970,1128,1383095568
2625,2977,1383138716
2977,2625,1383139232
2552,4559,1383145089
4559,2552,1383145111
4197,3828,1383151979
35,4972,1383165363
35,4973,1383165376
4559,4493,1383165452
4493,4559,1383165750
35,900,1383165852
4172,3000,1383168711
3000,4172,1383168763
4172,4554,1383171432
4554,4172,1383171556
4172,4004,1383172222
4004,4172,1383173519
4828,4559,1383175079
3545,4649,1383187888
4649,3545,1383188080
2110,4635,1383189267
4635,2110,1383189292
1018,4197,1383189383
1018,4960,1383189420
4197,1018,1383189588
4884,4787,1383205355
4884,4883,1383205386
4787,4884,1383205452
4694,4875,1383207671
4554,1938,1383212370
1938,4554,1383212465
4172,2175,1383212741
2175,4172,1383213097
3707,2187,1383221155
2767,4172,1383227613
4172,2310,1383231289
2310,4172,1383231376
4875,4694,1383234861
4172,180,1383236569
180,4172,1383236840
4753,4974,1383238093
4974,4753,1383240093
2125,4172,1383244300
4779,3880,1383244663
4960,230,1383244980
2835,4965,1383245149
4965,2835,1383245453
4965,2710,1383248713
2710,4965,1383248764
1018,3161,1383253000
3161,1018,1383253490
2045,900,1383259113
900,2045,1383259566
4315,4975,1383274652
2388,4898,1383283117
4172,4301,1383308301
4301,4172,1383308446
2296,486,1383309980
486,2296,1383310547
4779,4976,1383317084
1334,3719,1383332357
141,3837,1383336401
3837,141,1383338893
4922,3572,1383349759
1735,1528,1383349824
4559,4365,1383385974
4365,4559,1383386086
2625,900,1383406662
900,2625,1383406743
4172,4978,1383414176
4978,4172,1383414335
4172,4788,1383414585
4788,4172,1383414602
1334,3714,1383419166
3714,2045,1383419450
2045,3714,1383420029
2045,3319,1383429221
3319,2045,1383429254
4693,905,1383430567
4788,2942,1383437793
4971,2110,1383452659
2110,4971,1383452709
4559,4887,1383483390
4970,3451,1383490917
900,4979,1383495352
4887,4559,1383495587
4979,900,1383496451
4867,2642,1383497997
2642,4867,1383498018
4353,4980,1383505800
4980,4353,1383506189
4980,4981,1383506939
4981,4980,1383507302
4291,3451,1383514139
3451,3490,1383519467
4977,4965,1383522914
4980,4982,1383533811
4982,4980,1383534819
1565,4253,1383538173
4884,4982,1383542693
4982,4884,1383542704
4884,4983,1383543191
4983,4884,1383543357
1697,1947,1383557907
3451,4970,1383569940
4779,3018,1383573921
4648,3018,1383581971
3018,4648,1383582218
4559,3000,1383582556
3000,4559,1383582832
4459,215,1383599057
4281,4172,1383599370
4172,4281,1383599407
4611,4163,1383602138
4266,1953,1383602303
4266,2392,1383602451
4266,4174,1383602486
4266,2635,1383602612
4611,4694,1383607509
4694,4611,1383607537
4253,1565,1383609182
4253,2777,1383609348
4253,4115,1383610703
3897,3000,1383611411
3000,3897,1383611454
2977,905,1383618091
4291,2404,1383621001
2404,4291,1383621054
4291,2977,1383621516
2977,4291,1383621571
2565,900,1383671189
900,2565,1383671276
900,4984,1383672213
4984,900,1383672393
4172,2067,1383679738
2067,4172,1383680036
4253,4985,1383680413
550,4320,1383686725
4320,550,1383686843
4301,4507,1383689149
4163,4611,1383691163
4172,2642,1383692450
2296,4986,1383697177
4986,2296,1383697243
4291,1916,1383712976
1916,4291,1383713030
4291,57,1383713921
1201,57,1383716159
1916,4381,1383717748
4381,1916,1383717820
4559,1916,1383720126
1916,4559,1383720260
3161,4987,1383728189
4987,3161,1383728216
4987,1764,1383728322
4985,4253,1383737604
3018,4195,1383742648
1953,4133,1383745283
4694,4988,1383774953
2642,4608,1383775020
4988,4694,1383775061
2045,4921,1383776521
3020,4197,1383779934
4986,4983,1383782213
1764,4987,1383782349
4983,4986,1383782420
4172,4989,1383782753
4989,4172,1383783082
4197,3020,1383788306
4559,3168,1383788357
3168,4559,1383788753
3714,4986,1383795529
4986,3714,1383800775
4983,4990,1383802041
4990,4983,1383802095
4608,2642,1383810363
4608,1829,1383813013
35,4942,1383819874
2777,4253,1383835934
2625,3820,1383838474
3820,2625,1383838619
4986,4991,1383842572
4991,4986,1383842601
3037,3880,1383852313
3880,3037,1383852380
1334,4986,1383854696
4987,905,1383863339
905,4987,1383865858
4308,4315,1383875664
900,35,1383917589
3750,545,1383919045
2977,3451,1383926422
3451,2977,1383926428
1810,4986,1383927391
4554,4992,1383932731
4172,4986,1383940159
4163,1334,1383957079
4635,900,1383959605
900,4635,1383959623
4172,4515,1383960987
4411,4301,1383961464
4515,4172,1383961907
905,4990,1383963988
4990,905,1383964033
2392,3796,1383972917
4841,3796,1383973049
3796,2392,1383973068
3796,4841,1383973153
4992,4554,1384002008
3184,4172,1384002354
4172,3184,1384002366
3880,4993,1384012769
4993,4474,1384014419
4993,4810,1384014477
4172,2012,1384021312
2012,4172,1384021351
3880,4994,1384028212
4994,3880,1384028407
905,4983,1384029828
4983,905,1384029885
4983,4980,1384030936
4993,3880,1384036095
4523,4995,1384037769
4995,4411,1384037805
4995,4523,1384037836
4266,4172,1384037926
2296,2110,1384040726
4995,4931,1384041137
3389,2642,1384043654
2642,3389,1384043703
4857,4996,1384044915
4996,4857,1384044935
2110,2296,1384049566
4838,1916,1384061627
4838,35,1384061649
2284,3018,1384074837
2284,4195,1384074873
4131,4172,1384081961
3018,4997,1384082691
4997,3018,1384083769
4967,4977,1384099641
4977,4967,1384099903
4965,4977,1384100542
2125,4998,1384104078
4993,4999,1384111036
4788,3429,1384111543
905,4788,1384114661
4788,905,1384114664
4788,4996,1384115113
4996,4788,1384115154
4635,4088,1384115284
4088,4635,1384115599
4857,5000,1384128585
1810,5001,1384131647
5001,1810,1384131683
1334,1832,1384134182
2067,135,1384136318
4611,2110,1384136653
4315,801,1384143699
801,4315,1384148831
4559,4884,1384174778
4291,2498,1384181287
4779,5002,1384187027
4708,4291,1384187717
4995,5003,1384190222
5003,4995,1384190999
4562,4996,1384191191
4996,4562,1384191246
4709,4937,1384193089
4709,2942,1384193921
905,3451,1384199090
4999,4993,1384199554
4709,4833,1384199752
4999,4897,1384200194
900,3750,1384203954
3020,4996,1384210438
2252,4301,1384214824
2252,4855,1384215210
3828,4172,1384243757
4172,3828,1384243806
4995,5004,1384251116
2658,284,1384268216
1735,5005,1384278616
3880,4523,1384282087
4523,3880,1384282173
905,2063,1384289468
2063,905,1384289527
905,4562,1384289558
4562,905,1384289579
2125,4965,1384292087
2125,4967,1384292088
2125,4996,1384292088
2125,4966,1384292088
2388,5006,1384300423
905,3897,1384325196
4088,905,1384326947
4489,4381,1384349176
4381,4489,1384349270
4694,1403,1384355832
361,2498,1384358806
4833,5007,1384366964
5007,4833,1384367152
1565,2322,1384368482
3880,4997,1384368498
2322,1565,1384368570
4997,3880,1384368807
5007,3451,1384370509
3746,25,1384374101
5007,2472,1384375941
2472,5007,1384375966
4172,4365,1384377170
4709,35,1384379307
2642,4709,1384380246
4709,2642,1384380264
4197,3063,1384381025
3063,4197,1384383429
3880,4280,1384384275
4280,3880,1384384325
1018,4253,1384394651
3229,3270,1384395315
4253,1018,1384403709
546,4295,1384408051
4295,546,1384408150
546,5008,1384408418
5008,546,1384408572
546,3725,1384408668
3725,546,1384408782
4291,546,1384409804
905,5007,1384410415
546,3916,1384411793
3916,546,1384412043
4172,3725,1384422347
4172,2472,1384423402
2472,4172,1384423418
2313,5009,1384429636
3660,361,1384430807
4694,3707,1384453976
3880,5010,1384454377
3707,4694,1384455153
1885,4315,1384461899
710,4694,1384462199
4694,710,1384462414
550,1731,1384466990
1731,550,1384469523
4172,3880,1384470785
3880,4172,1384470786
4315,1885,1384470819
2647,5011,1384472492
4983,4592,1384473717
4592,4983,1384473966
5012,3099,1384477755
4983,4970,1384478575
3229,5012,1384478825
5012,3229,1384478920
2642,5014,1384487032
5014,2642,1384487084
2642,4983,1384487125
4983,2642,1384487132
4983,5013,1384487445
2642,3630,1384488608
2125,4253,1384488996
4988,5015,1384490622
5015,4988,1384490880
3630,2642,1384491404
363,4253,1384495696
4983,35,1384499035
5013,35,1384499290
5013,4983,1384499769
4988,5016,1384501224
5016,4988,1384501305
3815,905,1384504790
284,2658,1384504792
4559,5017,1384509970
5017,4559,1384511072
35,5018,1384526317
35,5019,1384526327
4977,2625,1384527404
4987,5021,1384529148
5021,4987,1384529175
1939,905,1384534197
2404,171,1384541754
171,2404,1384541761
547,905,1384550655
3429,4172,1384551821
4172,3429,1384551855
3862,35,1384553793
905,547,1384554451
5009,2313,1384557306
2934,5022,1384557465
4253,3926,1384558290
4253,363,1384558337
4970,4983,1384560705
4611,5013,1384561514
5013,4611,1384561638
4867,5013,1384564201
3719,1334,1384564392
5013,4867,1384564459
4,5014,1384567143
5014,4,1384567213
1899,5014,1384569630
5014,1899,1384569712
3828,4937,1384574325
4937,3828,1384574467
4197,905,1384579258
4172,4330,1384604279
4172,3512,1384604291
4884,4172,1384606243
2635,5023,1384614565
35,5024,1384634250
547,4592,1384635239
2388,35,1384642003
3429,4197,1384651160
4197,3429,1384651260
905,4592,1384656919
4592,905,1384656942
2296,2642,1384677257
3452,2642,1384677276
1885,3445,1384698847
5021,5025,1384707672
2322,5021,1384708825
5021,2322,1384708846
2322,3772,1384721585
4592,5021,1384722341
5021,4592,1384722532
3772,2322,1384722590
4592,547,1384725289
3725,4918,1384731793
5023,3935,1384732680
5023,3260,1384732797
5023,4958,1384733048
5023,4938,1384733099
5023,4522,1384733200
4867,5025,1384735251
5025,4867,1384735632
4365,4867,1384736651
4867,4365,1384736703
4365,5025,1384737989
5025,4365,1384738025
882,547,1384739062
4709,4365,1384739251
4365,4709,1384739319
547,882,1384739773
4291,2322,1384741950
2322,4291,1384744102
4291,4709,1384746650
4709,4291,1384746691
3851,4709,1384753600
4709,3851,1384753678
35,3989,1384766314
3989,35,1384766466
4884,4559,1384772077
4993,5026,1384784057
4993,3260,1384786341
5025,2131,1384786455
4291,3725,1384786512
2131,5025,1384786512
3725,4291,1384786562
3750,5009,1384787246
5009,3750,1384791717
4559,5009,1384792209
5027,5025,1384797054
4612,35,1384797962
4291,4592,1384801744
4172,3804,1384803476
3804,4172,1384803505
3404,2175,1384804994
2175,3404,1384805097
3746,5028,1384807970
5028,3746,1384808256
546,4945,1384811511
4945,546,1384811560
4320,546,1384813847
546,4320,1384813908
4365,882,1384817773
882,4365,1384817867
4172,4993,1384818312
4172,4331,1384819781
3699,4945,1384819844
4945,3699,1384819864
5027,5029,1384819914
5029,5027,1384819978
4291,3810,1384820292
3810,4291,1384820437
4331,4172,1384820508
4918,3725,1384821041
4253,113,1384822562
546,547,1384825921
547,546,1384826039
547,5030,1384826073
5027,5031,1384827330
546,5030,1384827412
5031,5027,1384827566
5030,546,1384827649
5030,547,1384828185
4291,4114,1384828632
4114,4291,1384828662
644,4833,1384828746
4833,644,1384828770
5029,5032,1384828824
5032,5029,1384828843
113,4253,1384831928
2252,25,1384832336
3161,2252,1384832455
2977,5033,1384835146
5028,4833,1384835995
5033,2977,1384836285
5029,1394,1384837689
4635,5034,1384839182
361,3660,1384839208
5034,4635,1384839293
5027,4592,1384840843
5027,4528,1384840850
5027,5028,1384840977
4592,5027,1384841951
2296,5027,1384842210
1394,5029,1384843344
4528,5027,1384845198
4635,1394,1384846719
1394,4635,1384846936
2296,3444,1384855870
3444,2296,1384858017
550,35,1384869927
35,550,1384870148
546,5013,1384874503
4172,5035,1384876861
5035,4172,1384878052
5034,4867,1384878515
4694,5037,1384886587
5037,4694,1384886698
4592,25,1384887615
2296,4172,1384887652
4172,3641,1384891153
4304,3641,1384891320
3641,4172,1384891350
2296,2496,1384895593
2496,2296,1384895868
5037,5039,1384901387
5039,5037,1384901837
3452,1919,1384902987
1919,3452,1384903102
3452,905,1384908433
4937,3168,1384921153
3168,4937,1384921254
546,5040,1384927106
5036,3451,1384950347
5024,35,1384959692
2485,5041,1384968272
5041,2485,1384968311
57,2165,1384969069
2165,57,1384969128
3452,5028,1384969881
2045,1810,1384971251
4559,5042,1384972233
5042,4559,1384972699
4833,5028,1384972932
5009,4559,1384974418
3451,5028,1384974755
5028,3452,1384974997
35,5020,1384982644
35,5013,1384982652
35,4709,1384982668
35,5043,1384982681
35,5044,1384982691
35,5045,1384984965
5045,35,1384987087
710,5046,1384987949
5046,710,1384987997
3452,3719,1384988233
2642,5047,1384997952
5047,2642,1384998006
4385,5048,1384998244
5048,4385,1384998359
2642,4365,1385002030
4365,2642,1385002044
4291,25,1385008349
3452,4291,1385008377
3013,5029,1385011910
5029,3013,1385011969
5029,5049,1385012853
5049,5029,1385012888
353,3452,1385026458
3452,353,1385026594
4993,4172,1385035273
2485,5003,1385042880
1810,5027,1385043359
4291,1535,1385043498
4291,4708,1385043502
1810,5021,1385043708
4635,4365,1385044181
5003,2485,1385045106
5028,5027,1385047153
3451,5041,1385053280
5041,3451,1385053833
5043,35,1385054303
4694,2110,1385058575
3641,4955,1385065821
3451,2625,1385067753
3452,4937,1385069889
4937,3452,1385069937
1885,5050,1385070093
4867,1919,1385071879
1919,4867,1385071893
4172,57,1385075758
113,3897,1385078113
3897,113,1385078195
4320,113,1385079556
113,4320,1385080591
4197,5052,1385080881
5052,4197,1385080975
5052,4244,1385081027
5052,4235,1385081104
905,3725,1385086154
905,4635,1385099223
550,4838,1385107841
5050,1885,1385117697
1396,5053,1385117950
1396,125,1385124700
5034,4122,1385128963
3603,3578,1385133538
113,3971,1385139685
2398,1018,1385144651
4172,1535,1385147507
4172,4708,1385147511
3649,3820,1385148127
1832,5028,1385151465
5028,1832,1385151965
546,4833,1385154322
3772,4554,1385156481
4554,3772,1385156483
4833,546,1385157425
3649,1535,1385158038
3649,4708,1385158052
4884,5030,1385158098
5030,4884,1385158112
1919,5054,1385161136
4197,4273,1385162548
4197,5013,1385163714
5013,4197,1385163779
4787,5055,1385166653
644,2642,1385166678
2642,644,1385166765
5055,4787,1385166992
5013,5056,1385170960
1548,4197,1385179927
5013,4788,1385180617
4788,5013,1385180721
5036,5013,1385183090
2388,5036,1385184598
3452,5051,1385184674
2848,5057,1385187773
5057,2848,1385188519
905,5037,1385192984
1810,5037,1385193058
3452,4886,1385194740
4886,3452,1385194821
5054,1919,1385195615
5056,5013,1385219862
5020,35,1385222891
4993,5058,1385223031
5056,35,1385227599
4635,4886,1385229986
4886,4635,1385230146
4635,5059,1385232422
1810,1899,1385232996
113,3451,1385236462
3451,113,1385236688
5059,5060,1385236775
5060,5059,1385236885
4635,3611,1385239628
3611,4635,1385239656
2110,5013,1385240812
5013,2110,1385240931
4635,4592,1385241999
4592,4635,1385242003
2296,5056,1385250560
5056,2296,1385250623
2642,4499,1385261124
2642,5061,1385262233
5061,2642,1385262501
4592,2642,1385263094
113,1396,1385263834
3278,1810,1385273183
4635,3725,1385303191
3725,4635,1385303240
1810,5062,1385307654
1396,4172,1385314822
1018,4534,1385321309
1810,4708,1385325939
2266,5063,1385325976
4592,3451,1385326135
4833,4708,1385326138
1810,2266,1385326268
4592,4365,1385333041
2296,5064,1385341358
5064,2296,1385341570
4499,2642,1385344128
3897,2318,1385348521
3707,1735,1385348899
4499,4867,1385349362
4867,4499,1385349507
361,3,1385355466
2822,545,1385356528
2388,3,1385357776
5066,5059,1385369530
5066,5064,1385369545
5066,5067,1385369713
5066,5068,1385369923
5067,5068,1385370085
5068,5067,1385370265
5066,5069,1385370421
5067,5069,1385370492
5068,5069,1385370587
5069,5068,1385370680
5069,5067,1385370706
5070,5068,1385370942
5070,5067,1385370960
5070,5069,1385370980
5068,5070,1385371051
5067,5070,1385371110
5066,5070,1385371163
5069,5070,1385371260
5066,5071,1385371529
5071,5068,1385371610
5071,5067,1385371627
5071,5069,1385371646
5071,5070,1385371668
5068,5071,1385371791
5067,5071,1385371843
5069,5071,1385371899
2303,4857,1385371912
5070,5071,1385371961
4857,2303,1385372174
5072,5068,1385372415
5072,5067,1385372438
5072,5069,1385372455
5072,5070,1385372469
5072,5071,1385372492
5068,5072,1385372612
5067,5072,1385372671
5066,5072,1385372712
5069,5072,1385372758
5070,5072,1385372845
5064,5066,1385374656
2388,5072,1385374726
2388,5070,1385374735
2388,5069,1385374745
2388,5066,1385374753
2388,5067,1385374760
2388,5068,1385374766
2388,5071,1385374773
4554,5073,1385395591
4554,4734,1385397241
4002,5045,1385398400
3746,4635,1385398445
4635,3746,1385398456
1,481,1385402011
4884,4635,1385402936
4635,4884,1385402952
2322,4937,1385404704
4937,2322,1385404750
4172,5059,1385409169
5045,4002,1385414552
2296,4562,1385417013
4562,2296,1385417174
2125,1318,1385420424
4833,5059,1385422748
5059,4833,1385423088
57,4291,1385428418
361,1731,1385444011
1731,361,1385444328
4267,5028,1385448220
4136,202,1385457541
202,4136,1385457573
4,4852,1385465129
4172,1754,1385473146
4172,4291,1385475163
1352,4969,1385484380
1899,1810,1385484526
3725,5074,1385484957
5075,4753,1385486661
2642,5046,1385493874
2789,4266,1385497046
2789,3260,1385497135
2642,361,1385504558
361,2642,1385504589
4197,4114,1385509735
905,5076,1385513396
4197,4649,1385520686
4649,4197,1385520721
4635,929,1385524913
4800,4635,1385524965
3746,2404,1385530394
1,1318,1385534417
2110,4611,1385540376
4838,3040,1385545961
3040,4838,1385546131
4648,5075,1385553059
35,4463,1385553151
5075,4648,1385553359
1615,5063,1385555256
1615,2322,1385555288
4315,3725,1385559445
2125,5068,1385562953
2125,5066,1385562953
2125,5067,1385562954
2125,5069,1385562954
2125,5070,1385562954
2125,5071,1385562955
2125,5072,1385562956
1639,4833,1385563014
2125,5077,1385563040
2125,5027,1385563042
2125,5021,1385563043
1420,5078,1385563896
5078,1420,1385563935
4415,3976,1385565087
1565,1639,1385566316
1018,270,1385566702
1810,5025,1385568510
4833,1639,1385568750
5025,2642,1385568825
5025,4611,1385568825
4172,4254,1385574089
2322,5079,1385574154
3880,4204,1385575188
4204,3880,1385575437
270,1018,1385576966
4172,4052,1385576993
4052,4172,1385577041
4172,5041,1385577202
5041,4172,1385577273
469,3006,1385577608
4611,5025,1385577879
3820,469,1385578601
469,3820,1385578630
5033,5028,1385579068
5028,5033,1385579255
1810,2901,1385579884
5039,4988,1385581058
5039,5080,1385582332
5080,4988,1385582375
4833,5056,1385582610
5056,4833,1385582833
3719,4197,1385584468
4197,3719,1385584637
2642,2688,1385588724
2642,3427,1385588781
3649,4833,1385590326
4833,3649,1385590526
4172,361,1385597416
3718,5081,1385617230
5013,4886,1385621239
4886,5013,1385621241
2125,5081,1385623981
2125,4988,1385623981
2125,5082,1385623982
3018,5075,1385634662
5075,3018,1385635168
3750,4217,1385640808
4993,5084,1385649709
4217,3750,1385656771
4553,4693,1385657461
4693,4553,1385657637
3718,5064,1385658852
4693,4884,1385662436
4884,4693,1385662512
4635,4004,1385663177
4004,4635,1385663301
4172,4884,1385664939
4635,3824,1385667801
3824,4635,1385667843
1735,3820,1385673788
3820,1735,1385673792
3880,5085,1385677062
5085,3880,1385677123
4172,4934,1385679885
4114,5086,1385680042
4114,5087,1385681407
5087,4114,1385681801
4119,5038,1385681936
5038,4119,1385682219
4114,1764,1385682708
1764,4114,1385687477
4114,5088,1385688540
4172,2755,1385690784
2755,4172,1385690791
5013,5089,1385693142
5089,5013,1385694252
2110,3649,1385700613
4004,5013,1385702571
5013,4004,1385702663
5025,5013,1385702845
5013,5025,1385702873
5064,1565,1385703018
5013,546,1385707591
4553,5064,1385707751
3837,4850,1385708249
4850,3837,1385713271
35,5073,1385716391
35,5090,1385716404
35,5091,1385716418
35,5056,1385716429
35,4516,1385716633
3451,5013,1385717208
5013,3451,1385717297
215,5092,1385722754
5092,215,1385722950
5044,4551,1385723103
215,3957,1385724212
4516,2313,1385725755
2313,5093,1385728773
5093,2313,1385729050
5093,1615,1385729127
4833,4365,1385730680
4365,4833,1385730699
1615,5093,1385742654
546,3820,1385743933
3820,546,1385744178
546,3451,1385744740
5094,546,1385746567
4635,3820,1385747801
3820,4635,1385748127
4635,905,1385748558
5045,3750,1385748747
4114,1471,1385751889
1471,4114,1385751963
3820,4197,1385752395
4197,3820,1385752659
1471,4840,1385752752
4840,1471,1385752838
3750,5045,1385756274
5064,4553,1385757317
35,5095,1385758636
5095,35,1385758819
5064,1471,1385769163
1471,5064,1385769297
2642,5025,1385777679
1565,5064,1385781827
5013,5088,1385785192
5088,5013,1385785528
5013,4515,1385788606
4515,5013,1385788643
5086,5096,1385791784
5096,5086,1385791855
5096,1810,1385792452
4800,4291,1385792502
1810,5096,1385792526
1810,5086,1385792611
3649,361,1385793102
361,3649,1385793123
5073,4554,1385805330
5073,35,1385805386
3099,5097,1385811136
3820,5098,1385822214
4291,929,1385831994
2266,1628,1385832708
2296,5099,1385834048
5064,5013,1385836772
5013,5064,1385837130
4635,184,1385837988
5013,5036,1385838864
5046,4635,1385839754
4635,5046,1385839811
3824,2642,1385843288
2642,3824,1385843597
1731,1018,1385845102
1334,2642,1385846583
3820,3649,1385846589
1352,2661,1385846915
1352,1154,1385847046
1352,4860,1385847104
5064,4890,1385847228
1352,5100,1385847246
1832,4890,1385847821
4833,4890,1385848438
1334,361,1385848964
546,4038,1385849181
4172,4890,1385853729
4852,5101,1385853787
5101,4852,1385854310
5025,4833,1385876970
2789,4477,1385891513
3451,5036,1385892665
5073,5013,1385896879
4172,4434,1385910490
546,5094,1385912296
5098,1508,1385913551
546,3824,1385913579
3824,546,1385913629
5098,3820,1385914381
4551,4434,1385916680
4551,5044,1385916897
4551,3099,1385919737
3099,4551,1385919960
2085,4884,1385921739
4969,5104,1385922401
4884,2085,1385922438
5104,4969,1385926018
4969,1352,1385931490
4969,545,1385934450
4385,3572,1385935018
5013,5073,1385940599
5105,3824,1385940864
2472,5013,1385942066
5013,2472,1385942073
550,4172,1385942228
4172,550,1385942244
4788,5086,1385948015
2125,5106,1385951664
664,1154,1385951952
2125,5108,1385953573
2125,5109,1385953574
2125,5110,1385953574
2125,5111,1385953609
2125,5112,1385953610
2125,5113,1385953610
2125,5083,1385953611
4937,5115,1385955081
5115,4937,1385955194
2318,3897,1385960299
4172,574,1385971306
1389,4841,1385982947
4172,4570,1385984882
4570,5044,1385985965
5044,4570,1385987365
4570,3099,1385989466
2303,5028,1385990351
5028,2303,1385997571
361,4172,1386000658
4172,1832,1386001128
1832,4172,1386001182
4554,5117,1386004933
2397,546,1386005249
546,2397,1386005269
3750,900,1386005827
4172,1612,1386018988
4611,4172,1386022408
57,4197,1386023916
4197,57,1386023930
5118,3750,1386026357
5013,5119,1386028455
5119,5013,1386028477
5115,5086,1386028648
3824,5105,1386030437
4611,4833,1386030524
4788,3649,1386035572
4635,5119,1386036765
5119,4635,1386036790
4611,4424,1386037452
3452,25,1386037998
2942,4762,1386038461
4762,2942,1386038515
4611,5120,1386041924
5120,4611,1386042148
5120,4942,1386042372
4884,4320,1386043492
3714,625,1386049986
4172,5121,1386059063
4267,4511,1386062919
3047,5041,1386071734
5041,3047,1386071979
4867,3427,1386081475
3427,4867,1386081513
4136,4197,1386095449
4197,4136,1386095528
3880,5122,1386096243
5122,3880,1386096378
304,4197,1386101035
4197,304,1386101070
4937,4197,1386102569
4197,4937,1386102876
5046,2642,1386110682
3451,3910,1386113291
3910,3451,1386113392
905,5123,1386114358
3427,4833,1386116438
3897,3820,1386124127
3820,3897,1386124162
5115,4197,1386127515
4197,5115,1386128387
2131,5123,1386137394
4554,5124,1386153111
5013,4389,1386153335
5124,4554,1386153352
4389,5013,1386155629
3272,2131,1386176702
2131,3272,1386176726
4315,2167,1386185998
3897,2131,1386186067
2131,3897,1386186093
4315,5125,1386186204
5125,4315,1386186213
5125,3820,1386186267
5125,5126,1386186307
5125,5127,1386186357
4833,2131,1386186506
4315,1154,1386186549
2131,4833,1386186711
5123,2131,1386192126
4125,2404,1386193055
2404,4125,1386193076
1731,4253,1386200138
1731,3837,1386200836
2045,3837,1386200883
4833,5115,1386201098
4833,1334,1386202957
4197,1548,1386203033
1018,3713,1386206056
3713,230,1386206122
4365,5128,1386208575
5128,4365,1386208744
1648,5115,1386210809
4833,5013,1386214008
5013,4833,1386214089
4635,5101,1386215110
5101,4635,1386215456
1648,2877,1386216113
1316,4365,1386219261
1316,4172,1386219333
3772,5130,1386243903
5130,3772,1386244014
4841,1389,1386246185
35,5131,1386253282
5131,35,1386253339
2614,1352,1386260862
4970,4942,1386261142
4942,5097,1386261621
4942,5103,1386261630
4942,5120,1386261662
4942,4970,1386261711
4942,35,1386261766
2378,3880,1386268206
3880,2378,1386268226
4611,1832,1386269311
4515,3452,1386270371
1334,3319,1386276422
5046,5132,1386276987
5132,5046,1386277634
2378,5133,1386280900
5133,2378,1386280955
5013,3897,1386299751
3897,5013,1386299852
3828,3649,1386304615
3649,3828,1386304630
3649,5025,1386308114
5025,3649,1386308399
3725,4315,1386310861
4884,5094,1386314276
4559,5080,1386328154
5129,5080,1386330175
5080,5129,1386330318
2388,5129,1386330900
2388,5080,1386330911
4559,5129,1386337057
4899,3571,1386340263
3278,57,1386345872
35,5134,1386357071
35,5135,1386357084
35,5136,1386357093
35,5137,1386357110
4812,4932,1386366792
4172,3319,1386378141
2303,57,1386386535
4838,25,1386390480
5025,25,1386390518
5013,25,1386390579
4119,5138,1386391470
5138,4119,1386391586
2388,1334,1386393373
4884,4592,1386397027
2296,1815,1386397876
4315,5074,1386408428
35,3040,1386410074
5074,4315,1386410734
732,3545,1386438185
3545,732,1386438248
1919,5139,1386442033
5139,1919,1386442038
3750,2565,1386443622
4833,4709,1386443675
1735,1154,1386445250
4559,1154,1386474933
4365,5101,1386482915
5101,4365,1386483107
3429,3649,1386485893
3429,4788,1386485958
35,5140,1386495151
35,5141,1386495176
2565,3750,1386497114
4172,4937,1386517234
4937,4172,1386517400
4559,2661,1386523763
4291,5142,1386536077
5142,4291,1386536234
5143,4172,1386538393
5121,4172,1386538490
4635,4114,1386543659
4114,4635,1386545897
4515,5138,1386546648
5138,4515,1386546929
3598,57,1386548536
3714,4291,1386568812
905,5144,1386570785
5144,905,1386570891
4559,4890,1386571273
905,4890,1386571292
2230,1656,1386583625
4291,3714,1386600472
4554,5145,1386604609
5145,4554,1386604650
215,5142,1386609402
5142,215,1386609467
57,4833,1386612104
4833,313,1386613304
3465,4921,1386614309
4921,3465,1386614389
4942,5146,1386614416
2125,5147,1386615765
1565,3649,1386615807
3649,1565,1386615843
2125,5148,1386616122
2125,5149,1386616362
3452,5149,1386616387
4559,5147,1386616456
1810,5149,1386616458
2125,5150,1386616476
1810,5150,1386616501
313,4833,1386617736
2318,4594,1386653523
57,3598,1386684567
5146,4942,1386687239
4172,3649,1386699719
3649,4172,1386699841
4559,5152,1386707814
4694,3229,1386708303
4694,4365,1386709089
1565,1529,1386711407
361,1334,1386713555
4365,4694,1386721623
100,4198,1386722360
4833,5139,1386723836
5139,4833,1386723870
540,4833,1386726994
4899,1277,1386728639
1731,4172,1386729105
2388,5139,1386729436
4833,540,1386730161
4833,4884,1386730920
4884,4833,1386731133
2125,5153,1386736309
361,1277,1386736432
361,5153,1386736448
5139,4611,1386738835
3452,1832,1386743988
1334,3452,1386744755
2125,5154,1386745202
1517,4004,1386752272
4937,4833,1386774148
35,5155,1386783329
35,5156,1386784789
202,1948,1386786696
4172,1731,1386787248
5157,1352,1386797032
2045,5158,1386797312
3649,5139,1386806715
5139,3649,1386806723
4559,5159,1386810022
2045,5159,1386810066
1953,5025,1386819704
5025,1953,1386819895
4559,5160,1386821376
4559,5161,1386823817
4291,5162,1386824360
4899,4559,1386829661
3504,3837,1386831226
3504,5163,1386831559
5163,3504,1386832013
2252,5101,1386848856
5101,2252,1386849010
2045,5164,1386853839
2045,2958,1386853884
3880,5165,1386857728
5165,3880,1386858311
2125,5160,1386860975
2125,5161,1386860975
2125,5166,1386860976
2125,5167,1386860976
2125,5168,1386860976
2125,5170,1386860978
2125,5171,1386860979
2125,5164,1386861113
2125,5172,1386861114
2125,5173,1386861114
2125,5174,1386861114
2125,5159,1386861114
2125,5169,1386861115
2125,5116,1386861116
2125,5114,1386861117
2125,5107,1386861118
5156,4197,1386865411
4197,5156,1386865475
3904,5175,1386873451
5175,3904,1386873498
2125,5176,1386877012
5132,905,1386878277
2125,954,1386878641
537,192,1386880846
192,896,1386880989
1316,304,1386892392
304,1316,1386892631
1018,3406,1386900788
2125,5177,1386906353
625,3714,1386909701
3527,1490,1386915286
3527,1473,1386915345
4611,5178,1386916501
5178,4611,1386916582
3527,1576,1386917739
1052,448,1386925938
1052,1743,1386925963
1052,5179,1386926012
5180,3707,1386926623
4833,4937,1386943667
1363,204,1386983977
1334,3804,1386986540
3804,4899,1386986677
4592,4515,1386989474
5175,3649,1386990782
4515,4592,1386990807
3649,5175,1386990921
2125,5181,1386998095
2125,5182,1386998114
4559,4532,1387014349
4532,5183,1387017759
4559,2045,1387021319
2045,4559,1387021492
4238,5184,1387021679
5184,4238,1387021724
4172,5185,1387029488
4172,347,1387029507
2125,5185,1387030107
3527,204,1387039169
2635,204,1387039954
4525,204,1387043116
3649,5186,1387043926
4204,204,1387045271
4942,3414,1387047625
3527,1363,1387049281
3527,1,1387049290
3527,1953,1387049302
1565,2045,1387050904
2045,1565,1387051533
1953,204,1387058251
4592,4884,1387061744
4694,4515,1387062796
3904,4197,1387064455
4197,3904,1387064567
546,5187,1387065050
5187,546,1387065216
4515,4694,1387065498
1352,1001,1387066599
4559,3527,1387081367
5188,2399,1387089308
4559,2538,1387109342
2233,2538,1387109397
4559,5189,1387109434
2233,5189,1387109495
4559,1,1387112717
2125,5190,1387122211
2125,5189,1387122379
2125,5191,1387122497
5186,5192,1387123417
5192,5186,1387123503
5025,2233,1387131064
2233,5025,1387132481
4840,5025,1387132735
4172,204,1387138353
4592,4238,1387151806
5186,4840,1387152170
4840,5186,1387152224
4511,5194,1387154534
5194,4511,1387154572
1352,4921,1387156457
5186,5195,1387160711
5195,5186,1387160759
4899,1922,1387164159
2125,5196,1387164209
5193,5197,1387179087
5197,5193,1387179143
5193,5198,1387179357
4559,5193,1387179358
4559,5197,1387179384
4559,5198,1387179389
5198,5193,1387179427
5198,5197,1387179444
5197,5198,1387179488
4511,2531,1387179940
5198,4559,1387180237
5198,5199,1387180288
5193,5199,1387180382
5197,5199,1387180488
4559,4688,1387180577
2404,4871,1387180653
4559,4748,1387180712
5199,5198,1387180786
5193,2045,1387180791
5199,5193,1387180812
5193,4559,1387180824
5193,4899,1387180840
5197,4899,1387180897
5197,4559,1387180901
5197,2045,1387180905
5198,2045,1387180985
5198,3719,1387181009
5197,3719,1387181082
5193,3719,1387181281
5193,4172,1387181344
5199,5197,1387181347
5197,4172,1387181385
5198,4172,1387181423
5198,1953,1387181527
5197,1953,1387181612
5193,1953,1387181653
4559,5200,1387181790
5193,5200,1387181814
5200,1953,1387181861
5200,4172,1387181923
5200,3719,1387181930
5200,2045,1387181936
5200,4559,1387181941
5200,4899,1387181945
4559,5201,1387182249
5200,5201,1387182283
5201,4559,1387182361
5201,2045,1387182368
5201,3719,1387182374
5201,4172,1387182378
5201,1953,1387182401
4559,5202,1387182613
5201,5202,1387182624
5202,4559,1387182667
5202,2045,1387182674
5202,3719,1387182679
5202,4172,1387182686
5202,1953,1387182693
4559,5203,1387182809
5202,5203,1387182817
2045,5200,1387182841
5203,4559,1387182852
2045,5201,1387182855
5203,2045,1387182858
5203,3719,1387182865
2045,5202,1387182868
5203,4172,1387182869
5203,1953,1387182874
2045,5203,1387182959
4559,5204,1387183009
5193,5204,1387183122
2045,5193,1387183172
2045,5204,1387183175
4559,5205,1387183305
2045,5205,1387183327
2045,5197,1387183945
2045,5198,1387183949
4559,5206,1387187780
4172,5206,1387187788
2045,5206,1387187811
5186,5193,1387205609
2125,5193,1387206750
2125,5197,1387206751
2125,5198,1387206752
2125,5200,1387206754
2125,5201,1387206755
2125,5202,1387206756
2125,5203,1387206757
4511,5144,1387227203
5144,4511,1387227211
1,4172,1387229168
4172,1,1387229195
4172,4197,1387237386
4197,4172,1387237428
2125,5204,1387245965
2125,5205,1387245965
1,4559,1387247686
4532,3725,1387259288
4559,2484,1387259345
4197,2942,1387265288
3527,5207,1387277806
4172,5208,1387289438
5208,4172,1387289816
2125,5207,1387291853
2125,5209,1387291860
1998,35,1387313479
5091,35,1387313981
2063,4172,1387317583
5186,5146,1387327774
5146,5186,1387327782
550,1565,1387329838
4536,5186,1387333662
1376,3743,1387334992
4833,3099,1387349937
3099,4833,1387350101
4172,3611,1387361801
4172,1348,1387365126
3725,4172,1387367061
2125,5210,1387376675
4172,5192,1387380471
4172,4983,1387383950
35,5211,1387388247
5211,35,1387388430
4172,2590,1387392070
5146,3345,1387398150
3345,5146,1387398408
4172,5212,1387414729
5212,4172,1387415244
550,3040,1387430244
3040,550,1387430351
2388,550,1387432705
3583,280,1387446668
280,3583,1387446721
5175,280,1387448316
280,5175,1387448421
5195,5213,1387448891
5213,5195,1387448920
2647,5214,1387449170
4315,2230,1387453344
2230,4315,1387457713
4993,4541,1387458048
3750,5118,1387458543
4360,4172,1387470215
4172,4360,1387470363
2045,3195,1387475404
4291,3630,1387480996
3630,4291,1387481014
5195,5215,1387482491
5215,5216,1387484717
5216,5215,1387484765
2125,5215,1387485021
2125,5216,1387485030
1810,5195,1387485400
1810,5215,1387485400
1810,5216,1387485400
2635,1894,1387494611
5217,3099,1387495020
3904,5218,1387497984
5218,3904,1387498105
4694,5219,1387498861
5219,4694,1387498886
5219,5195,1387499222
35,5220,1387509052
2125,5222,1387549900
2125,5223,1387549948
4360,41,1387554412
41,4360,1387554514
4172,2934,1387570560
1731,1832,1387579791
3828,5076,1387580274
5076,3828,1387580338
4291,5076,1387582183
3229,3107,1387588941
3107,3229,1387589090
5028,3107,1387591058
5139,4649,1387603784
4649,5139,1387603814
2378,5224,1387636087
4779,1894,1387636892
1894,4779,1387636989
5217,4840,1387642140
2125,5225,1387643214
4840,5226,1387643283
5226,4840,1387643294
4172,5226,1387643331
3804,1334,1387645340
5115,4840,1387645791
4172,5115,1387645857
4304,2431,1387648785
2125,5115,1387649032
2431,4304,1387650645
2378,4172,1387652772
4172,2378,1387652797
4172,777,1387653650
5228,2942,1387677002
2942,5228,1387678815
5228,5217,1387681920
41,1731,1387701129
1731,41,1387701315
4172,5217,1387709415
1810,5217,1387725683
3831,5217,1387725730
4840,5217,1387725914
4840,4304,1387727786
4304,4840,1387727820
2125,5230,1387743481
4592,5139,1387752595
5139,4592,1387752628
2045,3531,1387757754
4840,1810,1387760367
1810,4840,1387760381
5228,5231,1387762634
5231,5228,1387762690
5231,3107,1387763282
3107,5231,1387763849
5231,3988,1387764007
3988,5231,1387764018
5213,5228,1387764059
5213,2045,1387764067
2125,5192,1387764210
2125,5195,1387764211
2125,5213,1387764211
2125,5217,1387764211
2125,5232,1387764424
905,5192,1387764544
905,5195,1387764546
905,5213,1387764549
905,5217,1387764554
2125,5233,1387766319
5234,3452,1387769067
3099,5217,1387769846
3452,5234,1387772261
5235,3746,1387819197
5231,3904,1387820814
3904,5231,1387820833
5231,4197,1387821542
4197,5231,1387821586
1953,328,1387823948
2125,5231,1387843085
3897,5231,1387846721
4172,5231,1387846813
4291,2306,1387852285
5228,3040,1387866896
3040,5228,1387867290
4611,5228,1387877361
5228,4611,1387877468
4365,4611,1387877609
4611,4365,1387877625
3040,5236,1387879233
5236,3040,1387879307
5235,5237,1387912836
5235,5238,1387912941
5237,5239,1387912961
5239,5237,1387913011
5238,5235,1387913142
5238,5237,1387913159
5238,5239,1387913174
5239,5240,1387913192
2125,5239,1387913212
2125,5240,1387913212
4559,5239,1387913343
2125,5237,1387913360
4559,5237,1387913363
4559,5240,1387913377
2125,5235,1387914784
5227,5241,1387917601
5241,5227,1387917660
4398,5242,1387925382
5242,4398,1387925421
2125,5243,1387930219
5025,5242,1387957682
5242,5025,1387957886
4840,5242,1387999554
5242,4840,1387999905
33,3107,1388003655
3107,33,1388003660
3107,1334,1388003971
1953,1733,1388006504
4840,5244,1388014380
5244,4840,1388014384
3837,1334,1388020708
5025,5245,1388031789
35,5229,1388048784
35,5247,1388048795
35,5248,1388048807
5242,5246,1388066363
5246,5242,1388066432
3630,4197,1388082996
4197,3630,1388083275
280,4499,1388088642
2642,3831,1388089072
5025,4251,1388090365
4499,280,1388090572
5028,5249,1388108831
5028,5250,1388108854
5249,5028,1388109473
5249,5250,1388109505
5249,4172,1388109623
5250,5249,1388109717
5250,5028,1388109920
5245,5025,1388111008
4361,4334,1388113582
4291,4370,1388115150
4238,4592,1388115931
5245,5251,1388116095
5251,5245,1388118414
3630,905,1388127096
905,3630,1388127215
4884,5025,1388130350
5025,4884,1388130357
4553,280,1388136856
280,4553,1388137298
2378,5252,1388156082
2125,4635,1388163778
2045,5245,1388167557
5248,35,1388168951
1324,5251,1388175797
5251,1324,1388176099
4694,1052,1388181002
625,3452,1388192372
625,1810,1388192948
3649,2110,1388217125
1052,4694,1388227394
5227,5251,1388258335
5251,5227,1388258351
1316,4197,1388262475
3649,4499,1388280454
4499,3649,1388280456
5025,4840,1388289167
4291,5025,1388289539
3714,1802,1388290145
4291,4840,1388290408
4840,4291,1388291093
5025,4291,1388291733
4562,280,1388329041
280,4562,1388329054
4840,280,1388330501
280,4840,1388330549
4650,4525,1388330983
4525,4650,1388331918
280,3000,1388345380
3649,3000,1388345438
3000,280,1388347540
5227,35,1388348700
905,4197,1388349980
2303,3452,1388350914
5234,2303,1388351340
346,5227,1388351511
4304,4172,1388352339
4937,4709,1388353001
280,5254,1388355346
5025,280,1388356425
280,5025,1388356539
4925,4119,1388357094
4119,4925,1388357125
3699,280,1388361465
4291,280,1388386310
280,4291,1388386321
280,4838,1388401139
4838,280,1388401228
3725,3445,1388406356
4197,3545,1388426275
3545,4197,1388426327
5227,5255,1388434488
5255,5227,1388434595
5227,346,1388434748
35,5236,1388434949
35,1765,1388434977
35,5256,1388435041
5255,4554,1388435463
5103,5227,1388442265
5227,5103,1388442603
3656,3545,1388458151
3545,3656,1388458185
4315,5221,1388460994
4119,2318,1388467499
2318,4119,1388467579
5143,5121,1388471073
5121,5143,1388471923
4131,4499,1388475514
4499,4131,1388475568
905,1565,1388502318
1386,2296,1388504143
2303,5257,1388516193
2635,5258,1388516214
5257,2303,1388516324
5258,2635,1388516463
4925,4197,1388517754
4197,4925,1388517823
468,5255,1388526153
5255,468,1388526227
3988,3719,1388539679
3719,3988,1388539705
3910,625,1388549460
625,3910,1388549462
1885,905,1388558708
905,1885,1388560087
4499,5025,1388606811
5025,4499,1388606915
4553,905,1388616703
5251,3734,1388622814
1502,2304,1388633067
2304,1502,1388633120
4291,4850,1388635480
4850,4291,1388635904
3897,4943,1388640226
4943,3897,1388640352
1363,159,1388644692
5228,5212,1388648988
2934,4172,1388691821
2125,705,1388719310
13,705,1388719392
93,5260,1388719622
5260,93,1388720648
3545,4833,1388721747
4833,5175,1388723358
5175,4833,1388723951
2313,2042,1388761991
2313,4767,1388762126
2313,5261,1388762438
3837,3897,1388763468
4833,5228,1388787119
5228,4833,1388787265
2125,5262,1388788323
5054,5227,1388790090
5227,5054,1388790145
3099,5263,1388794977
5234,3804,1388818572
2635,5264,1388821252
4562,5146,1388850539
5146,4562,1388850623
5151,3880,1388851373
3880,5151,1388851380
3880,5224,1388851483
5224,3880,1388872924
5224,2378,1388873028
469,3699,1388901623
3699,469,1388901726
5025,5227,1388906534
2042,2313,1388907109
4172,51,1388923052
51,4172,1388923332
51,5257,1388923387
5257,51,1388923694
4172,5224,1388926644
5224,4172,1388926660
2635,5224,1388929115
5224,3422,1388929342
3422,5224,1388929493
4840,4833,1388945908
4833,4840,1388945992
4833,3630,1388946014
3630,4833,1388946038
35,5265,1388950163
1919,3000,1388951147
905,3699,1388951291
3699,905,1388951441
4833,3910,1388958839
3910,4833,1388958872
4833,705,1388959812
4833,4197,1388968766
4197,4833,1388968924
2388,5267,1388977292
4315,5218,1388978721
5265,35,1389010193
3000,1919,1389024846
550,4833,1389039360
4833,550,1389039365
4833,4694,1389040748
4554,5255,1389044321
4554,5268,1389044340
2045,5269,1389045679
5269,2045,1389046599
4833,2625,1389050523
2625,4833,1389050545
905,1018,1389072180
2125,5270,1389079396
4172,5269,1389106718
2125,1585,1389115159
4197,3194,1389115331
5271,4002,1389115899
3272,1018,1389116959
4197,2901,1389117005
2835,5272,1389119989
546,1850,1389121509
5103,51,1389125463
51,5103,1389125877
2233,4197,1389131253
4197,2233,1389131267
4694,1731,1389132222
4694,4833,1389132245
446,4197,1389134407
4197,446,1389134453
5228,4694,1389141013
4694,5228,1389141163
4320,4884,1389141263
3649,5141,1389145510
5141,3649,1389145551
5228,4197,1389148415
4833,4593,1389150947
5025,4593,1389151241
2388,4833,1389152148
4197,5228,1389152860
2388,2318,1389153477
5025,5141,1389156338
4850,1018,1389157048
1018,4850,1389160228
625,5227,1389171972
3018,3776,1389172384
5227,625,1389172538
2399,5188,1389174614
4562,35,1389188463
2125,5273,1389192371
2387,3776,1389205790
4172,3776,1389207902
4172,3513,1389213253
5269,4172,1389220063
4172,146,1389221332
146,4172,1389221657
4365,4592,1389223394
4291,4197,1389223863
4197,4291,1389223953
4172,4592,1389223978
2110,4592,1389224384
5267,2388,1389238909
4532,4559,1389250604
35,5227,1389258592
35,5274,1389258608
35,5275,1389258617
2125,5276,1389277167
4833,2642,1389290433
2642,4833,1389290491
3451,4592,1389298013
3804,5228,1389298973
5228,3804,1389300424
2125,5277,1389300466
2305,4002,1389304991
4002,2305,1389305202
4002,2377,1389305278
3897,3229,1389309981
3229,3897,1389310049
4002,5271,1389316672
5267,3804,1389335689
3804,5267,1389335810
4774,5267,1389337513
5267,4774,1389337991
5103,4833,1389351235
4833,5103,1389351918
2318,1565,1389355810
4119,3897,1389360731
3897,4119,1389360795
215,3656,1389363345
5269,5278,1389375227
5278,5269,1389375260
3725,905,1389408683
5261,2313,1389438242
1731,4694,1389447472
4172,5279,1389514905
5279,4172,1389514998
4172,3598,1389515114
4635,5280,1389518423
5280,4635,1389518540
3781,4833,1389520709
4833,3781,1389520717
1508,550,1389528792
550,1508,1389528827
2125,5281,1389533834
4833,215,1389542106
215,4833,1389542153
4833,3229,1389553562
3229,4833,1389553655
4779,4266,1389560214
4315,5282,1389564663
5282,4315,1389564699
1819,1018,1389569552
3725,5283,1389589631
5283,3725,1389589694
4172,4649,1389602561
4833,3545,1389605165
4833,3598,1389605656
3598,4833,1389605807
2835,1731,1389612757
1731,2835,1389612801
4833,3451,1389619619
3451,4833,1389619782
3714,5284,1389628050
5284,3714,1389634282
4833,4553,1389636901
4553,4833,1389636962
1953,3989,1389637086
4838,5285,1389637854
4838,5286,1389638282
5286,4838,1389638314
3452,1585,1389642921
988,2377,1389646057
1585,3452,1389646294
2125,5288,1389647257
2110,2012,1389649436
2012,2110,1389649449
4758,5288,1389649650
2125,5289,1389650273
2125,5285,1389654766
5286,5290,1389678935
5290,5286,1389679097
2125,5291,1389731847
2305,5287,1389734417
5287,2305,1389734708
2296,3810,1389735850
4197,3317,1389749425
2110,4694,1389750343
4315,5292,1389750666
4649,5293,1389758829
5293,4649,1389758944
35,5294,1389772734
5292,4315,1389779269
2125,5295,1389813427
4833,3904,1389816447
3904,4833,1389816479
5286,5228,1389836317
5228,5286,1389836334
5228,5296,1389836620
5296,5228,1389836910
4291,5297,1389849703
3099,5297,1389850173
4559,1670,1389874035
4267,3988,1389891712
4925,5298,1389894951
5298,3988,1389895015
5298,4925,1389895155
3719,5299,1389902326
2063,732,1389903810
732,2063,1389904317
3988,5300,1389915497
4511,1938,1389921439
1938,4511,1389921905
5255,5286,1389927844
5286,5255,1389927904
4833,5297,1389933819
5297,4291,1389935267
3452,1850,1389942027
2125,5301,1389972488
4320,2131,1389973248
2131,4320,1389973280
2131,5255,1389975195
5255,2131,1389975220
4291,1832,1389988246
5134,35,1389998521
2296,4569,1390003243
4569,2296,1390003303
3897,5103,1390009265
5103,3897,1390009294
4570,4197,1390009424
5286,5302,1390014922
5302,5286,1390015022
2125,5303,1390023234
280,3699,1390029827
4172,3957,1390053892
5283,3915,1390054449
4172,5304,1390060720
3897,5280,1390070917
5280,3897,1390071321
3897,4251,1390082695
4611,5298,1390097079
5298,4611,1390097183
2642,280,1390110430
280,2642,1390110438
468,280,1390112015
280,468,1390112495
3837,3820,1390143622
2296,4771,1390151544
4771,2296,1390151975
4635,3897,1390166307
3897,4635,1390166359
4649,5280,1390169596
5280,4649,1390169692
1930,1850,1390173372
280,5298,1390175889
5298,280,1390179333
280,550,1390185110
550,280,1390185117
1810,5305,1390186642
3452,5305,1390187831
5286,3429,1390189847
3429,5286,1390189859
5286,4771,1390190862
3897,5294,1390194281
5294,3897,1390194517
280,160,1390200567
160,280,1390200712
280,3630,1390233438
280,1565,1390233552
3630,280,1390233552
3897,1565,1390233626
1565,280,1390235111
2296,5275,1390241822
5275,2296,1390242547
5275,3988,1390242673
4315,4222,1390299209
3837,4360,1390314016
4360,3837,1390314217
3219,1018,1390323673
280,5259,1390327970
5259,280,1390328020
280,5307,1390329093
5307,280,1390329170
4511,3425,1390329774
4833,905,1390330962
905,4833,1390330991
4921,3099,1390341055
3649,4771,1390360396
4771,3649,1390360446
361,4899,1390374389
280,5308,1390374680
5306,3988,1390382614
5308,280,1390401455
280,4461,1390402566
5310,3988,1390405108
2125,5298,1390419544
4291,3229,1390423597
3229,4291,1390423618
3725,5296,1390427180
5296,3725,1390427240
2318,5312,1390428072
5312,2318,1390428207
4521,280,1390488112
280,4521,1390489200
5310,5296,1390489380
5296,5310,1390491383
5294,35,1390506950
2125,5313,1390510804
2125,5314,1390510826
3714,5315,1390513183
5315,3714,1390513700
4694,4213,1390515714
4213,4694,1390515837
4197,4840,1390528120
4840,4197,1390528135
4291,1731,1390585587
2942,732,1390586938
732,2942,1390587683
35,1245,1390596636
4559,1735,1390608038
4559,5005,1390608153
1719,1656,1390625414
3527,4559,1390632981
732,3345,1390651572
4833,1850,1390661367
5156,35,1390665923
1352,5317,1390668369
1352,5318,1390668682
4860,5318,1390668914
4860,1352,1390669049
4860,3707,1390669203
3714,2934,1390669271
2125,5319,1390688594
2125,5320,1390689855
1832,4291,1390689886
905,5321,1390690653
5321,905,1390690656
3649,5294,1390700323
5294,3649,1390700475
5322,3988,1390732095
4172,3345,1390739593
4833,3820,1390750288
3820,4833,1390750337
3988,5322,1390762187
3649,5227,1390763789
5227,3649,1390764544
3988,4092,1390774834
33,1850,1390774853
4092,3988,1390774991
4833,1412,1390789672
1412,4833,1390789714
2125,5323,1390790513
2125,5324,1390790513
2125,5325,1390790513
2125,5326,1390790549
2125,5327,1390790549
2125,5328,1390790549
2125,5329,1390790550
2125,5330,1390790550
2125,5331,1390790612
2125,5332,1390790613
2125,5333,1390790613
2125,5334,1390790613
4833,4611,1390791085
2125,5335,1390791192
4833,57,1390792737
4559,5336,1390798761
2125,5337,1390799094
5221,1185,1390829729
5221,4315,1390829762
4758,25,1390836026
1565,3452,1390858821
1731,1565,1390865004
2125,5338,1390866062
2110,5338,1390866613
1731,4291,1390872154
5227,5294,1390873726
5294,5227,1390874028
5309,5296,1390874759
5296,5309,1390874803
2045,4611,1390928845
1245,5287,1390929074
1245,35,1390929113
2125,5340,1390940241
2125,5341,1390940248
2125,5342,1390940350
2125,5343,1390940617
5315,1731,1390945853
4511,4771,1390946022
4771,4511,1390946238
1731,5315,1390946593
4559,3528,1390950090
3988,3000,1390961854
2125,905,1390966461
2125,5344,1390981124
4172,5344,1390982296
5287,1245,1391005092
5312,5345,1391009309
5345,5312,1391009345
5255,280,1391014183
280,5255,1391014302
2281,5339,1391015428
5339,2281,1391017013
5227,4532,1391028024
4532,5227,1391029862
5255,3988,1391038281
3988,5227,1391045319
4780,5346,1391046694
2318,2388,1391049119
2125,5346,1391051544
2045,4852,1391102227
3988,4852,1391117329
1819,5348,1391119842
5348,1819,1391120077
2125,5349,1391122726
2125,5350,1391131983
2243,353,1391133312
4833,4515,1391133550
4515,4833,1391133556
3427,3988,1391162343
3988,3427,1391162384
5339,3422,1391167608
35,5351,1391167873
35,5352,1391167881
3988,5339,1391171365
3422,5339,1391171831
988,4090,1391174451
5339,3988,1391179615
4921,202,1391182217
892,5353,1391190663
3452,4833,1391195528
1731,4717,1391198370
3452,2498,1391199094
5353,892,1391201374
1731,4833,1391207109
4852,2045,1391211175
4833,1731,1391214018
2835,5227,1391214806
5227,2835,1391214808
3452,3804,1391216098
2125,5354,1391219111
2835,361,1391219340
2835,5355,1391223166
5355,2835,1391223195
5296,5255,1391228477
5255,5296,1391229976
1352,2822,1391234327
1352,2127,1391234389
4559,1947,1391267377
4559,5065,1391267451
4559,1352,1391267470
3988,5298,1391277150
988,5356,1391290292
2125,5357,1391302156
905,4559,1391302470
4649,5227,1391302561
5227,4649,1391302912
3528,4559,1391304589
1735,3640,1391309950
1735,3319,1391310745
1735,4559,1391311000
5352,4925,1391321870
4925,5352,1391321913
3988,5155,1391338289
3988,5310,1391355702
5249,5316,1391357326
4921,4833,1391363523
4833,4921,1391364021
5356,988,1391379855
4925,5358,1391380731
5358,4925,1391380832
4833,3528,1391383126
3528,4833,1391383159
1919,3988,1391435331
3988,4002,1391435444
3988,1919,1391435468
5359,5360,1391444177
5360,5359,1391444186
4204,5360,1391444379
1565,1731,1391452285
4291,5358,1391457376
5358,4291,1391457487
2125,5361,1391458886
3897,550,1391463772
550,3897,1391463808
3000,3649,1391466234
5294,5228,1391468788
5228,5294,1391469373
5228,2625,1391469480
2625,3988,1391470955
2625,4419,1391472543
4419,2625,1391472715
5227,3988,1391479691
5363,1850,1391488769
3656,215,1391493817
3345,280,1391520051
3345,4562,1391521571
3345,4440,1391523028
4440,3345,1391523142
4562,4511,1391551177
4511,4562,1391551208
2125,1565,1391552848
2388,2017,1391555868
5316,5249,1391560129
4694,3107,1391560150
4649,3910,1391572978
3910,4649,1391573295
5312,5364,1391575901
35,1528,1391593163
1528,35,1391593326
4172,3451,1391596359
3988,4267,1391602996
4172,4075,1391620106
3345,4382,1391635015
4382,3345,1391636571
3345,5365,1391638368
1508,51,1391638431
5365,3345,1391638462
51,1508,1391638524
4569,2318,1391640317
2318,4569,1391640335
4717,1731,1391641809
2318,1508,1391642818
3746,5366,1391646764
5366,3746,1391646945
4002,3988,1391681107
5312,5367,1391703476
5367,5312,1391703481
4291,4945,1391706559
4945,4291,1391706619
4694,3988,1391718718
3988,4694,1391719205
5255,4511,1391722250
4511,5255,1391722252
1731,2942,1391723078
3988,2303,1391729605
2303,3988,1391729693
3107,4694,1391732298
353,4852,1391749413
4852,353,1391749483
1894,3901,1391793893
4291,4389,1391794453
4389,4291,1391794497
1565,1585,1391794766
5353,1998,1391798575
1998,5353,1391798925
1585,1565,1391814239
4499,2310,1391827539
2310,4499,1391827545
905,1731,1391839918
3820,3988,1391864315
5255,35,1391874900
35,5255,1391875029
35,1394,1391891814
4694,1394,1391898692
5363,5368,1391921756
5368,5363,1391923377
3820,5294,1391941182
5294,3820,1391941284
1528,1363,1391946491
1363,1528,1391946626
905,3988,1391958817
905,5280,1391963928
5280,905,1391964042
5312,5280,1391969221
5280,5312,1391969254
481,3714,1391972674
5280,3988,1391973604
2125,5369,1391991800
5370,5312,1392010387
5312,5370,1392012212
5312,5371,1392013843
3988,5312,1392017321
2125,5373,1392045118
2125,5374,1392045122
2125,5375,1392045125
2125,5376,1392045128
2125,5377,1392045131
2125,5378,1392045134
2125,5379,1392045136
2125,5380,1392045139
5363,5380,1392047599
5363,5378,1392047653
5363,5373,1392047901
5363,5374,1392047901
5363,5375,1392047902
5363,5376,1392047903
5363,5377,1392047905
5363,5379,1392047907
5363,5381,1392047909
5363,5382,1392047911
2625,4649,1392054773
4649,2625,1392054811
5280,4694,1392055542
5155,35,1392055794
3040,5372,1392059115
1953,3880,1392061218
3880,1953,1392061529
5280,5383,1392080817
5383,5280,1392081001
280,3040,1392099459
4131,3988,1392114405
3988,4131,1392114471
2378,5384,1392129384
5384,2378,1392129715
4291,5228,1392130829
5228,4291,1392131081
905,5132,1392144634
5255,4365,1392146449
4365,5255,1392146547
2125,5385,1392147155
2125,5388,1392147155
2125,5386,1392147156
2125,5387,1392147156
4365,192,1392147200
2125,5389,1392153593
5390,5359,1392157331
3572,4385,1392157552
3572,1528,1392157655
3572,4211,1392158108
3572,1001,1392158185
3572,1154,1392158273
5359,5390,1392158315
3572,2661,1392158346
3572,2187,1392158423
3572,2028,1392158508
3572,500,1392158759
4694,2136,1392159644
3572,1690,1392160370
2125,5391,1392161148
2125,5392,1392161148
1528,5393,1392163416
5393,1528,1392163742
2136,4694,1392164814
4360,892,1392216801
892,4360,1392216860
2125,5394,1392221254
1953,3394,1392221541
3394,1953,1392221603
5363,5394,1392223791
2125,5395,1392223900
5363,5395,1392224530
5384,3880,1392238750
3880,5384,1392239423
1938,3988,1392246592
3714,905,1392248018
3452,1565,1392269973
3452,1731,1392271450
1731,3452,1392271478
3452,3,1392271651
1731,25,1392271666
3018,5390,1392289636
5347,3988,1392313059
3988,5280,1392313556
3527,4897,1392317339
4897,3527,1392317499
3988,5347,1392334057
4611,3503,1392335004
3503,4611,1392335048
4559,2642,1392337127
2642,4559,1392337204
2642,3714,1392338372
2642,4320,1392338949
4320,2642,1392338984
4611,2625,1392341384
2625,4611,1392341399
2642,5397,1392341868
2642,5398,1392342080
5398,2642,1392342119
5397,2642,1392342155
361,5396,1392349047
3452,5396,1392349653
5251,5397,1392358975
5399,3707,1392359737
5397,5251,1392361106
3988,5362,1392365717
5362,3988,1392377661
3988,5398,1392380706
5398,3988,1392382149
5353,62,1392383317
3018,3880,1392399468
2125,5400,1392399677
2125,5401,1392399689
2125,5402,1392399697
3880,3018,1392400128
3880,5041,1392400548
5041,3880,1392400842
4611,2642,1392406902
2642,4611,1392409239
1998,62,1392409966
3988,546,1392412483
546,3988,1392412510
5251,5398,1392414311
5251,3988,1392415418
3429,2642,1392415877
2642,3429,1392415883
5398,5251,1392418819
3966,5366,1392424579
5366,3966,1392424936
4867,4635,1392479200
4635,4867,1392479215
4172,4304,1392491104
4385,2322,1392515552
4642,35,1392541914
3504,1953,1392543538
4559,4518,1392569555
1546,4599,1392572812
5251,905,1392585730
1953,5404,1392588004
5251,1648,1392588155
1648,5251,1392588811
4172,5404,1392590051
5404,4172,1392590526
3988,1938,1392592916
3345,3988,1392613505
3988,5352,1392622552
5352,3988,1392622748
3630,3897,1392651408
2125,5405,1392661170
2125,5406,1392661174
2125,5407,1392661341
4291,5403,1392668900
5403,4291,1392668954
3966,5408,1392672621
5408,3966,1392672773
3000,3194,1392673140
3194,3000,1392673220
3988,5409,1392677271
5408,2289,1392677768
2289,5408,1392677892
4611,5410,1392679727
5353,5411,1392680019
3427,3040,1392702454
3040,3427,1392702784
3804,5396,1392706412
35,5412,1392711252
3988,4516,1392719416
4516,3988,1392720559
5408,4852,1392734532
3897,5255,1392736802
5255,3897,1392736831
3746,3000,1392751139
3000,3746,1392751209
4291,4694,1392757605
5353,5384,1392759009
5403,4694,1392761049
3714,2642,1392761200
5384,5353,1392761808
5408,3714,1392765481
3714,5408,1392765798
905,5408,1392767438
5408,905,1392767679
4694,2124,1392768645
4694,5403,1392768675
4694,4532,1392768725
5408,5414,1392781622
5414,5408,1392781785
5414,5415,1392809788
5415,5414,1392812062
3897,905,1392822163
905,5251,1392822359
3988,353,1392823398
353,3988,1392823408
4119,1565,1392824051
1018,5408,1392826578
5408,1018,1392827107
4385,1154,1392833386
4385,2661,1392833425
5415,5416,1392835029
5416,5415,1392835181
905,1832,1392847702
905,3714,1392849023
2310,2063,1392849345
905,4611,1392849459
905,4649,1392849477
2063,2310,1392849710
4780,4308,1392855734
4649,905,1392859652
4291,5408,1392861104
5408,4291,1392861171
5408,4611,1392861492
4611,5408,1392861508
1810,5417,1392862479
1,703,1392872603
5146,5251,1392891457
5251,5146,1392892365
5251,5419,1392892416
5419,5251,1392893000
5408,5420,1392894934
5420,5415,1392894952
5415,5420,1392894962
5420,5408,1392895004
1363,3966,1392896228
3966,1363,1392896471
5367,5421,1392915265
4532,1832,1392919580
1832,3040,1392921584
3040,1832,1392921782
5421,5367,1392928287
5422,215,1392934619
4532,4694,1392937638
3649,905,1392938025
4244,5367,1392940987
1810,5367,1392942069
1810,5421,1392942069
5408,5423,1392942762
5423,5408,1392942891
5403,4925,1392944770
4925,5403,1392944860
5403,5255,1392950019
5255,5403,1392950113
1318,5424,1392976786
5155,3988,1392977155
3988,5426,1392981331
5426,3988,1392981388
1939,2123,1393011088
2123,1939,1393011173
1939,5427,1393012897
5427,2123,1393012952
5427,1939,1393012983
2123,5427,1393013176
5428,7,1393035422
5428,5429,1393035870
4788,3988,1393036125
5429,7,1393036182
5429,5428,1393036212
2125,5305,1393037465
2125,5430,1393037466
2125,5312,1393037466
2125,5431,1393037467
2125,5367,1393037467
5428,5432,1393041935
5432,7,1393042663
5432,5428,1393042698
7,5432,1393042884
7,5429,1393045890
7,5428,1393046021
4362,280,1393071646
280,4362,1393072125
5366,4385,1393074100
3919,3527,1393074611
1735,664,1393078504
5403,3013,1393103723
3013,5403,1393103736
5403,644,1393108283
644,5403,1393108327
4518,4559,1393113139
4857,1,1393114307
1,4857,1393114486
1,5418,1393122217
4291,1,1393133646
1,4291,1393133776
4385,5366,1393186345
5432,4922,1393187903
4922,5432,1393187930
5418,1,1393199709
3040,1,1393214195
5432,4553,1393215731
5065,4385,1393215868
5065,4559,1393216084
3804,3452,1393216994
3988,5433,1393228911
5433,3988,1393229056
1363,6,1393233603
3319,1,1393270808
1,3319,1393270822
3988,1394,1393273920
4244,5435,1393275250
5253,280,1393276008
280,5253,1393276328
5435,4244,1393281597
5384,3988,1393288879
1396,1,1393291389
1,1396,1393291668
2125,5436,1393310251
2125,5381,1393310252
2125,5382,1393310252
5403,5437,1393311784
5212,3630,1393312092
3630,5212,1393312235
3966,5411,1393335274
5425,3988,1393351079
4753,5438,1393365361
5438,4753,1393365389
5384,62,1393375565
4172,5384,1393376168
3707,5439,1393376658
3707,5440,1393376696
5065,62,1393376777
5403,5398,1393378625
3707,2661,1393379792
5398,5403,1393381027
3572,62,1393387214
3707,62,1393387325
4860,62,1393391820
4649,4515,1393397227
4515,4649,1393397344
5437,5403,1393399683
4812,5384,1393418065
4812,4172,1393418517
3988,5228,1393426282
5228,3988,1393426662
1018,3,1393427747
1018,62,1393427758
4921,905,1393429504
3988,5425,1393429575
3919,1,1393431648
3919,192,1393431667
361,1815,1393444168
4812,5441,1393444438
5441,4812,1393444721
3988,4812,1393445237
3988,5441,1393445253
3988,5384,1393445464
4812,3988,1393445509
5441,5384,1393445677
5441,3988,1393445736
5441,4172,1393445890
3452,361,1393446234
4172,5441,1393448546
4291,5442,1393450624
5442,4291,1393451505
3988,2318,1393452227
2318,3988,1393452259
5442,5368,1393453998
5263,2187,1393455945
1731,3804,1393461517
5403,4867,1393461663
4867,5403,1393461675
4867,5443,1393465504
5443,4867,1393465628
5251,5434,1393475970
5434,5251,1393477661
3804,1656,1393479148
4385,62,1393506833
4694,4419,1393532778
4419,4694,1393533549
3609,62,1393534608
3988,3919,1393538692
4172,3988,1393538816
3527,5384,1393539008
3527,4812,1393539016
3527,5441,1393539037
3988,3820,1393539288
3988,5346,1393539340
481,3429,1393540712
1386,481,1393540939
3804,3545,1393546468
3545,3804,1393546541
5403,4515,1393552783
5251,5444,1393556992
5444,5251,1393557052
3429,481,1393561957
4611,5251,1393566960
5251,3429,1393568648
3429,5251,1393569709
1810,3366,1393594099
4559,3743,1393609728
3653,4163,1393615308
4925,5443,1393617163
5443,4925,1393620626
4833,1656,1393629137
4365,1731,1393633454
1731,4365,1393633826
3804,1731,1393645445
5251,4611,1393713733
1670,4335,1393744302
4335,1670,1393744347
3988,5445,1393768109
5445,3988,1393768648
5251,2755,1393780249
5353,4172,1393782649
4921,4291,1393783186
1953,3504,1393783744
5251,5446,1393787206
5446,5251,1393787576
3527,5447,1393787923
361,25,1393815931
5443,1832,1393827612
1832,5443,1393827642
3640,1693,1393833001
3988,481,1393856408
4993,4897,1393858048
4993,4540,1393858200
3746,4562,1393859183
4562,3746,1393859347
5175,3988,1393861921
3988,5175,1393861956
2730,5269,1393864783
5269,2730,1393864835
5269,5360,1393869008
5345,5448,1393873238
5448,5345,1393873255
2730,2378,1393885560
2378,2730,1393885595
4172,5448,1393887734
4172,5345,1393887740
5383,3988,1393928214
3988,5383,1393928238
4172,4251,1393931429
3630,3746,1393957141
3746,3630,1393957198
3897,5449,1393961710
3897,3988,1393968221
4694,3714,1393972606
3714,4694,1393973672
3714,5397,1393991601
5397,3714,1393991649
5397,3452,1393991709
3707,1352,1394003347
3707,3572,1394003460
3707,2388,1394003941
3707,3204,1394004562
3988,3897,1394005449
3714,5451,1394050072
5451,3714,1394050154
4125,4197,1394072275
4197,4125,1394072403
4315,4780,1394101739
4780,4315,1394101819
4217,5452,1394134096
4694,3000,1394135321
3000,4694,1394135342
1958,35,1394187578
280,4131,1394200590
4131,280,1394200622
280,1850,1394202389
1565,905,1394208265
5269,1953,1394211392
1953,5269,1394211421
1565,2212,1394212179
2614,1213,1394218919
2614,5453,1394218971
4921,4611,1394225362
4515,280,1394233718
280,4515,1394234096
1953,5454,1394236367
3452,5403,1394241496
5403,3452,1394241588
1953,4266,1394244382
905,5403,1394311415
2045,5455,1394313181
3988,4499,1394332476
5403,4209,1394343462
4209,5403,1394343508
4867,4291,1394375658
4291,4867,1394375669
3988,5306,1394380799
5403,905,1394383428
3988,4125,1394383694
4217,3504,1394394757
5403,4608,1394478274
4608,5403,1394478351
5417,5456,1394485279
3649,5403,1394489124
5403,3649,1394489152
4916,5457,1394496532
5457,1850,1394497001
1,1615,1394508251
1615,1,1394508936
5403,3714,1394543411
4172,5396,1394554869
4172,5103,1394566044
5403,2063,1394566906
361,1352,1394568864
2063,5403,1394569884
5403,4365,1394575464
4365,5403,1394575566
2303,5397,1394579766
5397,2303,1394580243
3714,5403,1394580289
4205,5458,1394609209
5458,4205,1394609281
4205,3988,1394613322
3988,3172,1394619495
3172,3988,1394619709
3919,3988,1394627633
5458,3982,1394630847
3572,4921,1394658506
4921,3572,1394658521
2067,6,1394661127
4172,3380,1394666859
2125,1383,1394681585
2125,62,1394681601
4197,3699,1394740774
3699,4197,1394740836
1018,2028,1394742562
2125,4611,1394742592
2125,4833,1394742682
1731,3699,1394750609
3699,1731,1394758998
1437,35,1394763314
1437,775,1394763433
1437,1217,1394763449
3452,3714,1394764109
1018,2486,1394766449
3988,5459,1394788193
4921,3988,1394803438
3988,4921,1394803447
5403,5443,1394824287
5443,5403,1394824405
4649,5460,1394851495
5460,4649,1394852006
3649,4788,1394856468
5403,5422,1394864669
2934,5461,1394884499
1334,1731,1394898243
5028,4267,1394928570
2642,2262,1394944713
3714,3452,1394985370
4291,5368,1394986143
3897,4291,1394989558
4291,3897,1394989596
3988,5463,1394992741
3988,5462,1394992745
4291,3919,1395002393
4611,5403,1395016334
4611,4921,1395016412
3897,1832,1395017339
4611,3000,1395077050
3000,4611,1395077080
2486,1018,1395082053
4649,4365,1395119482
4365,4649,1395119735
1318,6,1395126122
4320,5259,1395151774
5259,4320,1395151783
3910,3988,1395157914
4611,3988,1395163549
3988,4611,1395163578
3988,3910,1395163608
5413,5411,1395163677
3988,3781,1395163699
3982,5458,1395190962
4829,5079,1395206436
5079,4829,1395206643
4828,5079,1395206879
5079,4828,1395207508
1731,4304,1395239933
4304,1731,1395239963
5413,5464,1395242163
3897,5403,1395260596
5403,3897,1395261409
3988,5465,1395266239
3988,4205,1395266405
3345,5466,1395284986
5466,3345,1395285245
3452,5466,1395293101
5466,3452,1395293203
4304,3837,1395335626
3837,4304,1395335661
1746,2028,1395344335
988,5287,1395345308
5287,988,1395346959
5403,4611,1395349356
2125,5467,1395353621
35,5468,1395353807
35,4642,1395353816
3746,5403,1395359836
5403,3746,1395360262
4993,4949,1395404810
3988,5255,1395409471
3988,4304,1395409651
4304,3988,1395410200
3919,1896,1395421158
3630,5028,1395426538
5028,3630,1395426676
5028,4197,1395427193
3630,3988,1395431753
3988,3630,1395431812
361,3897,1395444714
3897,361,1395444750
3988,1731,1395531928
3988,3982,1395576152
3982,3988,1395576529
1731,3988,1395592001
3988,3040,1395611831
4304,4559,1395624877
4291,5469,1395626410
4291,3317,1395628556
4649,5470,1395634022
5470,4649,1395634107
3988,5471,1395666782
2125,2987,1395674037
5363,2987,1395675590
2835,2725,1395693462
2642,5472,1395696430
5363,5311,1395703669
2125,5473,1395705274
4611,4189,1395705342
4189,4611,1395705379
4867,5473,1395705737
5473,4867,1395705879
5363,4291,1395712384
5472,2642,1395713641
35,5474,1395745408
35,5475,1395745415
5475,35,1395745507
4611,5476,1395759712
5476,4611,1395759746
115,3609,1395761456
5476,2805,1395761686
5476,5477,1395761704
4694,4291,1395763241
5363,5477,1395773256
5363,5471,1395773282
3828,4866,1395776803
4866,3828,1395776916
1352,2233,1395792714
5476,3013,1395794865
3013,5476,1395794882
4172,905,1395857158
5363,5259,1395864623
5259,5363,1395864652
5363,4932,1395864989
5363,5193,1395865399
5363,5197,1395865400
5363,5198,1395865401
5363,5200,1395865401
5363,5201,1395865402
5363,5202,1395865403
5363,5203,1395865405
3988,2835,1395869443
5413,5478,1395872031
5478,5476,1395872051
5476,5478,1395874864
4244,5052,1395878283
4244,4235,1395878328
3429,1850,1395879794
3897,4499,1395883870
5460,5466,1395889509
5466,5460,1395889612
3707,4559,1395905692
5439,3707,1395906643
4559,62,1395907613
4559,115,1395908070
5440,3707,1395911845
4499,3988,1395916572
4499,3897,1395916648
1565,4291,1395941154
1565,3897,1395941187
5465,3988,1395945403
2822,3640,1395956071
4991,5479,1395958424
5479,4991,1395958499
4515,5403,1395965171
4991,4172,1395967109
4172,4991,1395967219
5480,4649,1395971510
5476,5481,1395978780
5481,5476,1395978841
2045,5213,1396005098
5450,5482,1396012487
2642,4291,1396016842
5311,5363,1396018709
5476,5432,1396029654
3988,5476,1396030791
5476,3988,1396030821
4291,5411,1396031760
3707,545,1396032553
5479,5483,1396038130
5483,5479,1396038156
5479,5484,1396103176
5484,5479,1396103453
545,3707,1396124623
545,5482,1396125339
545,3640,1396125387
4833,5259,1396126110
5259,4833,1396126145
5363,3897,1396135362
3493,5479,1396168911
5411,4291,1396187849
5460,5383,1396191789
5383,5460,1396191858
3451,416,1396192770
416,3451,1396192791
5363,5483,1396197578
5363,5484,1396197584
5363,4991,1396197593
1352,5485,1396215932
1352,5157,1396215958
5483,5363,1396278420
5484,5363,1396279248
5479,5363,1396279364
2045,5479,1396279423
2045,5484,1396279485
2125,5479,1396279531
2125,5483,1396279540
2125,5484,1396279547
2045,4991,1396279846
2125,4991,1396280063
5075,5486,1396297007
4385,359,1396315036
3828,4382,1396323079
4382,3828,1396323084
5476,3000,1396384878
3000,5476,1396384891
4385,6,1396407147
1352,5487,1396438827
1352,1726,1396438839
3897,3345,1396448990
3345,3897,1396449004
2045,5488,1396453278
2045,5473,1396453909
192,3919,1396458481
5476,5489,1396459443
5489,5490,1396459713
5489,5363,1396459731
5489,5476,1396459935
5363,5489,1396459956
5363,5479,1396459968
5489,2045,1396460510
2045,5489,1396460521
4925,5491,1396463324
5491,4925,1396464077
4516,35,1396465631
5363,2600,1396475653
1363,4251,1396494249
3878,3910,1396515878
3910,3878,1396516148
35,5492,1396523058
5492,35,1396538052
3828,2498,1396540941
3988,4515,1396546792
4515,3988,1396546866
4882,5413,1396547823
5413,4882,1396547910
5413,3988,1396548430
4197,5494,1396573094
5494,4197,1396573288
1810,5490,1396582373
3897,3714,1396583012
3714,3897,1396583159
2045,5403,1396615922
5403,2045,1396616038
2045,3897,1396620000
3828,4419,1396639131
4385,4922,1396649697
550,2067,1396658466
5478,5495,1396661822
4291,3828,1396669478
4922,4385,1396682956
4811,2397,1396706630
2397,4811,1396706662
4291,5480,1396716985
5480,4291,1396717026
1810,1334,1396720751
1334,1810,1396720995
2067,550,1396733368
5316,4197,1396745149
4197,5316,1396745218
4291,4253,1396766567
3897,4762,1396805771
4762,3897,1396805878
2067,4439,1396830571
2642,2943,1396832264
35,1648,1396897988
1648,35,1396898016
4759,2625,1396900603
4867,3278,1396902826
3278,4867,1396902907
115,5496,1396905349
1810,25,1396914528
4197,5497,1396920113
4197,4762,1396921598
4762,4197,1396921796
3452,4851,1396924982
4851,3452,1396925030
3897,3013,1396926274
1,4921,1396943518
4,5498,1396948409
5499,3722,1396972858
4925,3452,1396974738
3452,4925,1396974812
1018,5500,1396974854
3452,5501,1396987028
5501,3452,1396987053
35,5502,1396992057
35,5503,1396992070
3452,3451,1396996283
3451,3452,1396996305
3828,4197,1396999857
4694,5504,1397012853
5504,4694,1397012953
2063,2625,1397053407
115,2013,1397059190
5501,5505,1397059446
5505,5501,1397059577
2625,2063,1397060207
2045,2028,1397078259
3000,1832,1397078330
1731,905,1397078975
2045,4899,1397079055
1334,2045,1397079127
1810,905,1397079156
1334,905,1397079197
5404,1953,1397086549
5497,4197,1397089770
4385,3547,1397140011
4385,1528,1397140227
3649,5476,1397144477
5476,3649,1397144508
3828,4291,1397145810
4694,3828,1397149934
625,1267,1397150190
1267,625,1397150200
625,4521,1397150320
4521,625,1397150439
4197,3451,1397173757
2943,2642,1397184724
545,5506,1397196295
5506,545,1397196347
5506,1352,1397196373
5506,3640,1397196382
5506,4860,1397196390
5506,3572,1397196402
5506,4921,1397196425
5506,3707,1397196475
5506,5440,1397196542
5506,1735,1397196554
5506,5065,1397196560
5506,2822,1397196567
5506,4559,1397196572
5506,5249,1397196582
5506,4385,1397196603
5506,1528,1397196631
5506,5482,1397196691
5506,5317,1397196698
5506,5318,1397196716
5506,5450,1397196723
5506,3204,1397196875
5506,115,1397196903
5506,1,1397197064
5506,5508,1397235100
5506,361,1397235128
5506,1512,1397235191
1565,5506,1397241218
2934,3278,1397241671
1810,3897,1397241724
3278,2934,1397241750
4867,5466,1397247641
5466,4867,1397247810
2067,5466,1397249362
5466,2067,1397249429
3878,4559,1397252801
4559,3878,1397260119
4611,5316,1397279199
5316,4611,1397279219
4611,4925,1397280395
4925,4611,1397280485
4611,5510,1397285929
5510,4611,1397286236
1352,5511,1397300845
5511,1352,1397301369
1352,5506,1397301915
115,5506,1397302077
4499,5512,1397302453
5512,2067,1397303483
2045,5512,1397303508
2067,5512,1397303528
5508,5506,1397311979
3640,5180,1397325356
3640,5513,1397328067
1352,5513,1397334621
4515,4499,1397334670
4499,4515,1397334692
4860,545,1397336035
115,2198,1397337727
5440,5506,1397345119
4899,2498,1397367672
3707,5510,1397398540
3640,2296,1397408720
3640,1352,1397408740
3640,545,1397408756
3640,1512,1397408790
3640,115,1397408797
3640,3707,1397408816
3640,4921,1397408844
3640,2822,1397408872
3640,5482,1397408905
3640,5440,1397408918
5515,4925,1397409061
4125,4611,1397411546
5508,1352,1397413676
5508,545,1397415355
1352,3470,1397423381
1735,5516,1397425749
5501,35,1397428160
5450,545,1397434427
3722,4385,1397437223
5450,1352,1397444878
2388,4136,1397448195
5515,1352,1397450741
5316,3828,1397453647
1916,35,1397457205
3878,4172,1397459669
5472,5517,1397499645
2125,5472,1397500007
4925,3640,1397500467
4172,3878,1397502495
4518,4611,1397502865
4611,2942,1397509321
550,4197,1397511268
5472,5518,1397513402
5518,5472,1397513551
3828,215,1397520324
2067,3828,1397520764
3828,2067,1397520915
215,3828,1397521272
2822,2214,1397521442
2822,2028,1397521526
5501,5316,1397521585
2822,1693,1397521859
2822,1735,1397521993
4291,4553,1397522385
5501,2296,1397530639
5180,5519,1397532162
3897,2067,1397571080
2067,3897,1397571090
3897,4131,1397572792
4611,412,1397585984
2870,5522,1397590381
5522,2870,1397590427
5249,5521,1397594617
1670,5523,1397596930
5523,1670,1397597050
2296,5501,1397613739
5525,4780,1397615941
1352,5526,1397615986
4780,5525,1397616097
3878,5510,1397631198
5510,3878,1397631316
4899,5501,1397649666
5316,5501,1397649704
4925,2498,1397651421
1810,5501,1397652530
115,5527,1397666676
3640,5527,1397666787
5527,115,1397666890
5527,3640,1397666898
1735,5527,1397667233
3640,5260,1397667986
2067,2188,1397680943
5525,1352,1397692034
5482,5450,1397694796
5528,2642,1397700525
3707,2642,1397701013
5523,3722,1397702668
4611,3828,1397706732
3722,1670,1397753271
3878,3640,1397756265
5492,3707,1397759277
3707,5492,1397767304
4553,4515,1397769185
4515,4553,1397769278
5526,3878,1397770841
3878,4519,1397772819
5316,4735,1397776353
4735,5316,1397778111
1810,5505,1397779117
4559,5505,1397779159
4559,1810,1397779219
4611,4515,1397781315
4611,3722,1397781339
4515,4611,1397781351
2388,3722,1397788377
361,2388,1397790422
1,2067,1397797784
2067,1,1397822842
1670,2017,1397830602
1670,3744,1397830607
1670,3722,1397833946
4899,4611,1397842942
3649,4189,1397852200
4189,3649,1397852263
5473,5488,1397856693
4570,4189,1397930100
4570,5465,1397931806
4189,4570,1397932044
3878,5514,1397932756
5473,2498,1397932793
5465,4570,1397937592
4291,15,1397939045
15,4291,1397939321
4570,1018,1397940136
1018,4570,1397940165
2266,4694,1397943581
1953,5530,1397945151
3598,3897,1397958830
3897,3598,1397959105
3107,3897,1397959198
3897,3107,1397960021
3897,3278,1397960488
3278,3897,1397960585
3451,4570,1397998526
4570,3451,1397998559
4197,550,1398012585
4385,4925,1398021325
4925,4385,1398022045
3878,5531,1398027100
5531,3878,1398027245
3451,1919,1398032417
3451,3107,1398037927
3107,3451,1398037942
1352,1735,1398074986
1352,5005,1398075035
1352,3572,1398075114
3451,5316,1398081369
5316,3451,1398081400
1670,5532,1398107447
2045,5533,1398107471
3919,5533,1398107521
5523,5533,1398107567
5523,5532,1398107597
3722,4860,1398114983
3013,3649,1398127188
3649,3013,1398127253
4860,115,1398132740
4611,1731,1398146714
1731,4611,1398146924
3572,115,1398169672
3572,545,1398169709
3572,4860,1398169772
3572,1352,1398169962
3572,5065,1398170073
3572,1735,1398170352
4860,1735,1398170477
4860,5065,1398170521
4860,3572,1398170592
115,39,1398171417
3572,5005,1398173125
115,3572,1398180168
115,1735,1398180274
115,4860,1398180369
115,545,1398180432
115,69,1398180506
1735,4860,1398181305
1735,115,1398181343
1735,5065,1398181444
1735,3572,1398181594
115,5065,1398181649
1735,545,1398181847
1735,1352,1398181899
3878,3572,1398184882
2063,4515,1398196330
4515,2063,1398196397
115,5534,1398196441
5534,115,1398196561
5317,1352,1398196757
3828,4611,1398202398
3878,4867,1398206013
4867,3451,1398206416
4867,3878,1398206503
5440,3640,1398212179
5440,545,1398212215
5440,4860,1398212229
5440,1352,1398212243
5440,3572,1398212254
5065,4860,1398221536
5065,115,1398221583
5065,3572,1398221649
5065,1735,1398221682
5316,5363,1398229215
5363,5316,1398229255
5363,3828,1398230468
4611,5363,1398230768
5363,4611,1398230805
115,1352,1398254093
3451,4867,1398278507
2397,4611,1398281974
4611,2397,1398282051
3649,5536,1398287909
3878,5142,1398288042
5536,3649,1398288073
3451,3278,1398288540
3278,3451,1398288552
5536,3722,1398291102
2125,2498,1398311818
2125,1,1398311840
2125,4291,1398313775
4611,3229,1398314359
35,5537,1398335703
35,5538,1398335728
115,62,1398339473
115,3,1398339491
1352,62,1398339552
115,2,1398339622
115,78,1398339772
115,1202,1398339912
5157,4860,1398346562
4860,5157,1398346874
5157,115,1398347195
5157,5065,1398347218
5157,545,1398347584
115,5157,1398348359
5157,3572,1398348644
4860,5534,1398348894
5157,1735,1398349458
5472,1648,1398353200
1648,5472,1398353222
1052,5478,1398354086
5065,5157,1398354230
3640,5157,1398355484
2934,5472,1398360208
5472,2934,1398360226
5065,1947,1398360370
4385,3470,1398361746
3707,5157,1398361814
4385,5157,1398361864
3722,5157,1398361869
2642,3744,1398366300
5363,3744,1398366371
115,1,1398368074
1,115,1398368138
545,115,1398369646
545,1735,1398369656
545,4860,1398369695
545,5157,1398369733
545,5065,1398369736
3451,1403,1398375542
1403,3451,1398375583
3451,4598,1398375814
3878,5539,1398375820
361,62,1398375923
5539,3878,1398376261
3572,5157,1398378694
3451,4611,1398380006
4611,3451,1398380012
5450,5157,1398384720
3828,5480,1398401727
5480,3828,1398401841
3640,5540,1398402373
5540,3640,1398402582
5540,5157,1398406245
5540,1352,1398406291
4611,5541,1398408805
5541,4611,1398408862
115,5542,1398422349
115,664,1398428852
3878,5521,1398438801
3878,4925,1398456799
2045,3099,1398458036
4499,3194,1398461703
3194,4499,1398461763
3194,4197,1398462212
5471,5544,1398523484
5544,5471,1398523659
1810,5471,1398525029
1810,5544,1398525060
4559,5544,1398525127
4559,5471,1398525146
5472,5536,1398525483
5536,5472,1398527782
4925,5472,1398529921
5472,4925,1398529943
4611,5472,1398553131
4611,3655,1398560162
3655,4611,1398561633
5472,4880,1398627367
5543,5472,1398627396
5472,5531,1398627424
4880,5472,1398627486
2934,5546,1398634405
2934,5471,1398634459
2934,5544,1398634466
5472,5481,1398637077
5529,5547,1398637103
5481,5472,1398637143
1810,1964,1398638724
5472,3013,1398638895
3013,5472,1398638963
3722,5482,1398641110
4291,5472,1398646075
5472,4291,1398646139
3722,1512,1398648626
3452,5200,1398649268
3452,5197,1398649302
3452,5193,1398649354
4899,5316,1398652597
5472,4611,1398653617
4899,62,1398654129
4570,5548,1398655200
5472,3722,1398655779
1403,1810,1398656667
1810,1403,1398656887
5472,1810,1398664630
3452,1810,1398667099
4899,5472,1398668666
5472,4899,1398668683
5549,5521,1398679723
5472,5316,1398695336
5316,5472,1398701505
4419,3828,1398702562
4899,5473,1398708696
1810,4899,1398708825
1810,5473,1398708974
4385,5100,1398724069
5550,5531,1398738906
4611,4291,1398739914
5316,4899,1398744560
4851,4131,1398748233
4131,4851,1398748297
3527,3847,1398765643
3847,3527,1398765941
4519,5551,1398784915
2565,3285,1398784923
3285,2565,1398785313
2125,5552,1398798510
3640,5552,1398799081
4315,5551,1398800387
5480,3451,1398806452
1386,5480,1398806622
4172,5480,1398806787
3451,5480,1398808218
3429,3897,1398818170
3897,3429,1398818215
5180,4922,1398821840
5473,1810,1398823866
5316,1810,1398826159
3452,4899,1398827191
3452,1,1398827327
5316,4291,1398827557
4611,3452,1398830317
3452,4611,1398830320
2647,3901,1398858351
5553,35,1398869614
4519,3878,1398873239
5543,5550,1398880240
2835,2934,1398880965
2934,2835,1398881000
3722,1396,1398884681
3919,4291,1398885624
3722,2835,1398886109
2835,3722,1398886462
4291,3722,1398886930
5528,5551,1398893248
2896,3722,1398904500
3722,2896,1398904504
4515,5543,1398918713
3722,4899,1398919531
5554,5553,1398959134
3897,3630,1398962071
5529,5543,1398969341
5543,5529,1398969449
1565,5363,1398969911
5472,215,1398970100
215,5472,1398970185
5553,5554,1398972677
5555,3640,1398976681
4925,1735,1398982694
5472,3107,1398985628
3107,5472,1398985750
3910,5472,1398986012
5363,2498,1398987651
4291,4611,1399009200
3901,2647,1399024195
2755,5251,1399026649
1352,5450,1399030228
5553,5556,1399048312
5556,5553,1399048382
4385,5557,1399054905
3707,4925,1399073309
5543,1998,1399085318
1998,5543,1399085389
5316,5558,1399111376
5558,5316,1399111567
5559,3722,1399131135
5559,5514,1399131309
5559,2045,1399131334
5559,4860,1399131394
5559,545,1399133647
5559,3707,1399133718
5559,3878,1399133868
5559,3640,1399133911
5559,3572,1399135053
2822,3572,1399136500
2625,5481,1399146950
5481,2625,1399146978
5440,3878,1399151402
1471,3986,1399154383
3986,1471,1399154467
5472,3910,1399154584
3897,4418,1399169322
3897,5560,1399169714
5560,3897,1399169749
3040,5472,1399174747
5472,5550,1399175415
5550,5472,1399175663
3722,5561,1399181087
1810,5563,1399218957
5563,1810,1399218974
992,908,1399219338
5553,5564,1399223308
5564,5553,1399223349
115,17,1399231729
3722,1735,1399232859
5472,3040,1399240006
4511,2048,1399240457
2048,4511,1399240654
35,5566,1399241893
35,5567,1399241926
5566,35,1399241934
3722,5506,1399259066
3722,25,1399259137
3722,2642,1399259502
3722,4291,1399259619
3722,1352,1399259903
3722,545,1399260024
3722,4611,1399260139
3722,5523,1399260509
3722,5499,1399260573
3722,1383,1399260670
3722,62,1399260688
3722,4553,1399274559
1735,2018,1399278286
5492,5568,1399279682
5568,5492,1399279685
4172,5473,1399288059
3722,1,1399310236
1396,2835,1399315814
2835,1396,1399315854
4385,5065,1399316060
2625,5529,1399323531
3722,2625,1399324441
2835,4867,1399325337
4867,2835,1399325404
5450,1512,1399327688
5065,1512,1399327722
1731,1334,1399333487
1396,4304,1399335005
4304,1396,1399335223
5524,1,1399360356
361,1832,1399361615
2835,5569,1399399425
5569,2835,1399399527
2822,4385,1399400809
2625,4209,1399403611
4209,2625,1399403619
3572,1512,1399422826
3897,5569,1399486767
5569,3897,1399486809
3427,690,1399489118
3427,5555,1399489128
5555,3427,1399489428
2124,4694,1399492343
1810,4694,1399492829
361,4694,1399492896
5524,1953,1399500289
2835,2045,1399500477
2045,2835,1399500528
5541,5553,1399530742
361,5553,1399532355
1318,5553,1399532390
3878,5553,1399532437
5541,2767,1399537948
2767,5541,1399537970
5570,5541,1399539635
5541,5570,1399539716
5065,5317,1399581801
3707,468,1399584998
3897,2110,1399609654
2110,3897,1399609660
3897,2397,1399611736
2397,3897,1399611804
5316,5529,1399649539
4291,1386,1399657976
3828,5541,1399670317
5541,3828,1399670329
1352,25,1399725960
3878,5573,1399730645
5573,3878,1399730979
3649,3707,1399754161
3707,3649,1399754201
2625,3707,1399757997
3707,2625,1399758051
4315,3864,1399849938
3864,4315,1399850353
5522,25,1399869625
5522,5574,1399870217
4291,361,1399870705
1810,5480,1399872022
5482,3722,1399877770
5482,3878,1399877922
3878,5482,1399878413
5574,5522,1399890069
5574,3451,1399890250
135,5574,1399890278
3878,3427,1399924326
3427,3878,1399924330
35,4515,1399927860
2397,5575,1399937131
2144,4315,1399966162
4315,2144,1399966274
3878,5143,1399984470
2296,5576,1400001485
3452,5576,1400001522
361,5576,1400001558
3828,5576,1400003410
2388,5576,1400006719
3640,5577,1400008063
5065,5577,1400008186
5577,3640,1400008469
4197,3013,1400009696
3603,5442,1400025630
2296,1543,1400049182
35,3878,1400057069
35,5579,1400057113
3040,5580,1400061417
5580,3040,1400061523
4315,93,1400066030
93,4315,1400066766
93,1318,1400067044
4315,1318,1400067305
1318,4315,1400067426
5529,2625,1400086313
1018,5576,1400122504
5443,5581,1400124598
5581,5443,1400125121
2388,4361,1400128361
4361,2388,1400128440
3878,2296,1400166734
5569,2296,1400166778
1810,2296,1400166832
4499,2397,1400169080
2397,4499,1400169114
2397,5582,1400183847
5582,2397,1400183903
3722,5450,1400200999
1352,5521,1400202095
3828,5524,1400217618
5524,3828,1400217747
4787,4315,1400226595
3707,5577,1400227936
5521,1352,1400228491
3452,1334,1400229006
5316,5583,1400233978
5583,5316,1400234178
5524,3429,1400291620
3429,5524,1400291658
5524,3804,1400298759
5583,3040,1400381550
3040,5583,1400391211
3722,1810,1400422047
4867,1412,1400454943
1412,4867,1400454984
4511,5310,1400482032
5310,4511,1400482244
4385,1726,1400521257
5529,2397,1400528975
2397,5529,1400529426
5554,5316,1400532117
5316,5554,1400532175
4553,5316,1400538387
3804,5524,1400545612
5475,5585,1400580748
5475,5586,1400580859
5475,5587,1400580911
5475,5588,1400580942
5475,5589,1400580987
215,4136,1400585485
4136,215,1400585520
4649,5480,1400597752
4828,4693,1400602055
2296,3452,1400602238
3452,2296,1400602373
4828,3452,1400605537
4828,5590,1400605543
3452,4828,1400605550
5590,4828,1400605572
3452,5590,1400605574
5590,3452,1400605598
2767,4197,1400614952
4197,2767,1400615087
3878,115,1400618654
2388,3013,1400625283
3013,4197,1400626117
2658,5457,1400636282
5457,2658,1400636432
1034,4315,1400654808
4315,1034,1400655025
2125,5591,1400704894
5591,5316,1400705060
5316,5591,1400705174
35,5581,1400707462
35,5592,1400707477
5523,4304,1400709635
4304,5523,1400709788
115,5593,1400750583
5593,115,1400750886
1396,3722,1400780103
5529,361,1400789487
361,5529,1400801239
1018,57,1400807796
57,1018,1400807855
5353,4515,1400809943
4515,5353,1400810533
4515,3040,1400822512
3040,4515,1400823406
5594,3640,1400823623
3040,280,1400824922
3878,5508,1400831743
5508,3878,1400831889
4385,5594,1400835365
4197,4867,1400867085
5596,5554,1400867435
5155,4867,1400869336
5596,4197,1400870959
5155,5353,1400872672
5472,2110,1400872718
3452,3909,1400874467
5353,5155,1400874836
5472,5596,1400876384
5596,5472,1400876437
5472,5597,1400886952
5597,5472,1400888038
2110,5472,1400888126
5550,1810,1400950817
1810,5550,1400951067
5472,5598,1400952716
5472,5529,1400955194
5529,5472,1400955465
4197,5472,1400962318
5259,3897,1401039495
3897,5259,1401039621
5472,4197,1401041659
4172,5599,1401050121
4304,905,1401059856
3828,5596,1401066601
5596,3828,1401066646
3878,33,1401100624
33,3878,1401100629
4385,4559,1401106568
4385,115,1401106593
3878,4385,1401106605
3878,1352,1401106649
4385,3878,1401106684
4385,1947,1401106704
4385,4921,1401106736
3878,5506,1401106778
4385,5507,1401106836
1352,5539,1401128481
5317,5539,1401128853
4197,1670,1401128863
1670,4197,1401128871
4499,4649,1401129172
4291,5595,1401131855
4172,4499,1401138853
5472,2625,1401214819
5482,5601,1401221291
2388,1615,1401222239
2388,5212,1401222251
35,5600,1401284713
4197,216,1401295986
216,4197,1401296184
1810,5472,1401305758
2045,5472,1401306554
5559,1352,1401316487
4304,1403,1401317276
4511,5590,1401318653
5590,4511,1401318802
4118,1810,1401321425
3429,2635,1401322993
4559,2194,1401384385
4118,4197,1401396175
4197,4118,1401396523
2388,2063,1401400820
3707,4197,1401413472
4385,2194,1401443288
5569,33,1401458209
33,5569,1401458834
4197,3707,1401474746
1971,2194,1401486575
5596,1731,1401493307
4925,5603,1401495745
3452,4304,1401498006
5598,5472,1401498024
4304,5604,1401504633
5604,4304,1401504702
2296,4291,1401507266
361,5472,1401507393
361,3531,1401507653
4515,3916,1401513799
3916,4515,1401513823
3707,5180,1401520378
3429,1998,1401540634
1998,3429,1401540677
4385,5485,1401543641
4385,2187,1401544168
4559,5485,1401544330
2835,2063,1401555757
4291,3878,1401557881
3878,4291,1401559566
5604,135,1401564012
2063,2835,1401564141
57,3878,1401632438
3878,57,1401632463
3707,1383,1401633577
5604,5516,1401661362
1352,1948,1401663356
4189,2942,1401664433
2942,4189,1401664459
5457,5570,1401669783
3804,5457,1401669791
4532,5457,1401672455
5457,4532,1401672522
3013,5316,1401673436
1731,5607,1401675536
5607,1731,1401677204
4649,3013,1401682567
3013,4649,1401682584
4385,1690,1401721286
4385,1386,1401722685
3919,5212,1401735014
4197,3581,1401737017
3581,4197,1401737093
1018,3746,1401738012
4197,4611,1401747141
5472,5609,1401751312
3746,1018,1401751494
5504,5610,1401764614
5610,5504,1401765375
4532,2835,1401777864
2835,4532,1401777985
3722,5540,1401779599
5472,4251,1401795505
5482,2194,1401801785
3722,5571,1401813261
2110,4197,1401813704
4197,2110,1401813787
3722,5317,1401815129
3452,2067,1401831792
3452,5472,1401834998
2658,5611,1401835635
4304,5472,1401836386
2388,5472,1401836843
3707,5065,1401842515
3707,4860,1401842619
5609,5472,1401850977
4291,2835,1401851059
2835,4291,1401851104
4291,4851,1401852241
4851,4291,1401852311
2835,5591,1401857444
5591,2835,1401857524
3878,2388,1401910917
2942,3040,1401915740
3581,1899,1401986048
1899,3581,1401986176
3919,1363,1401994017
2045,3919,1401996313
2110,5608,1401999619
2388,5608,1402000046
5610,4197,1402009187
5610,5609,1402010357
5610,5316,1402010396
5609,5610,1402010433
5609,5316,1402010552
4197,5610,1402011290
1,3919,1402018236
33,51,1402040472
51,33,1402040488
3040,51,1402042327
51,3040,1402042427
5353,3429,1402060815
3429,5353,1402060834
2658,2296,1402075260
5608,3878,1402089514
5608,2110,1402089600
5608,5612,1402102274
256,5614,1402102362
5614,5610,1402103580
5515,25,1402115576
4925,5615,1402116554
5615,4925,1402124149
5608,4511,1402130836
4511,5608,1402130873
3722,1318,1402143178
3878,5616,1402145377
481,2296,1402166824
3878,481,1402166873
1352,5617,1402173789
5590,5618,1402193483
5618,5590,1402193621
5590,5619,1402227543
5618,5619,1402227587
5619,5590,1402231813
5619,5618,1402231841
35,5614,1402251365
5614,35,1402251564
5612,3772,1402251784
35,3772,1402251971
3772,5612,1402252407
3772,35,1402252465
5614,256,1402253653
2045,5618,1402262317
4515,2045,1402262802
2045,4515,1402262823
1735,5616,1402264789
2934,5435,1402267382
5435,2934,1402267529
2934,3804,1402267621
4197,5614,1402270755
5614,4197,1402271041
3452,3040,1402283422
3040,3452,1402283583
2934,2266,1402327684
2934,2028,1402328455
1693,1352,1402345200
4515,5622,1402347692
3452,304,1402348416
5622,4209,1402360009
4209,5622,1402360155
5612,3452,1402385852
3452,5608,1402385892
3656,5506,1402393140
3878,2194,1402395710
1971,35,1402431159
3040,2942,1402433011
2388,3828,1402434017
3040,13,1402437546
13,3040,1402437576
3470,5623,1402437590
4197,2835,1402447438
2835,4197,1402447565
2625,3013,1402452618
3013,2625,1402452660
4649,3040,1402461823
3040,4649,1402461988
3828,2388,1402505116
5609,4649,1402548154
361,3452,1402549081
361,5570,1402549500
2934,5608,1402570919
3317,4197,1402608366
1971,545,1402613801
4197,3804,1402615715
1018,1316,1402625114
1352,5624,1402632179
5624,1352,1402633207
5624,115,1402633396
5624,1735,1402633551
5624,3707,1402634283
5624,4385,1402634400
5624,4559,1402634698
4365,1316,1402634788
5624,5065,1402634803
5065,5624,1402635083
5624,4860,1402636405
35,5619,1402650405
1939,1,1402675646
5065,3707,1402678674
3040,5625,1402678880
5625,3040,1402679491
35,5596,1402686932
35,1971,1402686947
4860,4291,1402688581
3722,4519,1402688633
4922,5626,1402689513
4291,4860,1402689590
1352,2524,1402693679
4519,4291,1402696758
3452,5612,1402698454
2835,3040,1402698985
3640,2524,1402700331
3581,5625,1402701977
5626,4922,1402720142
3828,5627,1402730295
5627,3828,1402730713
3878,1,1402750400
4860,5440,1402771367
4515,2625,1402779102
2625,4515,1402779120
4172,1316,1402787013
2658,1,1402813525
2658,1939,1402816307
1939,2658,1402820436
5623,5482,1402821933
5623,5606,1402822934
5623,1352,1402823344
4291,5598,1402864876
5598,4291,1402864954
4649,4499,1402892248
4365,4197,1402950628
4197,4365,1402951926
5625,5472,1402957887
3451,5574,1402960199
2296,5472,1402960234
3598,4197,1402963885
4197,3598,1402963929
3810,4197,1402970917
4197,3810,1402971078
1352,5623,1402975258
5602,1352,1402976359
3470,5602,1402976376
5602,5482,1402976501
3470,1352,1402977142
5579,35,1402985106
4172,1885,1403001087
1885,4172,1403001221
4515,4197,1403048252
3013,3897,1403062076
1352,3878,1403088129
4382,3988,1403137005
3707,5508,1403139595
5515,5508,1403139721
545,5508,1403141328
3828,3725,1403145205
3725,3828,1403145249
35,5554,1403176420
5631,2625,1403185136
5630,3828,1403203144
3828,3040,1403207153
3040,3828,1403207216
1764,5633,1403207852
4860,5577,1403224772
4860,5634,1403225268
5635,4649,1403228090
3040,5632,1403231316
5632,3040,1403231344
3040,5316,1403240933
3988,5633,1403288079
5065,5634,1403300454
4925,4213,1403303605
3988,4788,1403306325
3988,3429,1403309732
5636,3429,1403312112
3988,5636,1403312183
3429,5636,1403312275
4101,4196,1403312884
4196,4101,1403312954
5636,3988,1403313048
5636,5612,1403320019
5623,5613,1403323897
5636,1,1403340355
5636,5638,1403342868
1352,5613,1403343737
3988,5639,1403345021
3988,5638,1403345027
3988,5640,1403345032
5636,5641,1403346386
5636,5640,1403346415
1396,4291,1403375033
4291,1396,1403379491
3828,2934,1403385174
2045,2963,1403385526
3988,2934,1403386203
2658,1383,1403386505
2658,2028,1403386576
2658,62,1403386792
4860,5516,1403408429
5508,3707,1403424239
4300,1528,1403424636
3828,5630,1403458152
3988,4649,1403459760
2822,535,1403462758
2045,4136,1403468098
5612,5636,1403469789
3988,1778,1403481405
5440,5643,1403483976
5634,3640,1403494499
3640,5613,1403495212
5440,5644,1403501049
3707,5569,1403538595
2045,2044,1403544601
1639,2044,1403545059
2934,5508,1403548861
5508,2934,1403548877
3988,1832,1403549114
3988,3828,1403549777
3988,1316,1403551041
3988,3837,1403551062
3988,2388,1403554795
3722,5645,1403555370
3988,361,1403591426
4867,5316,1403593170
4172,33,1403621605
2429,1764,1403623149
1764,2429,1403627796
5612,3581,1403627979
3581,5612,1403628339
5065,5613,1403629075
5612,5582,1403629674
5582,5612,1403629880
1810,3600,1403638840
5363,2056,1403638870
2056,5363,1403639175
2045,2498,1403639392
5478,5646,1403639568
3429,2835,1403648310
2835,3429,1403648310
1735,4724,1403652091
4197,5478,1403660864
1352,5065,1403661367
3828,5632,1403661717
5632,3828,1403662092
5632,2625,1403662568
2625,5632,1403664019
3988,57,1403684596
5648,3260,1403700670
5612,481,1403720569
5612,3013,1403724434
3013,5612,1403724529
2125,5596,1403733258
4925,5649,1403734325
5649,4925,1403734335
5650,4205,1403735234
5647,3581,1403777003
5640,5647,1403777729
3988,1334,1403777958
3988,4291,1403777963
4385,3865,1403780299
3988,4136,1403792557
3988,2642,1403792652
2328,2028,1403806559
2328,2214,1403806893
3429,5649,1403822607
35,4136,1403823421
35,5652,1403823446
35,5653,1403823459
4860,5654,1403823958
5649,3429,1403824154
5649,2388,1403824182
545,5613,1403827948
4197,5655,1403829344
5655,4197,1403830991
2110,5596,1403832802
5596,2110,1403832855
3040,5596,1403839216
3429,3040,1403840075
5596,3040,1403840203
3040,3429,1403840958
5631,5596,1403840977
5596,5656,1403847842
5656,5596,1403847889
5596,5657,1403850606
5657,5596,1403850652
5658,5647,1403852674
5658,5649,1403852753
5649,5658,1403853091
2835,4365,1403854133
4365,2835,1403854169
5647,5658,1403854242
3988,4365,1403856041
4385,3707,1403858736
3988,1802,1403868046
5619,5659,1403875077
3581,5647,1403880357
4197,5596,1403893224
3988,2165,1403899729
5482,1735,1403906949
1735,5482,1403907016
5482,5602,1403907238
5482,5613,1403907420
5296,3040,1403918786
3040,5296,1403922014
3040,2012,1403936938
2012,3040,1403936973
3640,5654,1403942606
4197,32,1403977358
4197,540,1403978895
4385,2004,1403983952
540,5227,1404013289
5227,540,1404013296
5227,5660,1404013711
540,4291,1404016157
4291,540,1404016410
3707,5450,1404058124
5450,3707,1404058187
5450,5508,1404061428
5508,5450,1404061536
5541,4867,1404082911
4867,5541,1404082916
4291,1352,1404084466
3470,5661,1404111606
3878,5440,1404127070
5508,5353,1404127705
5353,5508,1404127768
3722,5662,1404145320
5296,4197,1404147824
4197,5296,1404147846
5631,5663,1404150449
5663,5631,1404150633
32,4197,1404152786
3722,4921,1404154574
3828,5609,1404160023
5609,3828,1404160046
2397,5664,1404163802
5664,2397,1404163829
4197,3345,1404168673
5631,5665,1404169811
5665,5631,1404170305
5665,5666,1404170579
3804,5667,1404175129
5541,5591,1404175237
5541,4365,1404175265
5591,5541,1404175299
5591,4365,1404175335
5667,3804,1404175470
5667,2388,1404176384
5612,5316,1404177577
5316,5612,1404177605
5667,3828,1404179256
3828,5667,1404179328
3640,5612,1404180341
3804,4291,1404182236
4291,3804,1404182262
481,1991,1404188305
4316,3506,1404193799
5666,5665,1404206560
3506,4316,1404212688
5631,5668,1404213719
5668,5631,1404213773
5631,5669,1404228292
5669,5631,1404228329
2396,5631,1404231469
5259,4197,1404233554
4197,5259,1404233557
5654,3427,1404252160
3581,5529,1404258553
3707,5661,1404259645
5654,135,1404263785
5654,481,1404263822
1731,5596,1404264894
5529,5316,1404265937
3429,3427,1404268689
3427,3429,1404268722
3427,5529,1404270095
5614,3722,1404270334
5529,3427,1404270858
5654,5212,1404289188
4365,3988,1404290055
5612,2934,1404291116
3722,5614,1404303591
3878,5670,1404305290
3988,3878,1404309222
3988,1953,1404309237
3572,5450,1404312354
5450,3572,1404312426
3572,1,1404312894
4452,1991,1404327948
5670,3878,1404328014
4649,4452,1404342447
4452,4649,1404342506
3804,5442,1404342685
5529,3581,1404342811
5654,5316,1404346541
563,645,1404367963
5591,5672,1404398218
5672,5591,1404398245
3828,5673,1404497456
5673,3828,1404497516
3609,5674,1404510031
4385,5675,1404510458
5674,3609,1404510692
5654,2934,1404562166
4365,5654,1404563363
5525,5654,1404568212
1352,5676,1404574544
5674,5529,1404668891
5529,5674,1404669191
5654,159,1404683527
5654,192,1404687198
5612,5565,1404693292
5565,5612,1404693392
215,2336,1404694526
4618,4315,1404703817
2336,215,1404713122
4315,4618,1404724147
4315,4308,1404724172
4291,5316,1404741485
3878,4365,1404742071
4365,3878,1404742112
4365,3837,1404746602
3837,4365,1404747383
4197,4518,1404752103
4518,4197,1404752131
5482,5515,1404753378
5596,5316,1404764864
4197,2336,1404771510
2336,4197,1404771542
5316,3040,1404783171
2125,3429,1404784197
4499,5678,1404786302
5678,4499,1404786370
1352,5482,1404799357
5649,5679,1404799495
5482,1352,1404801144
4172,2045,1404814105
2045,4172,1404814242
5529,5353,1404825155
3988,4882,1404834076
3988,5413,1404834098
4882,3988,1404845950
5353,5529,1404853265
3345,5612,1404871253
5612,3345,1404871383
2045,3487,1404887671
2396,5175,1404921308
3988,5680,1404921799
5680,3988,1404921931
5612,4867,1404924559
4867,5612,1404924574
1731,3897,1404942639
3640,5555,1404955941
3897,5612,1404957631
4924,35,1404998177
4867,4197,1405030666
2125,3317,1405050135
4291,5682,1405052791
5682,4291,1405052845
135,3444,1405052966
3630,2942,1405055563
5612,3897,1405057403
5539,5683,1405086333
3988,4559,1405086701
3988,4172,1405086750
2165,2431,1405098808
2431,2165,1405098952
2165,1752,1405099466
5635,2625,1405101052
5612,5685,1405107098
5685,5612,1405107101
3640,5065,1405107564
3429,5570,1405110063
3988,13,1405163088
13,3988,1405163286
3413,5686,1405220136
2934,1991,1405283919
5413,1991,1405285858
5635,5687,1405289015
5687,5635,1405289116
5541,3040,1405298566
3040,5541,1405299026
2125,4515,1405311154
5649,2934,1405350583
5612,3598,1405353684
5612,5642,1405353740
3598,5612,1405354009
5642,5612,1405354246
3919,5608,1405356051
4860,5688,1405360602
3000,4197,1405366292
2625,3000,1405368441
3000,2625,1405368604
4197,5689,1405380131
5689,4197,1405380139
3897,2625,1405432384
2625,3897,1405432465
5649,5691,1405441902
5691,5649,1405442219
1352,856,1405443259
5689,5079,1405445733
5079,5689,1405445796
5635,4532,1405448762
4532,5635,1405449081
5635,4172,1405527606
5591,4172,1405528585
3828,2835,1405533625
2835,3828,1405533641
3828,5692,1405538429
5667,2934,1405544757
5175,5529,1405545079
5529,5175,1405545455
5667,2919,1405545537
5175,3722,1405545580
5692,3828,1405549695
5667,481,1405549789
4291,2934,1405604225
2625,32,1405610015
32,2625,1405610165
3722,3707,1405615662
5667,3722,1405624282
2125,3465,1405625909
3804,3429,1405633573
5612,5694,1405650730
5694,5612,1405651153
4361,35,1405674879
5667,5316,1405699235
5316,5667,1405699568
5612,5227,1405699744
2045,3040,1405726526
4172,3903,1405728587
5227,5612,1405759292
5695,3722,1405774541
3988,5251,1405781099
5687,2167,1405785574
3722,5695,1405791303
3988,3903,1405796557
3429,3804,1405825554
4209,2165,1405866097
2165,4209,1405866227
3988,3451,1405892712
4172,3063,1405896360
3063,4172,1405896426
3040,2045,1405899665
3040,3722,1405900464
3040,270,1405903212
3722,3040,1405903839
3040,4172,1405904022
2388,5649,1405908609
3040,57,1405910664
2625,3040,1405952106
3988,2625,1405960114
4385,5606,1405960642
4385,5602,1405961773
5630,4172,1406046954
3722,1363,1406064019
3707,3722,1406066159
3040,5635,1406067895
5635,3040,1406068087
5065,5440,1406071981
5403,5529,1406081540
5529,5403,1406081601
4608,3878,1406098951
3878,4608,1406103645
5606,5571,1406123964
5482,3572,1406129332
5606,2,1406129874
3722,2165,1406130662
540,4197,1406145068
5677,5578,1406151272
1352,5698,1406151332
5612,4851,1406180002
4851,5612,1406180108
3988,5612,1406185446
3988,5700,1406185454
4618,2230,1406192104
5525,1098,1406192113
5680,5529,1406192595
5529,5680,1406194856
1735,3444,1406197270
4385,3444,1406198181
2934,4291,1406199870
1764,2934,1406216587
1352,135,1406240657
5612,2063,1406245690
3722,3893,1406254537
2063,5612,1406254706
35,5703,1406298665
5556,5704,1406309384
5704,5556,1406309424
5635,2165,1406318645
5635,5612,1406320693
5612,3001,1406321043
3001,5612,1406321163
5612,5699,1406322851
5699,5612,1406323215
2165,1383,1406385565
4291,1764,1406423475
1764,4291,1406423719
3040,2625,1406427876
4515,3630,1406439204
3630,4515,1406439238
5460,3988,1406451751
3988,5460,1406451947
3903,5316,1406452275
4860,5706,1406516565
5612,4649,1406524392
3988,4524,1406536455
5635,3013,1406553218
5700,3988,1406556228
5700,35,1406556394
5700,5612,1406561775
5065,5705,1406563295
3013,5635,1406565184
5612,4937,1406566076
3345,5529,1406568333
2625,5316,1406587937
5316,2625,1406587969
5677,3722,1406597715
5482,1,1406608470
2125,3345,1406611072
3988,2045,1406644647
5508,3722,1406647600
3903,4172,1406650170
2934,5413,1406653476
2067,3452,1406657548
2067,5684,1406663691
1352,3722,1406663784
3640,5545,1406667655
5510,3893,1406671740
3893,5510,1406671918
4532,3270,1406675660
4518,4723,1406689516
4723,4518,1406689707
2141,2110,1406693921
2110,2141,1406694105
5413,2934,1406735747
5413,5707,1406735826
2934,5707,1406735832
2165,5708,1406739710
5708,2165,1406739823
3345,2388,1406747119
1352,1656,1406752975
2165,3214,1406754284
3465,905,1406755756
3465,1656,1406762773
1810,2017,1406764048
3707,1656,1406769186
3465,5635,1406775619
4197,5541,1406777714
5612,5709,1406784841
2125,5709,1406786304
5525,4519,1406791186
5508,2498,1406802839
5413,4649,1406806502
1352,4649,1406813154
3988,3722,1406818281
5707,5413,1406820907
5707,2934,1406821763
2045,3988,1406841631
5635,3988,1406852806
4649,5609,1406863394
4649,3345,1406865833
4291,3345,1406866260
3988,5707,1406879417
3598,5529,1406904724
5529,3598,1406905043
1746,1565,1406913826
5707,3988,1407009555
1746,25,1407019916
4499,4172,1407020081
1746,5710,1407023246
5710,1746,1407023619
35,5711,1407047187
2934,5712,1407073834
3429,5712,1407080807
3640,5713,1407080906
1764,5712,1407081980
4649,4291,1407100883
5612,5529,1407102887
4649,5309,1407109105
481,3649,1407122713
3649,481,1407122733
3903,5612,1407133921
5612,3903,1407134260
2822,5317,1407176164
1764,3903,1407177803
3828,3903,1407178678
1565,1746,1407179209
3413,5612,1407182702
3413,2045,1407182727
5612,3413,1407200990
5643,5508,1407221772
4385,1098,1407251374
5612,2045,1407251852
2045,3413,1407251945
2045,5612,1407251961
5635,3903,1407259373
3903,5635,1407259513
5612,5714,1407276711
5714,5612,1407276924
5715,5612,1407278211
5715,5529,1407278753
5612,5715,1407279116
5529,5715,1407279220
5363,5715,1407279292
5715,5363,1407279461
5065,545,1407286096
5065,1352,1407286261
3707,3640,1407287745
5065,5482,1407287896
3640,4860,1407290790
3598,4065,1407323205
4521,415,1407332513
4649,3722,1407345821
57,4172,1407347665
57,1810,1407349595
2252,2943,1407360273
2524,3640,1407360453
3722,2524,1407361899
4649,57,1407362109
2524,3722,1407401258
2524,4291,1407401780
2524,1845,1407401843
2524,1185,1407401908
2524,1331,1407401970
2524,135,1407402037
2524,6,1407402144
2524,2618,1407402272
2524,2964,1407402388
2524,3099,1407402452
2524,2306,1407402684
2524,2665,1407402748
2524,535,1407403008
2524,856,1407403098
2524,1018,1407403162
2524,1383,1407403262
4291,2524,1407419588
5612,4291,1407419989
4291,5612,1407420015
4553,5612,1407421554
5612,4553,1407421566
4723,4611,1407434257
2388,3804,1407437525
5433,35,1407440500
3429,5612,1407446377
5612,3429,1407446388
4511,3427,1407465578
3427,4511,1407465766
415,4521,1407474603
4315,5701,1407513260
3722,5259,1407522302
3988,5316,1407522672
5717,35,1407528846
2125,4723,1407532092
2942,4172,1407537254
5701,4315,1407544735
2165,5718,1407593204
13,5718,1407593800
3722,5719,1407600689
5719,5227,1407602223
5719,5635,1407602746
5635,5719,1407603268
4291,4649,1407604753
1363,905,1407619640
3707,2822,1407620091
57,905,1407620446
3988,6,1407620691
3988,1,1407620976
3988,3527,1407621027
2388,905,1407632414
1512,3572,1407639508
1512,5450,1407639646
1512,5065,1407639736
1512,5482,1407639891
1512,545,1407640576
1512,4860,1407640693
5525,2524,1407665937
3988,2296,1407671928
3988,5212,1407672488
3988,4075,1407686627
3988,5249,1407693705
3722,3903,1407694086
3988,2067,1407694220
5612,4172,1407701312
5612,1764,1407701365
1764,4172,1407701750
2018,5413,1407707583
5661,5482,1407709173
5655,5720,1407709682
5661,1352,1407710378
5661,3707,1407710887
3317,4291,1407725917
5612,3719,1407732320
3719,5612,1407732357
1352,1185,1407740052
2822,23,1407740125
3988,3744,1407740451
3988,1352,1407740452
3988,2017,1407740454
5508,5721,1407755119
3837,4172,1407776795
545,1154,1407779011
2524,5525,1407782538
2524,1352,1407782688
4172,3837,1407783735
4197,3001,1407783817
3001,4197,1407783842
1557,5722,1407784634
5722,1557,1407784828
1018,4291,1407786807
4365,4172,1407790990
3722,3744,1407792127
5541,5723,1407800661
5723,5541,1407800812
4197,104,1407807353
1764,5612,1407808373
3988,2230,1407825578
4291,1018,1407854517
3988,3452,1407857790
3452,3988,1407857847
4867,3988,1407863648
1352,4925,1407867398
3988,192,1407880354
5612,5724,1407881874
3722,1529,1407882099
5724,5612,1407882111
3722,4649,1407882848
4921,1,1407883305
4649,4419,1407884578
4419,4649,1407884718
3804,4197,1407890630
5506,2233,1407892229
5506,4925,1407892241
5506,3878,1407892249
5506,5613,1407892255
5506,3470,1407892262
5612,5725,1407897198
5725,5612,1407897327
5316,5726,1407897458
5726,5316,1407897533
4925,1352,1407901297
3988,4867,1407911540
1352,5655,1407911847
5655,1352,1407912131
3988,3804,1407922679
4867,5227,1407944829
5227,4867,1407944864
5719,5729,1407954713
4365,3429,1407956509
3429,4365,1407956551
5729,5730,1407956763
5730,5729,1407956805
5729,5731,1408015885
5731,5729,1408016092
5729,5732,1408017392
5732,5729,1408017465
3988,5719,1408017669
3988,5730,1408017676
3988,5732,1408017683
3988,5731,1408017691
3988,5729,1408017705
3988,5733,1408017856
5729,3988,1408018080
5733,3988,1408018137
5733,3722,1408018224
5733,5227,1408018492
3919,5733,1408019356
3919,5732,1408019396
3919,5731,1408019413
3919,5730,1408019465
3988,550,1408034161
1512,5317,1408034506
4172,5733,1408034671
4172,5729,1408034682
4172,5732,1408034690
4172,5731,1408034696
4172,5730,1408034703
4172,5719,1408034716
550,3988,1408035232
3722,2388,1408045462
2194,5482,1408088681
2194,1846,1408088839
2194,1352,1408088914
2194,2427,1408088948
2194,3935,1408088965
2194,3707,1408089053
2194,2054,1408089126
3722,2,1408107476
2194,4385,1408114473
3722,1316,1408114839
3988,4553,1408126498
4553,3988,1408126511
5520,1352,1408134506
1018,5529,1408134941
5529,1018,1408135636
5529,4515,1408136450
4515,5529,1408136495
3722,5736,1408208968
5736,3722,1408209109
4172,5736,1408209688
4172,3722,1408209791
4172,5737,1408210235
4649,4172,1408211176
4385,5440,1408213051
4385,23,1408213270
4385,29,1408213310
4385,1185,1408213547
4385,546,1408213581
2303,5413,1408216283
5413,2303,1408216393
1512,3766,1408222988
3766,1512,1408223190
5556,5738,1408229038
3413,1810,1408229616
5738,5556,1408230156
5738,1201,1408231213
1512,5440,1408247724
5540,4860,1408247995
4172,5596,1408281989
2194,5578,1408282309
2194,2934,1408282647
2194,5125,1408282787
3722,2194,1408286938
2194,3722,1408287362
5739,5578,1408293676
1471,3345,1408305023
2934,5686,1408308653
1352,3864,1408313357
3707,3864,1408322299
3722,3864,1408334479
3722,5525,1408334626
5227,5740,1408369850
5740,5227,1408369933
3988,2942,1408380060
2942,3988,1408380191
3707,2194,1408387759
3919,5609,1408403087
2045,5609,1408403535
4172,5609,1408403794
4172,5446,1408403812
4172,5255,1408404570
1746,5413,1408459614
4921,4649,1408460378
4649,4921,1408460437
2822,5741,1408467036
4172,5742,1408467336
3649,5529,1408471100
5529,3649,1408471280
4515,51,1408477389
51,4515,1408477672
5635,5744,1408493239
5744,5635,1408493355
5309,4649,1408495013
3828,4649,1408495226
4291,5363,1408495278
4291,1098,1408495590
5363,5525,1408495796
3722,2303,1408497027
5525,5363,1408513437
5743,5635,1408518458
2194,5506,1408540839
3988,415,1408547247
2822,3878,1408554765
4172,2942,1408559478
3345,1471,1408559993
4515,5591,1408563993
5591,4515,1408564056
5702,35,1408570318
2822,5745,1408588106
1018,5746,1408646157
4860,5747,1408649365
1018,2942,1408660744
3864,5748,1408674196
2194,1502,1408715712
2194,2201,1408715744
2194,1832,1408715816
5635,5743,1408721760
3988,5743,1408722045
5635,5591,1408722906
5591,5635,1408722973
5635,4382,1408726731
4860,5749,1408727874
5635,5746,1408727887
5688,5749,1408728452
2045,4382,1408728888
2067,5508,1408728968
4382,5635,1408729028
3988,4382,1408729083
5508,2067,1408729318
4291,5529,1408729368
5529,4291,1408729597
4382,2388,1408733806
2388,4382,1408733990
4925,3719,1408742070
1916,4838,1408746254
3719,4925,1408754837
2230,4172,1408804121
2942,1018,1408817008
415,3988,1408821537
4511,4267,1408838379
2296,2784,1408838875
2392,3988,1408968477
35,4264,1408985704
4264,35,1408986426
3427,5465,1408988134
3804,1018,1408989203
3988,3001,1408996159
2388,5750,1409015990
5612,710,1409020860
710,5612,1409020876
3804,5750,1409042770
5465,3427,1409059654
5180,5752,1409070859
3451,5753,1409072951
5753,3451,1409073023
4515,5508,1409078960
5508,4515,1409079101
5689,35,1409086668
3804,2028,1409086668
35,5755,1409086684
35,5756,1409086703
3804,3744,1409086844
3804,2017,1409086872
2388,3744,1409088161
4860,5754,1409104815
4635,4828,1409113314
5515,1,1409114582
5515,5482,1409114825
4925,3804,1409153632
2194,597,1409154524
2194,3204,1409154527
2194,25,1409157873
3722,5757,1409158849
5689,5635,1409159829
5612,5259,1409164728
5259,5612,1409164736
5413,2018,1409171470
3707,5691,1409176112
1810,5691,1409180955
5691,1810,1409180971
5691,2306,1409185272
2306,5691,1409185298
5515,545,1409193974
2296,1316,1409196397
3327,5691,1409197370
3988,5457,1409217718
5457,3988,1409217824
5655,5510,1409227371
1810,5635,1409245726
5612,4515,1409262092
4515,5612,1409262112
5526,5515,1409272948
1512,4559,1409278558
4291,5691,1409280186
5469,5712,1409287657
5227,5712,1409289798
4385,5508,1409302882
4649,5635,1409329486
5759,5508,1409329619
3470,5760,1409331530
5759,5761,1409332966
5760,3470,1409338166
5761,5759,1409341258
2397,5591,1409350869
5591,2397,1409351838
3470,5762,1409370073
5762,3470,1409370324
5762,5602,1409370800
5762,5623,1409370857
5762,5760,1409370913
5762,2580,1409371033
5612,5712,1409377962
5482,3640,1409389011
35,3427,1409402903
5762,5763,1409405351
5760,5763,1409406729
5760,5762,1409406745
5763,3470,1409408562
5763,5762,1409408572
5763,5760,1409408630
3451,2063,1409414532
2063,3451,1409416741
135,5712,1409431545
481,5612,1409432491
5712,5612,1409445479
192,3640,1409468253
3451,892,1409475151
892,3451,1409475420
3451,3649,1409499406
3649,3451,1409499456
1,192,1409525335
3828,4452,1409543549
4291,2296,1409544468
5508,3988,1409577360
5508,5759,1409577390
4921,5508,1409577552
5508,4921,1409577842
35,5702,1409586411
5760,5764,1409586952
5763,5764,1409594692
3470,5764,1409600862
1352,5654,1409646893
3804,5765,1409692501
5765,5712,1409692567
5765,3804,1409693003
5765,2296,1409696215
5227,5457,1409697460
5457,5227,1409697732
3919,5712,1409700824
2296,5712,1409702092
5612,5767,1409713884
5767,5612,1409714122
5655,5768,1409738037
4172,4279,1409764519
4172,5635,1409764544
2165,5635,1409764598
5508,5635,1409764602
5508,4279,1409764736
5612,5635,1409764742
5691,5693,1409783622
4197,5508,1409853918
5508,5655,1409854298
35,5689,1409855498
3828,5612,1409861759
5612,3828,1409861833
4649,2835,1409890654
2835,4649,1409890776
5508,5770,1409925926
5508,4197,1409926439
1967,5772,1409963306
5227,5773,1409973388
1967,1810,1409973741
2125,2942,1409979128
5648,5774,1410006372
5648,5681,1410007152
3572,3640,1410026604
3878,3722,1410035724
3722,3878,1410035840
3260,5775,1410035875
3919,5776,1410098179
2934,5776,1410098200
3988,4518,1410104668
4518,3988,1410104857
4518,5777,1410105860
5777,4518,1410105899
3001,3988,1410106315
3988,1810,1410106372
4511,5759,1410110399
5759,4511,1410110439
3988,4279,1410124428
3988,5778,1410124441
3988,5635,1410124596
4559,5635,1410124651
3988,1656,1410125343
3988,3129,1410125444
3988,62,1410125455
3804,5766,1410130207
5766,3804,1410130269
3988,5508,1410171796
1953,5779,1410179475
1735,5780,1410182419
3828,5781,1410194574
5781,3828,1410198100
3878,35,1410202456
5612,3649,1410208799
3649,5612,1410208800
5565,5529,1410216093
5529,5565,1410216213
5481,3828,1410228881
3828,5481,1410228936
5227,5689,1410240183
3000,3988,1410268266
1565,1967,1410273607
1967,5782,1410285362
3988,5783,1410292907
5783,3988,1410293882
5783,35,1410293946
5783,5413,1410294007
5655,5784,1410298638
5539,5785,1410356419
1585,5569,1410375148
2125,5786,1410390963
5413,5635,1410454081
3451,4172,1410454415
1018,3655,1410468674
5777,3988,1410541810
3988,5777,1410541834
4291,135,1410549809
135,4291,1410550250
1,5689,1410575569
5763,5788,1410602126
5788,5763,1410602785
1352,5784,1410630046
3707,5655,1410631470
3707,5784,1410631488
5529,3345,1410642363
3988,2392,1410642451
3919,5789,1410688586
546,481,1410713734
481,546,1410713763
2388,2067,1410727396
2067,2388,1410727422
1967,5790,1410784608
5791,5612,1410798293
1735,5528,1410812229
5528,1735,1410820551
2230,4618,1410885833
35,5792,1410890085
2045,2388,1410895864
3451,2045,1410895881
2045,57,1410895954
4515,3451,1410898150
3451,4515,1410898186
57,5227,1410898861
1403,4694,1410899176
5227,57,1410900297
3919,710,1410902624
710,3919,1410902774
4553,4532,1410907345
4532,4553,1410907426
3903,3722,1410952230
3903,135,1410952270
1810,3903,1410952787
3429,5529,1410952938
5529,3429,1410953036
4511,5529,1410963020
5529,4511,1410963090
4365,4291,1410967488
1018,1656,1410967659
5784,590,1410987395
5784,3707,1410987414
5784,1352,1410987455
5784,5655,1410987485
5481,4197,1410995040
4197,5481,1410998224
2388,5795,1411006617
5795,2388,1411006632
35,5433,1411023315
5623,5762,1411032908
5623,5661,1411033351
5623,3707,1411033715
3707,5578,1411071724
5227,5796,1411088426
5796,2867,1411088960
2067,1810,1411133073
2296,3699,1411146990
3451,4925,1411149482
4925,3451,1411149495
5539,1352,1411150734
5539,5317,1411151093
2942,4649,1411157416
4649,2942,1411157474
2942,5508,1411157509
5450,4921,1411158647
5508,2942,1411161177
481,3903,1411196389
5413,5227,1411235500
5227,5413,1411235528
5413,5712,1411243535
3828,5529,1411250062
5529,3828,1411250373
4365,5508,1411321721
3451,5797,1411323289
5649,5798,1411350404
5798,5649,1411350606
4921,2822,1411363871
5508,4365,1411374724
5777,35,1411382868
3903,481,1411391996
3828,5777,1411400716
5777,3828,1411401610
5551,5799,1411413730
5655,5799,1411413968
1352,5799,1411416366
1018,2498,1411495910
4291,4515,1411499567
4515,4291,1411499604
5760,5788,1411500196
5676,1352,1411565338
3451,5712,1411569256
5712,3451,1411569389
4365,2063,1411590599
2063,4365,1411590609
4611,4197,1411592572
4925,5800,1411592674
5800,4925,1411592702
5712,5800,1411662035
5800,5712,1411662081
5704,5801,1411664655
5801,5704,1411664724
1953,5413,1411667214
5712,5691,1411671151
5541,4197,1411680032
1639,3451,1411689384
3451,1639,1411689418
2388,5783,1411691971
35,5777,1411715572
5801,3451,1411744537
4649,5413,1411842068
35,5793,1411847496
5793,35,1411847563
1352,5594,1411851947
5457,5413,1411852208
4860,5594,1411852761
104,892,1411858083
892,104,1411858137
3707,5506,1411865474
3878,5802,1411923096
5802,3878,1411923288
4649,5316,1411924879
3640,5594,1411925842
3285,35,1411926997
5649,5803,1411960344
1,35,1411966327
1,1383,1411966351
1,62,1411966421
1,905,1411966511
3640,135,1411967502
1,135,1411968388
192,5676,1411969406
3655,1018,1412002305
1352,5528,1412009038
4532,3649,1412016507
3649,4532,1412016529
5612,5791,1412038997
5801,5791,1412039285
5801,5804,1412039300
892,5805,1412079317
5805,892,1412079346
1810,1,1412124785
4724,5712,1412181227
481,5413,1412191398
5413,481,1412191433
3804,5363,1412206122
3804,5625,1412206181
5363,5625,1412206222
5363,3804,1412206327
5227,1810,1412260305
3988,5726,1412262294
3655,5612,1412308079
5612,3655,1412308867
3707,5525,1412323621
5525,3707,1412330704
5655,3707,1412330983
3722,5602,1412336802
1352,2187,1412359314
3722,5806,1412367775
5227,96,1412539443
96,5227,1412539499
3153,3956,1412545232
4515,1731,1412545662
1731,4515,1412545804
3153,4897,1412586008
3153,3260,1412590302
3153,3986,1412590727
3722,988,1412613843
3988,35,1412678697
3640,3722,1412690213
1953,2647,1412704304
3878,5612,1412709480
35,2483,1412709511
5612,3878,1412709561
5806,5661,1412722974
5806,5623,1412723057
5806,5606,1412723252
5806,5602,1412723272
5606,5806,1412725747
5606,5602,1412725836
5623,5806,1412725916
3722,5606,1412725922
5606,3722,1412726002
5602,3722,1412726180
5606,5623,1412727070
5623,5602,1412727136
5623,3470,1412727161
5602,3470,1412727183
5602,5661,1412727291
5602,5623,1412727482
5602,5606,1412727581
5602,5806,1412728134
3722,2822,1412789863
2942,96,1412793311
2063,96,1412804089
96,2063,1412804876
3722,5578,1412808473
3722,3470,1412813249
3722,5654,1412820947
3828,4320,1412866086
4320,3828,1412866126
1352,5807,1412880318
5655,5808,1412901707
5655,5809,1412902161
1352,5769,1412932049
5469,4291,1412946493
1565,1396,1412955363
3451,5810,1412967926
3451,4197,1412976836
5138,4532,1412978893
3451,2647,1412981613
5613,1352,1412982524
5227,3345,1413007066
3345,5227,1413029735
3451,5813,1413058164
5813,3451,1413058185
1352,3903,1413111116
51,4251,1413145669
3649,4649,1413151035
4649,3649,1413151147
3470,5806,1413245705
2045,3345,1413265260
5508,5525,1413283758
5655,5525,1413284525
4365,25,1413296966
3722,5528,1413305545
5526,4921,1413310022
4320,3345,1413312861
3345,4320,1413312889
5528,1352,1413322044
5528,5525,1413322258
5528,3707,1413322298
5065,5525,1413322886
5606,5482,1413380602
5482,5606,1413380655
5482,545,1413380745
35,5815,1413382850
35,3285,1413382868
35,5816,1413382879
1735,5814,1413389841
1921,35,1413390201
5818,3707,1413429306
5450,5818,1413429390
5814,5577,1413467632
1352,5819,1413477854
3640,5629,1413493491
3828,4759,1413493987
4759,3828,1413494186
5801,5820,1413500943
5820,5801,1413501032
3722,3572,1413554198
3640,5811,1413559686
2045,1947,1413571843
1352,5629,1413587732
5801,35,1413648297
3722,5799,1413652430
3722,5754,1413652660
5227,3804,1413687283
3804,5227,1413687352
5655,5506,1413722016
5822,545,1413734615
3640,5823,1413753357
3359,3459,1413790207
5525,5821,1413802320
1396,2306,1413814532
4553,5712,1413815887
2306,1396,1413820336
4921,5824,1413826472
4385,135,1413828237
4385,545,1413828291
4385,1352,1413828302
4385,1735,1413828318
2822,4921,1413829222
2067,5227,1413832522
5227,2067,1413832596
3459,3359,1413834889
1352,4385,1413837436
3427,3897,1413847481
3897,3427,1413847610
5482,5525,1413904379
5482,3707,1413904452
5482,4921,1413904511
5482,4860,1413904635
5065,4921,1413906365
5691,3451,1413918247
3451,5691,1413919930
5801,5825,1413923403
1810,5801,1413926492
5413,5801,1413926649
5691,5801,1413926701
4532,5704,1413927989
1810,2045,1413928888
4197,2625,1413929459
5765,5825,1413929758
57,5712,1413931178
1810,5712,1413931419
4559,5712,1413933074
4532,5712,1413947446
361,4921,1413948372
4559,57,1413949105
3707,5822,1413997843
5822,3707,1414001518
3829,5826,1414022238
96,4709,1414166501
4709,96,1414167029
2822,3707,1414172228
5227,5753,1414175984
5753,5227,1414181493
5529,5612,1414182214
4515,35,1414182374
5529,5827,1414187765
5827,5529,1414187800
4709,5825,1414201415
5825,4709,1414201459
1352,5510,1414256333
5661,5606,1414283172
5661,3470,1414283567
5661,5623,1414283702
5661,5602,1414283777
5661,5806,1414283973
5510,5828,1414326997
5828,5510,1414327282
5828,1352,1414327583
892,1,1414341204
1352,5828,1414355567
3988,5529,1414365934
5529,3988,1414365968
3988,5275,1414366103
3988,5829,1414367844
5829,3988,1414369146
2141,5647,1414391229
2141,4902,1414391295
3988,135,1414401426
3649,4320,1414443150
4320,3649,1414443325
3804,5654,1414444655
3988,1947,1414447122
5829,1947,1414447987
5482,5065,1414482634
3988,5711,1414483938
96,1528,1414513565
1528,96,1414513711
5227,5691,1414528422
5827,5227,1414538845
5227,5827,1414538953
4320,5827,1414539924
5827,4320,1414539973
5606,2993,1414542038
5606,5525,1414542266
2063,5827,1414543340
5827,2063,1414543731
4649,5827,1414549801
5827,4649,1414550205
4499,5827,1414553735
5827,4499,1414553846
5525,5482,1414556260
5525,3722,1414557967
5525,5606,1414558193
3451,4291,1414601432
5605,4385,1414611013
4532,5827,1414616984
5827,4532,1414617159
5606,2822,1414622265
2822,5606,1414622369
2822,5508,1414624430
5629,3640,1414698240
5629,4860,1414709222
5619,35,1414757525
5605,35,1414778955
3598,4532,1414783454
1352,4559,1414792892
2822,5830,1414815869
3572,4559,1414847190
3988,1764,1414861115
361,4649,1414904421
35,5832,1415031066
5832,35,1415031329
3828,96,1415032507
96,3828,1415032574
4291,4921,1415032876
4925,5654,1415053465
2045,96,1415053868
3707,5654,1415053948
4320,5443,1415057380
3345,2045,1415058631
3345,4197,1415060166
3345,96,1415060227
5065,5528,1415068095
5524,4291,1415077289
4291,5524,1415078023
5606,5833,1415110155
1352,5606,1415113250
5524,96,1415125270
96,5524,1415125308
1394,25,1415126014
3719,5835,1415160416
5525,5643,1415186972
4611,5803,1415217743
5803,4611,1415217873
1639,4532,1415217881
4291,2045,1415226809
2045,4291,1415226968
4197,1639,1415233557
1639,4197,1415233594
5623,5836,1415261527
5623,5525,1415261910
5655,1953,1415277988
5836,5623,1415290366
4532,5476,1415324218
5619,5837,1415355022
5837,5619,1415355064
4172,5838,1415368234
1953,4172,1415368404
5838,4172,1415368422
5482,5839,1415399452
3452,5227,1415475200
5227,3452,1415475236
3640,1735,1415475971
5528,545,1415485875
5528,3722,1415486013
4291,2625,1415492431
2388,5227,1415494022
2296,3804,1415569629
5648,3986,1415608419
3986,5648,1415608835
1018,4519,1415650571
3722,5840,1415706019
5840,5578,1415721658
5822,481,1415721696
5840,3722,1415728186
5227,4916,1415729377
4916,5227,1415729412
4532,4595,1415762659
4595,4532,1415762692
4532,4515,1415765204
4515,4532,1415765283
5508,1,1415789728
5508,1735,1415789761
5508,3640,1415790298
5508,1512,1415790316
1352,5840,1415889404
5227,2731,1415900837
4916,3451,1415901904
4649,4114,1415902293
4114,4649,1415902410
2731,5227,1415903438
3988,2063,1415904459
2063,3988,1415915755
104,35,1415917361
4709,4867,1415917361
4867,4709,1415917383
35,104,1415917455
3649,3429,1415921870
35,5605,1415986880
35,5843,1415986896
104,5844,1416018176
5844,104,1416018193
4921,2045,1416057078
5482,5508,1416071731
3451,4553,1416075025
4553,3451,1416075491
1352,6,1416082731
3451,5565,1416144941
5565,3451,1416144971
1334,5845,1416172240
3451,1334,1416172247
1334,3451,1416172261
5846,5578,1416176156
3722,5623,1416227442
4611,5827,1416242321
5602,5836,1416253053
104,3988,1416264750
3988,104,1416264932
5827,4611,1416271550
4649,4925,1416279591
4925,4649,1416279664
1565,361,1416373947
35,5825,1416383329
5825,35,1416383467
5825,5801,1416383770
361,1565,1416426893
2805,5476,1416432406
5565,2132,1416444352
2132,5565,1416444392
4197,5827,1416522040
5827,4197,1416523130
2045,4300,1416524839
3427,4649,1416527838
4649,3427,1416527937
3722,5847,1416541450
5847,5578,1416541524
5565,5848,1416563039
5848,5565,1416563178
3451,1565,1416585872
1565,3451,1416586351
5525,5602,1416620836
5525,5806,1416621016
4649,3828,1416688177
5849,5831,1416690805
5146,96,1416705694
96,5146,1416705778
4304,4266,1416707452
104,4365,1416717169
4365,104,1416717191
4304,5712,1416720321
3722,5846,1416791487
3722,5677,1416792005
5759,5850,1416802048
5850,5759,1416802089
4553,4197,1416859996
4197,4553,1416860081
5565,3988,1416926304
5827,4172,1416934888
3988,5565,1416955323
35,5831,1416985756
2388,5851,1416992755
5851,2388,1416994607
5851,2252,1416994823
5851,5852,1417025818
5852,5851,1417027894
3640,5578,1417031266
5227,5853,1417033844
5853,5227,1417034077
2303,3451,1417036703
3451,2303,1417036897
5227,5854,1417038155
5854,5227,1417038451
5854,35,1417038521
5227,1832,1417044981
3897,2942,1417064618
2942,3897,1417064654
1352,1512,1417078950
1352,3640,1417078978
1352,3707,1417079251
1352,5440,1417079291
1352,5508,1417079381
1352,5525,1417079433
1352,5551,1417080276
3640,5551,1417080516
3640,4519,1417080543
1352,5754,1417080730
1352,1026,1417080890
3878,5525,1417080916
1352,3766,1417081107
3878,905,1417081261
1352,5520,1417081384
3451,2934,1417087552
35,5854,1417094295
35,5855,1417094308
5852,35,1417094532
1352,2045,1417111352
1512,3640,1417116386
1512,1735,1417118799
3451,96,1417121088
96,3451,1417121142
5540,3722,1417124162
3451,1832,1417126306
2388,4595,1417225818
546,4291,1417234100
4291,4594,1417293314
4594,4291,1417293647
5825,5852,1417305579
5852,5825,1417305795
4291,5825,1417309205
5825,4291,1417309276
96,4365,1417367432
4365,96,1417367554
3640,5822,1417386097
3013,4611,1417408095
3828,33,1417411867
33,3828,1417411873
1565,3345,1417447613
5079,2322,1417451877
5811,1352,1417453183
1512,5822,1417455556
5822,1512,1417456326
5822,3640,1417456354
1565,1512,1417458237
4424,5227,1417474580
51,96,1417514277
96,51,1417516806
5227,4424,1417529645
1352,5811,1417555776
3451,905,1417616715
5605,1352,1417641444
3903,1352,1417670296
3649,2942,1417724423
5605,3988,1417724639
3988,5605,1417729621
1352,5817,1417731002
3649,104,1417734640
3919,905,1417802766
104,3649,1417831008
2942,5856,1417834825
5856,2942,1417835104
1810,5857,1417895745
5857,1810,1417895847
1810,2369,1417945941
1810,5858,1417946512
5858,1810,1417946784
2045,1352,1417958098
1352,4719,1417958401
3722,4719,1417958567
2942,2388,1418001428
2388,2942,1418001518
3828,2063,1418060668
2063,3828,1418062843
3897,3828,1418087394
3828,3897,1418087471
2942,3714,1418097609
3722,1334,1418128191
96,35,1418150832
35,96,1418150918
2067,1947,1418151814
3722,5859,1418155506
5859,3722,1418155722
5859,1352,1418155742
4205,2252,1418158147
3707,2948,1418163894
4205,2045,1418164142
2045,4205,1418164395
3707,1018,1418180034
1352,1018,1418180895
3714,2835,1418185260
2835,3714,1418185271
5831,35,1418187379
4291,5831,1418190792
5831,4291,1418191434
1953,5860,1418198664
96,5861,1418254888
5861,96,1418255237
5859,5862,1418257882
5862,5859,1418259056
3427,4197,1418317637
3640,5634,1418355995
2045,905,1418428858
3988,3345,1418430272
3345,361,1418440206
361,3345,1418440282
1352,5859,1418455595
3804,905,1418519867
2045,4518,1418520300
4518,2045,1418520486
481,3804,1418530311
3804,481,1418530466
3988,905,1418554942
3988,5863,1418590674
5831,5849,1418610153
4521,35,1418667216
104,96,1418673179
96,104,1418674093
35,4521,1418729844
3722,135,1418743482
3655,4197,1418759590
5629,135,1418763256
2045,5864,1418779722
5864,2045,1418779960
35,1938,1418821455
3722,1201,1418829673
361,4291,1418843850
2045,5569,1418857526
361,1201,1418943429
361,1656,1418943535
361,13,1418943969
4860,135,1418957085
5528,135,1418957296
4197,3655,1419056577
3452,2045,1419076983
2045,3452,1419077154
51,5866,1419192534
5866,51,1419192560
51,2045,1419198075
2045,51,1419198096
2045,545,1419285730
545,2045,1419285912
3722,2045,1419290867
5508,2045,1419291137
5065,2045,1419291367
5629,2045,1419291575
2942,3630,1419310130
2045,5508,1419335656
2045,3722,1419336007
35,5852,1419355660
35,5867,1419355667
35,5868,1419355673
1352,1316,1419363977
4118,3649,1419386332
4649,2658,1419405595
2658,4649,1419405844
4649,5869,1419409162
5869,4649,1419409646
2045,5870,1419441839
5870,2045,1419441878
4532,3837,1419535832
2045,1832,1419543585
3640,1850,1419544860
1018,2306,1419646630
2306,1018,1419647368
4532,5871,1419662105
4532,5872,1419662144
4532,5873,1419662565
4532,5874,1419662826
4532,5875,1419662839
1810,4118,1419710100
5827,96,1419710963
96,5827,1419711668
3714,3598,1419818245
3598,3714,1419818327
5630,5712,1419820762
3722,5876,1419824643
3897,4382,1419873883
4382,3897,1419873901
3897,96,1419874754
96,3897,1419874778
2934,4326,1419886515
2934,5871,1419886526
2934,4748,1419886535
2934,4747,1419886544
2934,4744,1419886553
2934,4707,1419886563
2934,4701,1419886573
2934,4686,1419886580
2934,4681,1419886592
2934,4675,1419886603
2934,4668,1419886624
2934,5872,1419886633
2934,4531,1419886642
2934,5873,1419886674
2934,4853,1419886682
2934,5066,1419886691
2934,5874,1419886698
2934,3371,1419886707
2934,5875,1419886717
2934,5231,1419886732
215,5422,1419891584
4916,4172,1419892321
4172,4916,1419892363
1810,481,1419921000
2388,4532,1419931285
4532,2388,1419931316
2045,2392,1419969844
2045,2942,1419970165
2392,2045,1419970395
4532,5189,1419976559
4532,5243,1419976578
4532,5270,1419976589
4532,3384,1419977433
3719,481,1419983979
481,3719,1419984056
5449,3897,1420043208
2934,3699,1420049123
3649,1018,1420059969
1018,3649,1420059994
2934,5877,1420070257
5578,3722,1420086421
5578,5677,1420086437
5578,5840,1420086447
5578,5847,1420086459
5578,5846,1420086469
5578,5876,1420086526
35,5878,1420137845
5525,856,1420174281
3345,4304,1420193685
4304,3345,1420193791
5825,2934,1420205315
2934,5825,1420205338
2194,870,1420229102
2194,3878,1420230669
2194,1947,1420232207
1018,5879,1420250138
35,4924,1420300360
215,5707,1420303296
5707,215,1420303738
4553,4291,1420318660
4532,5880,1420324657
35,5881,1420358648
5881,35,1420358823
4532,5138,1420775190
4532,3828,1420775297
4532,481,1420775412
3828,4532,1420776845
1316,1352,1420777311
2388,1394,1420786479
2388,5457,1420787437
4532,5039,1420789403
5880,4532,1420808554
4452,3828,1420810514
3722,115,1420817285
4532,5882,1420845228
1018,1810,1420846665
1810,4291,1420859201
4532,1764,1420877628
4532,1403,1420877700
4532,2934,1420878085
96,5825,1420905786
5825,96,1420906034
4316,3527,1420926294
4172,5852,1420985171
5852,4172,1420993951
5457,1316,1421007713
3722,5883,1421011156
5883,3864,1421012352
5883,3878,1421012669
5883,3722,1421012742
1316,5457,1421019483
3897,4518,1421035824
4518,3897,1421035854
3640,3828,1421094191
3722,5559,1421098418
3722,5884,1421100335
115,5884,1421100350
3707,5884,1421100483
1512,2822,1421111418
1512,3707,1421111437
1512,5525,1421111464
3707,4205,1421129786
35,5885,1421156223
5578,3707,1421174737
4532,5886,1421191636
5886,4532,1421192920
2392,96,1421214089
96,2392,1421230183
2392,2252,1421245729
2252,2392,1421254143
5765,1810,1421259359
33,4611,1421262757
4611,33,1421262764
4532,4611,1421296699
4532,4556,1421304002
4532,5887,1421304134
3813,4315,1421310734
4315,3813,1421310761
361,1850,1421358472
361,4532,1421377170
4532,5881,1421391015
5881,4532,1421393477
5881,4499,1421398089
1316,2942,1421434858
1018,3714,1421441811
3714,1018,1421446711
5881,5888,1421503099
5888,5881,1421503373
3345,5449,1421524944
3345,4291,1421525599
3828,3345,1421547977
3345,3828,1421548010
2942,1316,1421563867
2388,2392,1421565909
3828,4499,1421628304
4499,3828,1421628311
3722,3345,1421684262
3345,3722,1421684647
3345,5525,1421684774
3345,3707,1421685145
3707,3345,1421687369
2045,4594,1421712039
4594,2045,1421715129
4205,5525,1421729857
2822,3722,1421769824
2388,5869,1421808897
4532,5801,1421841174
4921,5643,1421848414
35,5891,1421871114
35,5892,1421871122
1850,5449,1421876268
5891,35,1421877586
3640,223,1421902061
35,5801,1421924727
1829,1383,1421954364
1850,4649,1421970584
5316,4649,1421971044
2942,3878,1422002308
3878,2942,1422002321
4315,4335,1422066867
4335,4315,1422067046
4649,1850,1422085409
2934,2045,1422114393
2045,2934,1422115968
5840,4921,1422134996
1850,5523,1422215715
2388,5889,1422237833
5457,2132,1422238659
3820,2045,1422284679
2045,3820,1422293976
3828,5893,1422303057
2125,5316,1422306334
5515,5526,1422418058
5515,4921,1422418123
353,4532,1422429785
4532,353,1422429852
35,5894,1422432065
5894,35,1422432096
104,4197,1422466597
4925,5811,1422468054
5811,4925,1422480187
5525,3345,1422508537
35,2498,1422519474
5833,5606,1422584541
1810,4172,1422643928
1018,5895,1422686726
1810,2688,1422712796
3714,57,1422724267
35,5886,1422816432
5886,35,1422816515
3451,361,1422906841
361,3451,1422907268
1850,280,1422929319
96,2942,1422946150
96,4532,1422946218
4532,96,1422946422
5507,5896,1422989417
5507,4385,1422989589
5896,5507,1423042731
35,5897,1423047030
4532,5898,1423083385
5900,4205,1423103531
5900,5458,1423104146
5899,5439,1423106648
4532,2911,1423125922
4197,2063,1423161615
4532,5901,1423165908
35,5890,1423166545
5890,35,1423169858
2942,3649,1423183704
4515,5902,1423201714
5902,4515,1423201810
5896,1352,1423229489
35,5903,1423230630
3828,5845,1423233409
3451,1893,1423241481
1893,3451,1423241802
1565,2303,1423244406
33,5449,1423267603
5449,33,1423267637
1885,4649,1423366272
4649,1885,1423366302
4320,2942,1423441254
2942,4320,1423441261
4172,4518,1423444742
4518,4172,1423444857
3598,3988,1423497113
4291,5904,1423585892
5904,4291,1423589665
2942,1052,1423597131
1052,2942,1423597255
1052,1,1423598153
1352,1719,1423599895
1052,35,1423600670
5411,5353,1423654041
5411,3966,1423654100
5411,5413,1423654507
5411,3750,1423654721
5411,4649,1423654955
3988,3598,1423679348
5525,1735,1423702886
5525,5528,1423702980
5525,5065,1423703001
5525,4860,1423703109
5449,1850,1423706360
2388,4304,1423708136
4304,2388,1423711906
3451,2942,1423846726
2942,3451,1423846798
2942,5845,1423846826
2252,1832,1423858287
5449,5902,1423942738
5902,5449,1423942951
4649,5614,1423957013
3837,1018,1423958949
5614,4649,1423960568
2045,2431,1424026456
2431,2045,1424027155
5457,4649,1424038488
4649,5457,1424038693
5852,5907,1424048392
5852,4952,1424048434
5852,5908,1424048534
5852,5906,1424048578
5852,5909,1424048611
5852,5910,1424048747
5852,2851,1424048801
4172,1529,1424134164
1529,4172,1424134290
4925,3878,1424165083
5411,5911,1424200045
5911,5411,1424200713
3828,5125,1424230482
5125,3828,1424230923
2132,5457,1424266610
2132,35,1424281774
5449,3327,1424287187
3327,5449,1424288180
2942,5591,1424367082
1810,5449,1424382779
35,4291,1424444767
4291,35,1424444864
4925,5912,1424465245
5913,13,1424518296
13,5913,1424518464
2934,5914,1424538914
3919,5914,1424538977
361,1316,1424579942
2822,5525,1424656820
5482,5915,1424713176
4197,5443,1424730337
3878,5916,1424731120
5917,4197,1424745070
3719,5918,1424748039
5917,5781,1424748187
5781,5917,1424748483
35,5919,1424775660
35,1052,1424775670
35,2132,1424775681
4532,2063,1424824790
3878,5920,1424849248
5920,3878,1424851090
5920,35,1424851341
4532,13,1424854537
3919,2045,1425059005
4538,2045,1425059421
5895,1018,1425088032
3451,5227,1425249125
5227,3451,1425249225
5413,1810,1425320299
1810,5413,1425320527
5591,4291,1425331924
4291,5591,1425331972
1810,3327,1425398174
1018,3327,1425597211
3327,1018,1425597802
5227,5922,1425602205
4197,4570,1425607938
33,5921,1425615200
5921,33,1425615211
2045,4538,1425644478
2067,5921,1425766943
5921,2067,1425766957
4649,5923,1425770597
5923,4649,1425770640
96,4179,1425803699
3878,1810,1425917697
1810,3878,1425917893
546,57,1425932726
546,3719,1425932886
3719,546,1425938888
1810,5917,1425940100
115,3470,1425979864
5917,1810,1425990601
4649,2063,1426009340
2063,4649,1426015364
4649,2552,1426100543
2552,4649,1426100824
3719,2045,1426113216
2045,5299,1426113278
2067,2252,1426121086
2067,4649,1426190498
4649,2067,1426190549
216,2388,1426212335
2388,216,1426212383
1018,5882,1426263651
5882,230,1426264565
5882,4532,1426264614
5524,3781,1426284360
4304,4291,1426471889
4291,4304,1426472180
35,5924,1426601478
35,5920,1426601485
3781,5524,1426611973
3327,5227,1426629314
5227,3327,1426629334
4649,3327,1426636895
3327,4649,1426636958
1639,1810,1426650113
1810,1639,1426650396
5227,5449,1426714983
5449,5227,1426715056
2388,3345,1426719580
1565,3719,1426868199
4304,1810,1426875984
1810,4304,1426876254
33,1731,1426920485
1731,33,1426920620
5457,2045,1427045301
3451,3878,1427051338
3878,3451,1427051405
3828,5591,1427128243
5591,3828,1427128288
1,5925,1427161808
1810,2388,1427230300
2388,1810,1427245668
135,1810,1427246534
35,5926,1427277704
35,5927,1427277722
3878,5523,1427318165
5523,3878,1427318421
1018,2398,1427378663
5921,2063,1427384632
3828,1018,1427386730
4291,5921,1427388134
3878,5299,1427400889
1810,5928,1427410571
5811,3707,1427510635
5811,5525,1427510646
4205,5506,1427555386
4205,25,1427555438
3878,5608,1427727405
2,5929,1427727594
5929,5606,1427813971
2388,5905,1427856424
4649,5411,1427898308
5839,5896,1427903527
5839,5507,1427903615
5896,5839,1427904733
4291,1802,1427922822
2303,3714,1427942146
3714,2303,1427942260
104,51,1427985792
51,104,1427985826
104,4320,1427995678
4320,104,1427995685
5921,4291,1427999051
4649,5524,1428083073
5524,4649,1428083172
1819,1810,1428211772
4291,5523,1428267142
4291,5449,1428283054
5449,4291,1428283069
361,905,1428303869
5449,5765,1428362305
5765,5449,1428375592
5413,5930,1428416025
5930,5413,1428445194
3714,1899,1428456352
1899,3714,1428456442
5591,2942,1428692768
104,4649,1428718616
4649,5449,1428954775
3878,5569,1428956647
1565,3878,1428956679
5921,2045,1428963717
3714,2942,1428976591
4205,1,1429065327
3429,2942,1429144618
5928,1810,1429213873
3429,4304,1429224868
4304,3429,1429224869
35,5931,1429258662
35,5932,1429258673
35,5933,1429258686
35,5934,1429258698
4205,3178,1429266410
5935,4205,1429270437
4205,5935,1429271011
4172,2552,1429285473
4291,2067,1429297569
2067,4291,1429297643
4205,62,1429307652
4365,3828,1429400048
3828,4365,1429400087
5921,4499,1429453742
4499,5921,1429453798
5921,5227,1429454347
5227,5921,1429454367
4291,3429,1429487206
3429,4291,1429487283
3345,4649,1429548954
5917,3828,1429555942
3828,5917,1429555993
4197,215,1429566546
215,4197,1429572532
353,2045,1429614700
2045,353,1429614775
2252,35,1429622501
35,4852,1429641790
2045,5921,1429664214
35,2252,1429696755
5449,35,1429756794
4532,5937,1429897535
5937,4532,1429898806
2045,2063,1429914363
2063,2045,1429915311
2045,5938,1429916503
5938,2045,1429916506
4205,5629,1430016222
4205,1735,1430016496
2388,1352,1430030814
5521,5549,1430041889
35,5939,1430066098
3828,4553,1430102056
4553,3828,1430102079
5458,5807,1430105927
35,5921,1430204042
5921,35,1430204105
4291,5605,1430232283
5605,4291,1430232305
5939,35,1430233742
4852,5939,1430260103
5939,4852,1430262140
4172,4266,1430352858
5925,1,1430367837
2125,5449,1430413078
33,2942,1430424058
2942,33,1430424121
35,33,1430426078
4197,1316,1430441783
1052,1810,1430502667
1052,3837,1430502830
215,5227,1430568889
5227,215,1430568918
5227,5940,1430655367
5940,5227,1430655438
5227,2132,1430769939
2132,5227,1430769955
4197,2754,1430799579
2754,4197,1430799694
1052,1953,1430863673
1052,2934,1430863683
1052,192,1430863695
1052,5299,1430863703
1052,1815,1430863710
1052,4559,1430863721
1052,4291,1430863730
1052,5439,1430863743
1052,5591,1430863749
1052,57,1430863761
1052,5413,1430863774
1052,4197,1430863780
1052,1018,1430863797
1052,3878,1430863808
1052,5845,1430863830
1052,2658,1430863842
1052,5227,1430863850
1052,215,1430863865
1052,595,1430863874
1052,33,1430863885
1052,7,1430863887
1052,135,1430863897
1052,2565,1430863915
1052,1512,1430863923
1052,3919,1430863928
1052,539,1430863939
1052,5612,1430863945
1052,481,1430863951
1052,2296,1430863958
1052,2388,1430863964
1052,51,1430863968
1052,223,1430864134
1052,2142,1430864218
1052,3129,1430864225
1052,2045,1430864674
2045,115,1430909991
2942,5227,1430945424
5227,2942,1430945448
2388,5439,1430971846
5439,2388,1430971988
5439,5899,1430972763
5227,5941,1431005835
5941,5227,1431006050
4205,5942,1431027460
5942,4205,1431028399
4205,5943,1431036740
5458,5943,1431037068
5458,5900,1431037149
5943,4205,1431037249
5917,2942,1431037288
5942,5458,1431040536
5942,5900,1431040613
5942,5935,1431041031
5942,5943,1431041103
96,1565,1431055406
2658,2498,1431090706
5943,5942,1431093024
1316,1018,1431099028
2125,5016,1431105416
2125,5015,1431107622
4205,2004,1431303673
2388,2498,1431383984
115,5944,1431508978
2063,5945,1431525213
5945,2063,1431525244
5227,5945,1431525261
5945,5227,1431525267
1810,5591,1431536531
5591,3820,1431536600
3820,5591,1431537123
5759,3916,1431540388
3916,5759,1431540443
2388,5946,1431554530
3451,1529,1431642324
5811,5947,1431650970
2045,5947,1431651115
5947,2045,1431651556
5947,5811,1431651568
51,4304,1431711289
4304,51,1431711290
1529,3451,1431714551
2067,5925,1431717556
3640,5571,1431739263
5925,2067,1431783368
51,5948,1431805884
35,5948,1431806516
5948,35,1431806550
3451,4649,1431813132
4649,5845,1431813284
4649,3451,1431813343
4205,1352,1431836958
5928,35,1431866597
35,5928,1431866803
51,5227,1431885712
5227,51,1431885768
4649,5523,1431891927
3527,4316,1432055252
1697,5947,1432069416
5947,1697,1432069485
4205,5950,1432091718
4205,3707,1432093220
5525,2822,1432170340
5950,5951,1432178488
5951,4205,1432178493
5951,5950,1432178550
4205,5951,1432179069
5951,5949,1432179161
4205,5900,1432180233
4997,4933,1432246641
5954,5950,1432250970
5928,5227,1432293421
5227,5928,1432293451
3609,115,1432332153
4649,104,1432401729
5950,4205,1432412762
5950,5954,1432413058
5449,2067,1432417718
2067,4205,1432486377
4205,5650,1432520153
4205,5955,1432525750
4205,5227,1432530711
5227,4205,1432530893
5955,5650,1432555610
5955,5942,1432555919
5948,51,1432562645
5449,1810,1432574902
5955,3,1432697325
5955,1,1432697495
5227,5957,1432699530
5957,5227,1432699618
4205,2067,1432732382
4205,5952,1432733052
5955,5458,1432734510
5955,5958,1432777340
5958,5955,1432779265
5949,5951,1432788469
5955,5943,1432793495
5949,5959,1432814441
4205,5958,1432831622
5958,4205,1432832265
5955,4205,1432832942
5959,5949,1432834837
5943,5955,1432836124
5943,5958,1432836397
5958,5943,1432836445
5943,5458,1432836575
361,5146,1432845656
5146,361,1432845684
4172,2063,1432848449
2552,4172,1432912961
5028,1810,1433259196
3781,5961,1433286608
5961,3781,1433286632
33,4291,1433290616
4291,33,1433290643
5611,2067,1433295755
2388,5449,1433381810
5449,2388,1433381810
3063,5611,1433393155
5611,3063,1433393840
5611,5227,1433410325
5227,5611,1433410391
5611,2388,1433410450
2252,4163,1433426111
1639,4163,1433427391
5227,1850,1433437453
1316,2067,1433437826
2067,4163,1433438479
2067,1316,1433438526
4163,2067,1433447877
5028,2045,1433451468
3828,41,1433457401
3903,1810,1433495483
1810,5611,1433602151
2067,5611,1433602660
4163,5611,1433602802
3063,2045,1433689677
2045,3063,1433690058
4205,5962,1433690431
2045,5963,1433695426
5963,2045,1433695593
5962,4205,1433709438
3429,3828,1433746782
3828,3429,1433746985
2067,5449,1433797944
41,3828,1433838812
35,5953,1433942841
35,5964,1433942854
5413,1764,1433967860
1764,5413,1433967929
5942,5650,1433969579
4921,4197,1434052149
4197,4921,1434052188
51,5921,1434122522
5921,51,1434122786
5591,4921,1434130827
4921,5591,1434131146
5591,5921,1434131278
5921,5591,1434131294
3878,2231,1434229893
3451,2231,1434230782
4499,4197,1434330176
4197,4499,1434330221
5457,3804,1434520622
5227,5966,1434548115
5966,5227,1434548380
51,5936,1434632366
5936,51,1434632517
3451,51,1434656865
51,3451,1434656865
3451,2067,1434731910
2067,3451,1434731915
3828,3451,1434733060
1018,3828,1434733910
4197,4304,1434741973
4304,4197,1434742013
5525,5157,1434856160
5449,2303,1434916824
33,1565,1435000792
1565,33,1435000834
353,13,1435125030
13,353,1435125236
3429,2063,1435178708
2063,3429,1435179240
5928,2063,1435179652
1810,2063,1435249955
3451,33,1435315372
33,3451,1435315447
3451,3828,1435327587
3719,3451,1435335928
4304,3451,1435336435
3451,3719,1435336467
3451,4304,1435336485
5967,5449,1435344916
2045,5968,1435516358
5968,2045,1435516566
3451,5667,1435615328
5667,3451,1435615399
4382,4649,1435634475
4649,4382,1435668920
2045,5028,1435783575
905,2045,1435784336
5943,5949,1436199596
2045,3451,1436211908
2045,3992,1436212331
33,4172,1436544041
5949,5943,1436556379
2063,1810,1436565236
5227,5965,1436602016
5965,5227,1436603951
5449,5967,1436754322
2045,5917,1436818434
5917,2045,1436819198
1810,5965,1436845511
5965,1810,1436846093
3878,3837,1436856243
3429,2045,1436900586
2045,3429,1436900613
481,361,1436933970
4921,1548,1436975364
361,481,1436986758
4291,481,1437021117
481,4291,1437021120
1548,4921,1437069041
546,5969,1437083740
2067,5969,1437147691
5969,5970,1437240958
5970,5969,1437240962
5969,546,1437241736
5969,5928,1437252344
5928,5969,1437252353
1735,5969,1437345001
5449,5969,1437345617
2388,5712,1437349584
51,2252,1437393501
4304,5227,1437399248
2045,4304,1437414516
2252,51,1437415562
2045,1639,1437418836
1639,2045,1437418968
1596,3598,1437457550
3598,1596,1437457677
4304,2045,1437487256
5917,13,1437636273
13,5917,1437636650
2073,5971,1437706563
5971,5960,1437707792
5971,4291,1437708315
5971,5691,1437708354
4291,5971,1437708407
13,5972,1437801956
5972,13,1437803414
2125,5921,1437880866
13,5973,1437887243
2073,1352,1437943722
2045,1893,1438094778
1893,2045,1438094874
3598,3893,1438156104
3893,3598,1438158524
2063,2942,1438190795
3714,1832,1438309251
5811,1735,1438335218
13,2045,1438360542
2045,13,1438360585
41,5974,1438382906
51,3583,1438525575
3583,51,1438525591
905,361,1438573769
4532,5975,1438582311
4532,5976,1438582366
4532,5977,1438582724
4957,5978,1438599356
1565,4172,1438617462
1565,57,1438618983
1565,1316,1438619003
35,5979,1438635273
35,5980,1438635289
35,5981,1438639914
5974,41,1438647690
5965,135,1438665512
4266,5978,1438755202
361,5028,1438995478
5028,361,1438995557
135,5965,1439091699
545,1693,1439149842
2045,2067,1439160266
5028,3598,1439195864
905,5028,1439198240
5982,3598,1439267350
3598,5028,1439276206
33,5982,1439279096
5982,33,1439279455
33,35,1439282892
3598,4291,1439436732
4291,3598,1439437118
3598,2045,1439484837
2045,3598,1439484873
361,2045,1439490686
3598,4172,1439548194
3598,3992,1439565153
3992,3598,1439565211
5432,5476,1439680018
3427,35,1439737553
1810,4197,1439780150
35,5983,1439805447
4197,1810,1439832639
5510,1396,1439836428
3992,2045,1439838444
905,5649,1439845714
2252,5227,1439850045
5227,2252,1439850521
2067,4197,1439916263
4197,2067,1439918031
4532,4291,1439950527
4291,4532,1439950575
13,4532,1439951668
13,5984,1439968884
5984,13,1439968947
96,1363,1439989198
96,6,1439989206
96,1719,1439989245
4649,3429,1440038780
3429,4649,1440038859
2063,4197,1440095091
3598,5227,1440165810
5227,3598,1440165811
546,5982,1440476321
5982,546,1440476494
35,3479,1440499569
3479,35,1440502063
1018,4172,1440510869
3451,5985,1440547273
5985,5845,1440547608
5985,3451,1440547749
4532,5986,1440782145
3451,4532,1440785982
4532,3451,1440786038
4532,1731,1440788692
3598,5982,1440818519
5892,35,1440871249
1731,4532,1440907826
5449,3429,1440985361
3429,5449,1440992699
4532,2067,1441050128
2067,4532,1441050159
5449,3345,1441074171
5983,5965,1441101228
5965,5983,1441101415
3804,4532,1441145273
4532,3804,1441145364
546,5987,1441148162
3598,1810,1441149943
3598,2388,1441150014
3451,2388,1441150287
2388,3451,1441150386
3804,2388,1441151042
3919,2388,1441151268
5569,1316,1441223010
4532,3598,1441321146
546,4197,1441378941
2388,3598,1441392596
51,5712,1441468528
4291,5988,1441543679
5988,4291,1441545321
5965,2388,1441598235
2388,5965,1441598338
5965,3804,1441598763
3598,5989,1441603509
5989,3598,1441603609
4291,1810,1441648807
4004,5845,1441663367
3451,4004,1441663446
5982,3427,1441669444
3427,5982,1441669497
2552,1810,1441728449
1810,2552,1441728535
33,1810,1441816653
1810,33,1441817130
33,1639,1441829842
1639,33,1441830712
4291,5712,1441983693
2125,5712,1441987595
5956,5227,1442014737
5956,3451,1442014983
3451,5956,1442015300
2303,5449,1442067696
5227,5956,1442098000
5956,2067,1442148898
2067,5956,1442148907
5921,4532,1442256845
4532,5921,1442256941
2125,1272,1442418135
3719,1272,1442418238
41,4291,1442786707
2252,4852,1442852040
1052,5990,1442910706
5449,3804,1442983478
3804,5449,1442983519
4852,2252,1443305099
3451,3714,1443584896
3714,3451,1443584997
35,3804,1443678302
3804,35,1443678311
5983,35,1443684022
215,33,1443747006
33,215,1443748103
33,5991,1443757092
5991,33,1443757294
2067,3804,1443846928
3804,2067,1443847169
33,3598,1444109524
3598,33,1444109559
2388,5983,1444109718
5983,3804,1444190999
5983,2388,1444191176
3804,5983,1444193840
5449,4649,1444775174
4499,104,1444959229
104,4499,1444959300
2063,4532,1445262844
5688,5506,1445269798
5993,35,1445368052
3919,5457,1445383984
5457,3919,1445384011
2067,4304,1445437330
4304,2067,1445437632
4205,5994,1445606237
5994,4205,1445606518
5994,5458,1445608247
546,5449,1445733605
5449,546,1445794363
35,2067,1445949816
2067,35,1445950003
35,5995,1445967765
5995,35,1446129604
3598,5983,1446238099
5983,3598,1446238463
4499,4291,1446314204
4291,4499,1446314222
3714,2067,1446401763
2067,3714,1446401794
5921,3714,1446417226
3714,5921,1446417246
5075,4957,1446581488
5075,3260,1446588106
4205,5949,1446604593
2388,4291,1446615605
4291,3603,1446616108
4291,2388,1446616128
3603,4291,1446648181
3804,33,1446688926
33,3804,1446689020
5949,5996,1446996641
5949,4205,1446997077
5996,5949,1447007918
1810,1832,1447200841
3714,3828,1447361618
3828,3714,1447375733
35,5992,1447506325
35,5997,1447506369
35,5998,1447506410
2045,4499,1447987280
4499,2045,1447987284
35,3992,1448019108
2125,1832,1448392776
35,5993,1448434762
4499,5227,1448558427
5227,4499,1448558441
3451,5983,1448869065
5983,3451,1448869436
2125,5569,1448988864
1018,215,1449093381
215,2063,1449158948
2063,215,1449170942
215,1018,1449259492
3714,546,1449290674
546,3714,1449290726
2252,13,1449314550
13,2252,1449543772
3878,5999,1449651037
5999,3878,1449651300
1352,245,1449756126
1810,5227,1449765696
5227,546,1449767427
546,5227,1449767445
5510,1352,1449770767
2045,33,1450222131
33,2045,1450222255
1565,1018,1450278667
1018,5569,1450278669
6000,6002,1450278779
96,2045,1450281272
3919,1810,1450281533
5832,3345,1450370476
3714,481,1450415141
546,5983,1450732839
2125,5227,1450762323
5983,546,1450785477
2045,1316,1450787623
51,5983,1450889761
5983,51,1450890189
1316,2045,1450902093
3714,1810,1450915245
1810,3714,1450915339
3714,1316,1450915746
96,3345,1451117261
3919,3345,1451117352
1396,3878,1451249288
5811,6003,1451292970
4205,3,1451407165
5449,361,1451770407
1396,3345,1451785793
1731,2388,1451898739
2388,1731,1451898839
35,6004,1451906319
35,6005,1451906337
1052,41,1451934345
1018,905,1452136667
4291,905,1452136672
5921,5983,1452150888
5983,5921,1452151011
5318,5688,1452182096
5688,5318,1452182149
1639,2067,1452279193
2067,1639,1452279241
2067,2045,1452279266
481,1810,1452380477
5928,1396,1452382100
3714,3837,1452530449
1018,2124,1452552638
2045,5903,1452612528
361,5449,1452719068
361,3804,1452719188
3804,361,1452751304
3837,3714,1452807971
1810,5983,1452836654
5983,1810,1452836915
5903,2045,1453146371
2731,4296,1453282131
3901,2731,1453286928
41,1052,1453312051
4608,13,1453313389
4608,2045,1453317205
2045,4608,1453317413
13,4608,1453317761
1953,5655,1453555965
1810,4499,1453611187
4499,1810,1453612481
2731,3901,1453679428
2731,4897,1453679434
13,1128,1453679632
1128,13,1453684323
