zebrerugby,cardiff_blues,1409582246
zebrerugby,cardiff_blues,1409659939
benettonrugby,ospreys,1409662204
zebrerugby,cardiff_blues,1409667332
benettonrugby,ospreys,1409823690
benettonrugby,ospreys,1409825249
benettonrugby,ospreys,1409827717
zebrerugby,cardiff_blues,1409856193
zebrerugby,benettonrugby,1409856283
zebrerugby,benettonrugby,1409856318
zebrerugby,cardiff_blues,1409857622
benettonrugby,ospreys,1409906129
zebrerugby,cardiff_blues,1409919627
benettonrugby,ospreys,1409921751
zebrerugby,cardiff_blues,1409937645
zebrerugby,cardiff_blues,1409997664
zebrerugby,cardiff_blues,1410091140
zebrerugby,cardiff_blues,1410091155
zebrerugby,cardiff_blues,1410091971
zebrerugby,cardiff_blues,1410094873
zebrerugby,cardiff_blues,1410102698
zebrerugby,cardiff_blues,1410105500
zebrerugby,cardiff_blues,1410106324
zebrerugby,cardiff_blues,1410107286
zebrerugby,cardiff_blues,1410107350
zebrerugby,cardiff_blues,1410108206
zebrerugby,cardiff_blues,1410108355
zebrerugby,cardiff_blues,1410108919
zebrerugby,cardiff_blues,1410109238
zebrerugby,cardiff_blues,1410111334
zebrerugby,cardiff_blues,1410111562
zebrerugby,cardiff_blues,1410112640
zebrerugby,cardiff_blues,1410116113
benettonrugby,ospreys,1410118817
zebrerugby,cardiff_blues,1410120242
zebrerugby,cardiff_blues,1410120691
zebrerugby,cardiff_blues,1410121153
zebrerugby,cardiff_blues,1410180997
zebrerugby,ulsterrugby,1410279833
zebrerugby,ulsterrugby,1410280201
zebrerugby,ulsterrugby,1410280284
benettonrugby,munsterrugby,1410288279
zebrerugby,ulsterrugby,1410369234
zebrerugby,ulsterrugby,1410429619
benettonrugby,munsterrugby,1410433220
zebrerugby,ulsterrugby,1410437733
zebrerugby,ulsterrugby,1410439186
zebrerugby,ulsterrugby,1410519138
zebrerugby,ulsterrugby,1410526329
zebrerugby,ulsterrugby,1410537984
zebrerugby,ulsterrugby,1410548455
zebrerugby,ulsterrugby,1410551660
zebrerugby,ulsterrugby,1410552009
zebrerugby,ulsterrugby,1410552520
zebrerugby,ulsterrugby,1410553495
zebrerugby,ulsterrugby,1410556032
zebrerugby,ulsterrugby,1410556293
zebrerugby,ulsterrugby,1410557203
zebrerugby,ulsterrugby,1410557677
zebrerugby,ulsterrugby,1410557752
zebrerugby,ulsterrugby,1410558873
zebrerugby,benettonrugby,1410592054
zebrerugby,ulsterrugby,1410776964
zebrerugby,ulsterrugby,1410777227
benettonrugby,glasgowwarriors,1410786247
benettonrugby,scarlets_rugby,1410874524
zebrerugby,munsterrugby,1410876537
zebrerugby,munsterrugby,1410966479
zebrerugby,munsterrugby,1411032801
zebrerugby,munsterrugby,1411038795
zebrerugby,munsterrugby,1411042894
zebrerugby,ulsterrugby,1411056890
zebrerugby,munsterrugby,1411057706
zebrerugby,munsterrugby,1411150113
zebrerugby,munsterrugby,1411153670
zebrerugby,munsterrugby,1411153831
zebrerugby,munsterrugby,1411154627
zebrerugby,munsterrugby,1411155231
zebrerugby,munsterrugby,1411155852
zebrerugby,munsterrugby,1411156105
zebrerugby,munsterrugby,1411156290
zebrerugby,munsterrugby,1411157410
zebrerugby,munsterrugby,1411157417
zebrerugby,munsterrugby,1411157714
zebrerugby,munsterrugby,1411160533
zebrerugby,munsterrugby,1411161424
zebrerugby,munsterrugby,1411161801
zebrerugby,ulsterrugby,1411161984
zebrerugby,ulsterrugby,1411164899
zebrerugby,ulsterrugby,1411209003
benettonrugby,scarlets_rugby,1411234248
benettonrugby,scarlets_rugby,1411234621
benettonrugby,scarlets_rugby,1411236961
benettonrugby,scarlets_rugby,1411239998
benettonrugby,scarlets_rugby,1411240868
benettonrugby,scarlets_rugby,1411242156
zebrerugby,munsterrugby,1411374506
zebrerugby,munsterrugby,1411396900
benettonrugby,glasgowwarriors,1411401529
benettonrugby,glasgowwarriors,1411471628
zebrerugby,ulsterrugby,1411480624
benettonrugby,dragonsrugby,1411481053
zebrerugby,ulsterrugby,1411548450
zebrerugby,ulsterrugby,1411578663
zebrerugby,ulsterrugby,1411665684
zebrerugby,ulsterrugby,1411667858
zebrerugby,ulsterrugby,1411733101
zebrerugby,ulsterrugby,1411734331
benettonrugby,ulsterrugby,1411739871
benettonrugby,dragonsrugby,1411739871
benettonrugby,zebrerugby,1411739871
zebrerugby,ulsterrugby,1411812633
zebrerugby,ulsterrugby,1411819147
zebrerugby,ulsterrugby,1411821156
zebrerugby,ulsterrugby,1411831537
zebrerugby,ulsterrugby,1411831550
zebrerugby,ulsterrugby,1411831569
zebrerugby,ulsterrugby,1411831664
zebrerugby,ulsterrugby,1411832618
zebrerugby,ulsterrugby,1411833778
zebrerugby,ulsterrugby,1411834794
zebrerugby,ulsterrugby,1411835225
zebrerugby,ulsterrugby,1411835559
zebrerugby,ulsterrugby,1411836518
zebrerugby,ulsterrugby,1411837003
zebrerugby,ulsterrugby,1411838077
zebrerugby,ulsterrugby,1411840169
zebrerugby,ulsterrugby,1411840202
zebrerugby,ulsterrugby,1411840221
zebrerugby,ulsterrugby,1411843655
zebrerugby,ulsterrugby,1411904895
benettonrugby,dragonsrugby,1411918208
benettonrugby,dragonsrugby,1411921662
benettonrugby,dragonsrugby,1411923237
benettonrugby,glasgowwarriors,1411926888
zebrerugby,ulsterrugby,1411981705
zebrerugby,ulsterrugby,1411981920
zebrerugby,ulsterrugby,1411982198
benettonrugby,connachtrugby,1412067764
benettonrugby,connachtrugby,1412070839
zebrerugby,ospreys,1412082278
zebrerugby,ulsterrugby,1412084397
benettonrugby,ospreys,1412086799
benettonrugby,zebrerugby,1412086799
benettonrugby,glasgowwarriors,1412088105
zebrerugby,ospreys,1412094725
zebrerugby,ospreys,1412182726
zebrerugby,ospreys,1412245902
zebrerugby,ospreys,1412251482
zebrerugby,ospreys,1412252154
zebrerugby,ospreys,1412255698
benettonrugby,zebrerugby,1412319460
benettonrugby,glasgowwarriors,1412337232
zebrerugby,ospreys,1412338619
zebrerugby,ospreys,1412338717
zebrerugby,ospreys,1412339063
zebrerugby,ospreys,1412339068
zebrerugby,ospreys,1412345790
zebrerugby,ospreys,1412350742
zebrerugby,ospreys,1412364894
zebrerugby,ospreys,1412364980
zebrerugby,ospreys,1412365738
zebrerugby,ospreys,1412366266
zebrerugby,ospreys,1412366571
zebrerugby,ospreys,1412366752
zebrerugby,ospreys,1412367092
zebrerugby,ospreys,1412367656
zebrerugby,ospreys,1412368125
zebrerugby,ospreys,1412368169
zebrerugby,ospreys,1412368219
zebrerugby,ospreys,1412368359
zebrerugby,ospreys,1412368612
zebrerugby,ospreys,1412368783
zebrerugby,ospreys,1412369738
zebrerugby,ospreys,1412370387
zebrerugby,ospreys,1412370686
zebrerugby,ospreys,1412371297
zebrerugby,ospreys,1412374848
zebrerugby,ospreys,1412377586
zebrerugby,ospreys,1412412725
benettonrugby,glasgowwarriors,1412505484
benettonrugby,glasgowwarriors,1412510954
benettonrugby,glasgowwarriors,1412517239
zebrerugby,benettonrugby,1412587965
zebrerugby,ospreys,1412589136
zebrerugby,ospreys,1412589846
benettonrugby,zebrerugby,1412600539
zebrerugby,benettonrugby,1412607410
zebrerugby,ospreys,1412609442
zebrerugby,leinsterrugby,1412615356
benettonrugby,connachtrugby,1412676197
benettonrugby,connachtrugby,1412686584
zebrerugby,leinsterrugby,1412690845
zebrerugby,leinsterrugby,1412846049
benettonrugby,connachtrugby,1412854481
zebrerugby,leinsterrugby,1412855378
benettonrugby,connachtrugby,1412855813
zebrerugby,leinsterrugby,1412857836
benettonrugby,connachtrugby,1412875972
zebrerugby,leinsterrugby,1412933788
zebrerugby,leinsterrugby,1412942726
zebrerugby,leinsterrugby,1412943387
benettonrugby,connachtrugby,1412950716
benettonrugby,connachtrugby,1412950766
zebrerugby,leinsterrugby,1412952940
zebrerugby,leinsterrugby,1412962222
zebrerugby,leinsterrugby,1413025556
zebrerugby,leinsterrugby,1413026025
zebrerugby,leinsterrugby,1413028654
zebrerugby,leinsterrugby,1413038295
zebrerugby,leinsterrugby,1413039580
zebrerugby,leinsterrugby,1413039584
zebrerugby,leinsterrugby,1413039595
zebrerugby,leinsterrugby,1413039688
zebrerugby,leinsterrugby,1413040023
zebrerugby,leinsterrugby,1413040047
zebrerugby,leinsterrugby,1413040225
zebrerugby,leinsterrugby,1413041715
zebrerugby,leinsterrugby,1413041722
zebrerugby,leinsterrugby,1413041725
zebrerugby,leinsterrugby,1413042780
zebrerugby,leinsterrugby,1413042879
zebrerugby,leinsterrugby,1413043926
zebrerugby,leinsterrugby,1413044153
zebrerugby,leinsterrugby,1413044168
zebrerugby,leinsterrugby,1413044182
zebrerugby,leinsterrugby,1413045944
zebrerugby,leinsterrugby,1413046151
zebrerugby,leinsterrugby,1413046986
zebrerugby,leinsterrugby,1413049637
zebrerugby,leinsterrugby,1413049650
zebrerugby,leinsterrugby,1413051777
zebrerugby,leinsterrugby,1413053633
zebrerugby,leinsterrugby,1413194060
zebrerugby,leinsterrugby,1413201917
connachtrugby,leinsterrugby,1413545426
connachtrugby,munsterrugby,1413545426
connachtrugby,ulsterrugby,1413545426
benettonrugby,ospreys,1413651681
benettonrugby,ospreys,1413714627
benettonrugby,ospreys,1413722513
benettonrugby,ospreys,1413725031
benettonrugby,ospreys,1413726779
benettonrugby,ospreys,1413727686
zebrerugby,munsterrugby,1414172684
zebrerugby,dragonsrugby,1414172684
zebrerugby,edinburghrugby,1414172684
zebrerugby,scarlets_rugby,1414405086
benettonrugby,glasgowwarriors,1414502963
zebrerugby,scarlets_rugby,1414509046
zebrerugby,scarlets_rugby,1414512906
zebrerugby,munsterrugby,1414601172
zebrerugby,glasgowwarriors,1414601172
zebrerugby,dragonsrugby,1414601172
connachtrugby,ospreys,1414670599
zebrerugby,scarlets_rugby,1414685544
zebrerugby,scarlets_rugby,1414757622
zebrerugby,scarlets_rugby,1414760156
benettonrugby,glasgowwarriors,1414786844
benettonrugby,glasgowwarriors,1414788778
benettonrugby,glasgowwarriors,1414790317
zebrerugby,scarlets_rugby,1414839199
zebrerugby,ospreys,1414839269
zebrerugby,scarlets_rugby,1414864109
zebrerugby,scarlets_rugby,1414864290
zebrerugby,scarlets_rugby,1414864644
zebrerugby,scarlets_rugby,1414864926
zebrerugby,scarlets_rugby,1414864965
zebrerugby,scarlets_rugby,1414865538
zebrerugby,scarlets_rugby,1414866032
zebrerugby,scarlets_rugby,1414866150
zebrerugby,scarlets_rugby,1414866922
zebrerugby,scarlets_rugby,1414867562
zebrerugby,scarlets_rugby,1414867825
zebrerugby,scarlets_rugby,1414868117
zebrerugby,scarlets_rugby,1414868648
zebrerugby,scarlets_rugby,1414868872
zebrerugby,scarlets_rugby,1414869136
zebrerugby,scarlets_rugby,1414869788
zebrerugby,scarlets_rugby,1414870075
zebrerugby,scarlets_rugby,1414871104
zebrerugby,scarlets_rugby,1414871150
zebrerugby,scarlets_rugby,1414872557
zebrerugby,scarlets_rugby,1414873254
zebrerugby,scarlets_rugby,1415007940
zebrerugby,connachtrugby,1415619835
zebrerugby,edinburghrugby,1415786411
connachtrugby,zebrerugby,1416155092
benettonrugby,leinsterrugby,1416212710
zebrerugby,connachtrugby,1416215064
zebrerugby,connachtrugby,1416228959
zebrerugby,connachtrugby,1416316485
benettonrugby,leinsterrugby,1416317615
ulsterrugby,ospreys,1416411836
connachtrugby,zebrerugby,1416473729
zebrerugby,connachtrugby,1416484862
ulsterrugby,ospreys,1416485122
zebrerugby,connachtrugby,1416485680
benettonrugby,leinsterrugby,1416493516
zebrerugby,connachtrugby,1416559856
benettonrugby,leinsterrugby,1416565510
zebrerugby,connachtrugby,1416567480
zebrerugby,edinburghrugby,1416569392
zebrerugby,connachtrugby,1416579994
ulsterrugby,ospreys,1416582203
connachtrugby,zebrerugby,1416589571
zebrerugby,connachtrugby,1416595596
ulsterrugby,ospreys,1416596669
ulsterrugby,ospreys,1416598586
zebrerugby,connachtrugby,1416598610
zebrerugby,connachtrugby,1416599527
ulsterrugby,ospreys,1416599548
zebrerugby,connachtrugby,1416599750
zebrerugby,connachtrugby,1416600051
zebrerugby,connachtrugby,1416601037
zebrerugby,connachtrugby,1416601366
zebrerugby,connachtrugby,1416601555
zebrerugby,connachtrugby,1416602165
zebrerugby,connachtrugby,1416602218
zebrerugby,connachtrugby,1416602828
ulsterrugby,ospreys,1416603485
zebrerugby,connachtrugby,1416604124
zebrerugby,connachtrugby,1416604344
zebrerugby,connachtrugby,1416604593
ulsterrugby,ospreys,1416604754
ulsterrugby,ospreys,1416605075
zebrerugby,connachtrugby,1416605287
zebrerugby,connachtrugby,1416605334
ulsterrugby,scarlets_rugby,1416605484
ulsterrugby,leinsterrugby,1416605844
ulsterrugby,munsterrugby,1416605844
ulsterrugby,connachtrugby,1416605844
zebrerugby,connachtrugby,1416606324
zebrerugby,connachtrugby,1416606328
zebrerugby,connachtrugby,1416607151
ulsterrugby,ospreys,1416607533
ulsterrugby,ospreys,1416610241
ulsterrugby,connachtrugby,1416680439
ulsterrugby,leinsterrugby,1416680454
ulsterrugby,munsterrugby,1416680459
benettonrugby,leinsterrugby,1416743089
benettonrugby,leinsterrugby,1416745608
benettonrugby,leinsterrugby,1416766164
benettonrugby,leinsterrugby,1416814504
zebrerugby,edinburghrugby,1416822147
zebrerugby,edinburghrugby,1416912658
zebrerugby,edinburghrugby,1416917657
benettonrugby,zebrerugby,1416921879
zebrerugby,edinburghrugby,1416928989
zebrerugby,benettonrugby,1416994862
zebrerugby,edinburghrugby,1416997057
zebrerugby,edinburghrugby,1417017484
connachtrugby,scarlets_rugby,1417018098
ulsterrugby,munsterrugby,1417089965
zebrerugby,edinburghrugby,1417097327
zebrerugby,edinburghrugby,1417105529
ulsterrugby,munsterrugby,1417108557
zebrerugby,edinburghrugby,1417176261
zebrerugby,edinburghrugby,1417177881
zebrerugby,edinburghrugby,1417185631
connachtrugby,scarlets_rugby,1417193366
benettonrugby,cardiff_blues,1417206364
ulsterrugby,munsterrugby,1417207710
ulsterrugby,munsterrugby,1417250567
zebrerugby,edinburghrugby,1417257979
zebrerugby,edinburghrugby,1417264449
zebrerugby,edinburghrugby,1417271700
zebrerugby,edinburghrugby,1417273328
zebrerugby,edinburghrugby,1417274252
zebrerugby,edinburghrugby,1417274550
zebrerugby,edinburghrugby,1417276142
zebrerugby,edinburghrugby,1417276191
zebrerugby,edinburghrugby,1417276247
zebrerugby,edinburghrugby,1417276264
zebrerugby,edinburghrugby,1417277743
zebrerugby,edinburghrugby,1417278641
zebrerugby,edinburghrugby,1417279615
zebrerugby,edinburghrugby,1417279678
zebrerugby,edinburghrugby,1417284808
ulsterrugby,leinsterrugby,1417287716
ulsterrugby,connachtrugby,1417292613
connachtrugby,scarlets_rugby,1417296112
zebrerugby,edinburghrugby,1417425443
zebrerugby,edinburghrugby,1417437981
ulsterrugby,scarlets_rugby,1417453561
zebrerugby,benettonrugby,1417534828
ulsterrugby,scarlets_rugby,1417785110
ulsterrugby,scarlets_rugby,1417890080
ulsterrugby,scarlets_rugby,1417892437
ulsterrugby,scarlets_rugby,1417895010
ulsterrugby,scarlets_rugby,1417895571
ulsterrugby,scarlets_rugby,1417896113
ulsterrugby,scarlets_rugby,1417896350
ulsterrugby,scarlets_rugby,1417897570
ulsterrugby,scarlets_rugby,1417901897
ulsterrugby,scarlets_rugby,1417902771
ulsterrugby,scarlets_rugby,1417909507
ulsterrugby,scarlets_rugby,1418386399
zebrerugby,cardiff_blues,1418473642
zebrerugby,connachtrugby,1418473642
ulsterrugby,scarlets_rugby,1418485459
ulsterrugby,scarlets_rugby,1418511038
ulsterrugby,munsterrugby,1418553827
ulsterrugby,scarlets_rugby,1418559904
ulsterrugby,scarlets_rugby,1418568620
zebrerugby,benettonrugby,1418648320
ulsterrugby,leinsterrugby,1418652615
benettonrugby,zebrerugby,1418652710
benettonrugby,edinburghrugby,1418734709
zebrerugby,dragonsrugby,1418808645
zebrerugby,benettonrugby,1418820175
zebrerugby,benettonrugby,1418821598
zebrerugby,dragonsrugby,1418833974
benettonrugby,edinburghrugby,1418904378
benettonrugby,edinburghrugby,1418905085
connachtrugby,leinsterrugby,1418910707
zebrerugby,dragonsrugby,1418990958
ulsterrugby,ospreys,1418991132
connachtrugby,leinsterrugby,1419006557
benettonrugby,ospreys,1419008419
benettonrugby,ospreys,1419009304
connachtrugby,leinsterrugby,1419014631
connachtrugby,leinsterrugby,1419015217
ulsterrugby,ospreys,1419096035
ulsterrugby,ospreys,1419102285
zebrerugby,dragonsrugby,1419158608
zebrerugby,dragonsrugby,1419177043
zebrerugby,dragonsrugby,1419178272
zebrerugby,dragonsrugby,1419179203
zebrerugby,dragonsrugby,1419179571
zebrerugby,dragonsrugby,1419180676
zebrerugby,dragonsrugby,1419180693
zebrerugby,dragonsrugby,1419181810
zebrerugby,dragonsrugby,1419182101
zebrerugby,dragonsrugby,1419182558
zebrerugby,dragonsrugby,1419182688
zebrerugby,dragonsrugby,1419184116
zebrerugby,dragonsrugby,1419184846
zebrerugby,dragonsrugby,1419185620
dragonsrugby,cardiff_blues,1419194938
dragonsrugby,cardiff_blues,1419195172
zebrerugby,dragonsrugby,1419239749
zebrerugby,benettonrugby,1419248128
benettonrugby,zebrerugby,1419249627
zebrerugby,benettonrugby,1419262710
ulsterrugby,connachtrugby,1419262880
connachtrugby,ulsterrugby,1419262941
ulsterrugby,connachtrugby,1419264094
zebrerugby,benettonrugby,1419337322
ulsterrugby,connachtrugby,1419356347
zebrerugby,benettonrugby,1419418170
ulsterrugby,connachtrugby,1419425036
ulsterrugby,connachtrugby,1419429548
dragonsrugby,cardiff_blues,1419508594
dragonsrugby,cardiff_blues,1419509166
dragonsrugby,cardiff_blues,1419509168
dragonsrugby,cardiff_blues,1419521271
dragonsrugby,cardiff_blues,1419521271
dragonsrugby,cardiff_blues,1419521294
dragonsrugby,cardiff_blues,1419588639
dragonsrugby,cardiff_blues,1419588644
dragonsrugby,cardiff_blues,1419588654
dragonsrugby,cardiff_blues,1419588667
dragonsrugby,cardiff_blues,1419588692
dragonsrugby,cardiff_blues,1419588743
dragonsrugby,cardiff_blues,1419588754
dragonsrugby,cardiff_blues,1419588831
dragonsrugby,cardiff_blues,1419588888
zebrerugby,benettonrugby,1419596680
zebrerugby,benettonrugby,1419600556
ulsterrugby,connachtrugby,1419614702
ulsterrugby,connachtrugby,1419617410
connachtrugby,ulsterrugby,1419617449
dragonsrugby,cardiff_blues,1419617780
ulsterrugby,connachtrugby,1419619582
ulsterrugby,connachtrugby,1419621180
ulsterrugby,connachtrugby,1419624767
ulsterrugby,connachtrugby,1419625282
ulsterrugby,connachtrugby,1419625610
zebrerugby,benettonrugby,1419674458
zebrerugby,benettonrugby,1419697601
zebrerugby,benettonrugby,1419756171
zebrerugby,benettonrugby,1419772734
benettonrugby,zebrerugby,1419774937
zebrerugby,benettonrugby,1419775348
zebrerugby,benettonrugby,1419775364
zebrerugby,benettonrugby,1419775463
zebrerugby,benettonrugby,1419775556
zebrerugby,benettonrugby,1419776656
zebrerugby,benettonrugby,1419777021
zebrerugby,benettonrugby,1419778078
zebrerugby,benettonrugby,1419778694
zebrerugby,benettonrugby,1419780508
zebrerugby,benettonrugby,1419780602
zebrerugby,benettonrugby,1419781741
zebrerugby,benettonrugby,1419782101
benettonrugby,zebrerugby,1419782404
benettonrugby,zebrerugby,1419782855
zebrerugby,benettonrugby,1419782917
benettonrugby,zebrerugby,1419782931
zebrerugby,benettonrugby,1419787728
zebrerugby,benettonrugby,1419789627
zebrerugby,benettonrugby,1419789816
zebrerugby,benettonrugby,1419792512
zebrerugby,benettonrugby,1419793666
benettonrugby,zebrerugby,1419794308
dragonsrugby,cardiff_blues,1419798055
dragonsrugby,cardiff_blues,1419799053
benettonrugby,zebrerugby,1419846729
dragonsrugby,cardiff_blues,1419859237
connachtrugby,munsterrugby,1419863006
connachtrugby,munsterrugby,1419872932
dragonsrugby,cardiff_blues,1419882814
zebrerugby,benettonrugby,1419926936
zebrerugby,benettonrugby,1419926942
zebrerugby,benettonrugby,1419927622
benettonrugby,zebrerugby,1419933309
benettonrugby,zebrerugby,1419936185
dragonsrugby,cardiff_blues,1419946154
dragonsrugby,cardiff_blues,1419946328
dragonsrugby,cardiff_blues,1419950761
ulsterrugby,leinsterrugby,1419951339
ulsterrugby,leinsterrugby,1419961112
dragonsrugby,cardiff_blues,1420034528
dragonsrugby,cardiff_blues,1420038548
dragonsrugby,cardiff_blues,1420047222
zebrerugby,benettonrugby,1420106876
zebrerugby,benettonrugby,1420107801
ulsterrugby,leinsterrugby,1420117046
zebrerugby,benettonrugby,1420187331
benettonrugby,zebrerugby,1420188352
benettonrugby,zebrerugby,1420195316
zebrerugby,benettonrugby,1420195963
benettonrugby,zebrerugby,1420199688
zebrerugby,benettonrugby,1420199992
zebrerugby,benettonrugby,1420200092
benettonrugby,zebrerugby,1420200222
benettonrugby,zebrerugby,1420200390
benettonrugby,zebrerugby,1420202919
zebrerugby,benettonrugby,1420203354
ulsterrugby,leinsterrugby,1420230946
benettonrugby,zebrerugby,1420269644
ulsterrugby,leinsterrugby,1420274472
benettonrugby,zebrerugby,1420274927
zebrerugby,benettonrugby,1420277358
zebrerugby,benettonrugby,1420277366
zebrerugby,benettonrugby,1420277488
ulsterrugby,leinsterrugby,1420278941
ulsterrugby,leinsterrugby,1420280381
benettonrugby,zebrerugby,1420285821
zebrerugby,benettonrugby,1420289958
zebrerugby,benettonrugby,1420290046
zebrerugby,benettonrugby,1420292051
zebrerugby,ospreys,1420292806
zebrerugby,scarlets_rugby,1420292806
zebrerugby,benettonrugby,1420292817
zebrerugby,benettonrugby,1420293622
zebrerugby,benettonrugby,1420294338
zebrerugby,benettonrugby,1420294564
zebrerugby,benettonrugby,1420294680
zebrerugby,benettonrugby,1420294893
zebrerugby,benettonrugby,1420295184
zebrerugby,benettonrugby,1420295339
zebrerugby,benettonrugby,1420296400
zebrerugby,benettonrugby,1420297555
zebrerugby,benettonrugby,1420299864
zebrerugby,benettonrugby,1420300083
zebrerugby,benettonrugby,1420300553
zebrerugby,benettonrugby,1420300611
zebrerugby,benettonrugby,1420302523
benettonrugby,zebrerugby,1420303000
zebrerugby,benettonrugby,1420304320
ulsterrugby,leinsterrugby,1420307328
benettonrugby,zebrerugby,1420310651
zebrerugby,benettonrugby,1420320991
benettonrugby,zebrerugby,1420370614
zebrerugby,benettonrugby,1420378292
benettonrugby,ulsterrugby,1420442222
zebrerugby,munsterrugby,1420456035
dragonsrugby,cardiff_blues,1420462307
cardiff_blues,dragonsrugby,1420470009
benettonrugby,ulsterrugby,1420549303
zebrerugby,munsterrugby,1420552007
zebrerugby,munsterrugby,1420622390
dragonsrugby,cardiff_blues,1420639874
benettonrugby,zebrerugby,1420645575
cardiff_blues,dragonsrugby,1420655623
cardiff_blues,dragonsrugby,1420659212
zebrerugby,munsterrugby,1420737150
cardiff_blues,leinsterrugby,1420805291
zebrerugby,munsterrugby,1420805294
dragonsrugby,ospreys,1420806873
zebrerugby,munsterrugby,1420809198
cardiff_blues,leinsterrugby,1420821982
connachtrugby,edinburghrugby,1420830794
edinburghrugby,connachtrugby,1420839082
edinburghrugby,glasgowwarriors,1420839837
edinburghrugby,connachtrugby,1420840000
edinburghrugby,connachtrugby,1420841620
edinburghrugby,connachtrugby,1420847133
edinburghrugby,connachtrugby,1420847540
zebrerugby,munsterrugby,1420878729
zebrerugby,munsterrugby,1420878940
zebrerugby,munsterrugby,1420879067
edinburghrugby,connachtrugby,1420882792
zebrerugby,munsterrugby,1420889999
zebrerugby,munsterrugby,1420895028
edinburghrugby,connachtrugby,1420900992
zebrerugby,munsterrugby,1420901768
zebrerugby,munsterrugby,1420901777
zebrerugby,munsterrugby,1420902001
zebrerugby,munsterrugby,1420902682
zebrerugby,munsterrugby,1420903224
zebrerugby,munsterrugby,1420904278
zebrerugby,munsterrugby,1420904656
zebrerugby,munsterrugby,1420905071
zebrerugby,munsterrugby,1420906293
zebrerugby,munsterrugby,1420907098
zebrerugby,munsterrugby,1420907388
zebrerugby,munsterrugby,1420908521
zebrerugby,munsterrugby,1420908846
benettonrugby,zebrerugby,1420909150
zebrerugby,munsterrugby,1420909190
zebrerugby,munsterrugby,1420910137
zebrerugby,munsterrugby,1420910169
zebrerugby,munsterrugby,1420914330
cardiff_blues,leinsterrugby,1420921115
benettonrugby,ospreys,1420966917
benettonrugby,ospreys,1420967364
benettonrugby,ulsterrugby,1420977810
cardiff_blues,leinsterrugby,1420979189
dragonsrugby,ospreys,1420988872
zebrerugby,munsterrugby,1421054813
zebrerugby,munsterrugby,1421076965
edinburghrugby,connachtrugby,1421083579
connachtrugby,leinsterrugby,1421154052
cardiff_blues,ospreys,1421232464
connachtrugby,leinsterrugby,1421243587
cardiff_blues,ospreys,1421264976
cardiff_blues,ospreys,1421266395
cardiff_blues,ospreys,1421266573
cardiff_blues,ospreys,1421267049
cardiff_blues,ospreys,1421270009
cardiff_blues,ospreys,1421270830
ulsterrugby,leinsterrugby,1421409321
ulsterrugby,munsterrugby,1421409321
ulsterrugby,connachtrugby,1421409321
edinburghrugby,glasgowwarriors,1421492662
edinburghrugby,glasgowwarriors,1421495973
ulsterrugby,leinsterrugby,1421499734
ulsterrugby,munsterrugby,1421499734
ulsterrugby,connachtrugby,1421499734
ulsterrugby,leinsterrugby,1421681715
ulsterrugby,cardiff_blues,1421681715
dragonsrugby,cardiff_blues,1421745545
dragonsrugby,ospreys,1421745545
dragonsrugby,scarlets_rugby,1421745545
dragonsrugby,ospreys,1421754403
cardiff_blues,scarlets_rugby,1421865317
edinburghrugby,glasgowwarriors,1422054408
ulsterrugby,connachtrugby,1422128137
cardiff_blues,connachtrugby,1422134949
cardiff_blues,dragonsrugby,1422134950
cardiff_blues,edinburghrugby,1422134950
dragonsrugby,cardiff_blues,1422141753
dragonsrugby,edinburghrugby,1422141753
edinburghrugby,glasgowwarriors,1422204286
dragonsrugby,cardiff_blues,1422206637
dragonsrugby,edinburghrugby,1422206637
munsterrugby,leinsterrugby,1422206665
edinburghrugby,cardiff_blues,1422206693
edinburghrugby,dragonsrugby,1422206693
munsterrugby,connachtrugby,1422206949
connachtrugby,munsterrugby,1422207084
zebrerugby,ulsterrugby,1422273606
cardiff_blues,ulsterrugby,1422274598
benettonrugby,ulsterrugby,1422274815
ulsterrugby,leinsterrugby,1422279003
benettonrugby,ulsterrugby,1422279325
cardiff_blues,dragonsrugby,1422463514
zebrerugby,glasgowwarriors,1422530438
zebrerugby,ospreys,1422551644
dragonsrugby,ulsterrugby,1422958727
benettonrugby,ulsterrugby,1422959295
zebrerugby,ulsterrugby,1422960641
munsterrugby,leinsterrugby,1422978701
connachtrugby,ulsterrugby,1423068864
munsterrugby,connachtrugby,1423069064
zebrerugby,glasgowwarriors,1423069410
cardiff_blues,scarlets_rugby,1423071018
cardiff_blues,scarlets_rugby,1423087864
ulsterrugby,connachtrugby,1423139504
benettonrugby,zebrerugby,1423149055
ulsterrugby,connachtrugby,1423171351
connachtrugby,ulsterrugby,1423225655
ulsterrugby,leinsterrugby,1423235657
cardiff_blues,dragonsrugby,1423236325
dragonsrugby,cardiff_blues,1423238388
cardiff_blues,dragonsrugby,1423241154
zebrerugby,benettonrugby,1423307016
connachtrugby,scarlets_rugby,1423494363
zebrerugby,glasgowwarriors,1423500068
benettonrugby,zebrerugby,1423554762
dragonsrugby,connachtrugby,1423569670
benettonrugby,ulsterrugby,1423573699
zebrerugby,glasgowwarriors,1423577627
cardiff_blues,dragonsrugby,1423584213
cardiff_blues,dragonsrugby,1423586683
zebrerugby,glasgowwarriors,1423588456
edinburghrugby,ospreys,1423610895
edinburghrugby,ospreys,1423610996
edinburghrugby,ospreys,1423611023
cardiff_blues,dragonsrugby,1423650663
benettonrugby,zebrerugby,1423662623
zebrerugby,benettonrugby,1423663863
edinburghrugby,ospreys,1423696460
benettonrugby,ulsterrugby,1423738915
zebrerugby,glasgowwarriors,1423746257
zebrerugby,glasgowwarriors,1423753522
zebrerugby,glasgowwarriors,1423756947
edinburghrugby,ospreys,1423764351
zebrerugby,glasgowwarriors,1423818311
connachtrugby,scarlets_rugby,1423819784
edinburghrugby,ospreys,1423821027
edinburghrugby,ospreys,1423822535
benettonrugby,ulsterrugby,1423823645
benettonrugby,cardiff_blues,1423823679
zebrerugby,glasgowwarriors,1423824160
zebrerugby,glasgowwarriors,1423828444
zebrerugby,glasgowwarriors,1423831472
zebrerugby,glasgowwarriors,1423832544
edinburghrugby,ospreys,1423843945
zebrerugby,glasgowwarriors,1423846755
edinburghrugby,ospreys,1423853823
edinburghrugby,ospreys,1423853891
benettonrugby,ulsterrugby,1423856215
ulsterrugby,benettonrugby,1423857398
benettonrugby,ulsterrugby,1423859172
ulsterrugby,benettonrugby,1423864744
munsterrugby,cardiff_blues,1423905370
edinburghrugby,ospreys,1423919317
edinburghrugby,ospreys,1423920373
munsterrugby,cardiff_blues,1423942595
munsterrugby,cardiff_blues,1423944468
cardiff_blues,munsterrugby,1423948923
cardiff_blues,benettonrugby,1423948923
zebrerugby,glasgowwarriors,1423990332
zebrerugby,glasgowwarriors,1423990396
connachtrugby,scarlets_rugby,1424003505
zebrerugby,glasgowwarriors,1424004215
zebrerugby,glasgowwarriors,1424005099
zebrerugby,glasgowwarriors,1424005156
zebrerugby,glasgowwarriors,1424005597
zebrerugby,glasgowwarriors,1424005670
zebrerugby,glasgowwarriors,1424005970
zebrerugby,glasgowwarriors,1424006127
zebrerugby,glasgowwarriors,1424006490
zebrerugby,glasgowwarriors,1424007036
zebrerugby,glasgowwarriors,1424007745
zebrerugby,glasgowwarriors,1424007999
zebrerugby,glasgowwarriors,1424008202
zebrerugby,glasgowwarriors,1424009894
zebrerugby,glasgowwarriors,1424010757
zebrerugby,glasgowwarriors,1424011338
zebrerugby,glasgowwarriors,1424011838
zebrerugby,glasgowwarriors,1424012274
zebrerugby,glasgowwarriors,1424017015
zebrerugby,glasgowwarriors,1424080274
benettonrugby,zebrerugby,1424097024
zebrerugby,benettonrugby,1424098793
dragonsrugby,connachtrugby,1424105562
edinburghrugby,glasgowwarriors,1424123195
edinburghrugby,ospreys,1424123195
zebrerugby,leinsterrugby,1424177438
benettonrugby,cardiff_blues,1424180318
zebrerugby,leinsterrugby,1424183848
zebrerugby,glasgowwarriors,1424186194
connachtrugby,dragonsrugby,1424189849
edinburghrugby,ulsterrugby,1424253173
dragonsrugby,connachtrugby,1424256002
cardiff_blues,dragonsrugby,1424260651
zebrerugby,leinsterrugby,1424261475
edinburghrugby,ospreys,1424269714
edinburghrugby,ospreys,1424269751
edinburghrugby,ulsterrugby,1424273366
ulsterrugby,scarlets_rugby,1424276868
zebrerugby,leinsterrugby,1424335732
dragonsrugby,connachtrugby,1424337437
benettonrugby,cardiff_blues,1424341273
munsterrugby,scarlets_rugby,1424346253
edinburghrugby,ulsterrugby,1424347009
zebrerugby,leinsterrugby,1424347397
ulsterrugby,edinburghrugby,1424347486
benettonrugby,cardiff_blues,1424347878
zebrerugby,leinsterrugby,1424348433
ulsterrugby,edinburghrugby,1424350789
connachtrugby,leinsterrugby,1424358151
ulsterrugby,scarlets_rugby,1424364030
zebrerugby,leinsterrugby,1424364322
edinburghrugby,ulsterrugby,1424424347
zebrerugby,leinsterrugby,1424430094
connachtrugby,dragonsrugby,1424433632
zebrerugby,leinsterrugby,1424447743
zebrerugby,benettonrugby,1424447802
dragonsrugby,cardiff_blues,1424450806
edinburghrugby,ulsterrugby,1424455495
benettonrugby,cardiff_blues,1424457697
cardiff_blues,benettonrugby,1424459057
benettonrugby,cardiff_blues,1424459062
benettonrugby,cardiff_blues,1424460285
zebrerugby,leinsterrugby,1424460868
zebrerugby,leinsterrugby,1424460914
zebrerugby,leinsterrugby,1424461719
benettonrugby,cardiff_blues,1424462185
zebrerugby,leinsterrugby,1424462382
zebrerugby,leinsterrugby,1424462402
zebrerugby,leinsterrugby,1424462524
zebrerugby,leinsterrugby,1424462772
zebrerugby,leinsterrugby,1424463170
zebrerugby,leinsterrugby,1424463421
zebrerugby,leinsterrugby,1424463721
zebrerugby,leinsterrugby,1424463985
zebrerugby,leinsterrugby,1424463994
edinburghrugby,ulsterrugby,1424465053
edinburghrugby,glasgowwarriors,1424465053
zebrerugby,leinsterrugby,1424465189
zebrerugby,leinsterrugby,1424465685
zebrerugby,leinsterrugby,1424465868
zebrerugby,leinsterrugby,1424466503
benettonrugby,cardiff_blues,1424467292
zebrerugby,leinsterrugby,1424467768
zebrerugby,leinsterrugby,1424468246
ulsterrugby,edinburghrugby,1424468310
dragonsrugby,cardiff_blues,1424470629
dragonsrugby,connachtrugby,1424470629
dragonsrugby,benettonrugby,1424470629
benettonrugby,cardiff_blues,1424477861
munsterrugby,scarlets_rugby,1424511233
zebrerugby,leinsterrugby,1424517439
connachtrugby,dragonsrugby,1424519430
munsterrugby,scarlets_rugby,1424536797
munsterrugby,glasgowwarriors,1424537619
zebrerugby,dragonsrugby,1424545701
dragonsrugby,connachtrugby,1424626249
zebrerugby,leinsterrugby,1424682520
zebrerugby,dragonsrugby,1424700905
dragonsrugby,cardiff_blues,1424703555
ulsterrugby,scarlets_rugby,1424705147
zebrerugby,dragonsrugby,1424706637
benettonrugby,edinburghrugby,1424775369
benettonrugby,edinburghrugby,1424775432
zebrerugby,dragonsrugby,1424780789
benettonrugby,connachtrugby,1424781617
zebrerugby,dragonsrugby,1424792279
ulsterrugby,scarlets_rugby,1424794584
ulsterrugby,scarlets_rugby,1424794922
ulsterrugby,scarlets_rugby,1424803755
ulsterrugby,scarlets_rugby,1424803765
ulsterrugby,scarlets_rugby,1424803843
zebrerugby,dragonsrugby,1424874899
zebrerugby,dragonsrugby,1424878904
ulsterrugby,scarlets_rugby,1424890817
dragonsrugby,cardiff_blues,1424967185
connachtrugby,benettonrugby,1425031359
benettonrugby,glasgowwarriors,1425038295
benettonrugby,glasgowwarriors,1425038367
benettonrugby,connachtrugby,1425039511
zebrerugby,dragonsrugby,1425040424
ulsterrugby,scarlets_rugby,1425041550
munsterrugby,leinsterrugby,1425059578
ulsterrugby,scarlets_rugby,1425063418
ulsterrugby,scarlets_rugby,1425066948
ulsterrugby,scarlets_rugby,1425071289
ulsterrugby,scarlets_rugby,1425072152
ulsterrugby,scarlets_rugby,1425076881
munsterrugby,glasgowwarriors,1425114942
zebrerugby,dragonsrugby,1425139804
munsterrugby,glasgowwarriors,1425158970
edinburghrugby,cardiff_blues,1425195025
zebrerugby,dragonsrugby,1425200823
zebrerugby,dragonsrugby,1425210227
dragonsrugby,zebrerugby,1425213757
zebrerugby,dragonsrugby,1425217712
zebrerugby,dragonsrugby,1425229109
zebrerugby,dragonsrugby,1425229375
benettonrugby,connachtrugby,1425229892
benettonrugby,connachtrugby,1425230315
zebrerugby,dragonsrugby,1425230624
zebrerugby,dragonsrugby,1425230880
zebrerugby,dragonsrugby,1425231364
benettonrugby,connachtrugby,1425231564
zebrerugby,dragonsrugby,1425232182
benettonrugby,connachtrugby,1425232941
zebrerugby,dragonsrugby,1425234853
zebrerugby,dragonsrugby,1425235002
zebrerugby,dragonsrugby,1425235345
zebrerugby,dragonsrugby,1425235926
zebrerugby,dragonsrugby,1425236020
zebrerugby,dragonsrugby,1425237945
zebrerugby,dragonsrugby,1425237975
zebrerugby,dragonsrugby,1425239102
zebrerugby,dragonsrugby,1425291952
cardiff_blues,connachtrugby,1425306852
dragonsrugby,ulsterrugby,1425307390
dragonsrugby,leinsterrugby,1425308335
dragonsrugby,ulsterrugby,1425308335
zebrerugby,glasgowwarriors,1425316350
cardiff_blues,edinburghrugby,1425318971
benettonrugby,zebrerugby,1425369916
dragonsrugby,cardiff_blues,1425371991
dragonsrugby,ospreys,1425371991
dragonsrugby,scarlets_rugby,1425371991
dragonsrugby,ulsterrugby,1425373936
dragonsrugby,ulsterrugby,1425374593
dragonsrugby,ulsterrugby,1425374937
dragonsrugby,ulsterrugby,1425386816
connachtrugby,cardiff_blues,1425389427
benettonrugby,edinburghrugby,1425392237
cardiff_blues,edinburghrugby,1425394424
zebrerugby,glasgowwarriors,1425394485
benettonrugby,zebrerugby,1425395319
zebrerugby,dragonsrugby,1425402939
zebrerugby,glasgowwarriors,1425465056
zebrerugby,glasgowwarriors,1425487284
connachtrugby,cardiff_blues,1425556505
zebrerugby,glasgowwarriors,1425556937
zebrerugby,glasgowwarriors,1425559144
dragonsrugby,ulsterrugby,1425570275
zebrerugby,glasgowwarriors,1425577820
connachtrugby,cardiff_blues,1425578542
zebrerugby,glasgowwarriors,1425634741
benettonrugby,edinburghrugby,1425643126
ulsterrugby,dragonsrugby,1425643296
dragonsrugby,ulsterrugby,1425643637
dragonsrugby,cardiff_blues,1425651094
connachtrugby,cardiff_blues,1425652530
zebrerugby,glasgowwarriors,1425656746
cardiff_blues,connachtrugby,1425662230
cardiff_blues,connachtrugby,1425667263
zebrerugby,glasgowwarriors,1425667909
zebrerugby,glasgowwarriors,1425667971
zebrerugby,glasgowwarriors,1425668219
zebrerugby,glasgowwarriors,1425668702
zebrerugby,glasgowwarriors,1425677070
munsterrugby,ospreys,1425720410
munsterrugby,ospreys,1425746680
benettonrugby,edinburghrugby,1425750101
edinburghrugby,glasgowwarriors,1425750876
benettonrugby,edinburghrugby,1425754263
dragonsrugby,ulsterrugby,1425806082
dragonsrugby,ulsterrugby,1425830024
ulsterrugby,dragonsrugby,1425832725
ulsterrugby,dragonsrugby,1425832732
dragonsrugby,ulsterrugby,1425839741
dragonsrugby,ulsterrugby,1425845036
zebrerugby,glasgowwarriors,1425898095
benettonrugby,dragonsrugby,1425911414
benettonrugby,dragonsrugby,1425911508
dragonsrugby,cardiff_blues,1426067566
cardiff_blues,connachtrugby,1426072199
dragonsrugby,leinsterrugby,1426073799
dragonsrugby,edinburghrugby,1426073799
zebrerugby,benettonrugby,1426253648
zebrerugby,benettonrugby,1426430643
zebrerugby,ospreys,1426596275
munsterrugby,ulsterrugby,1426781032
munsterrugby,ulsterrugby,1426790681
dragonsrugby,cardiff_blues,1426799540
dragonsrugby,cardiff_blues,1426852571
dragonsrugby,cardiff_blues,1426860627
ulsterrugby,leinsterrugby,1426870704
ulsterrugby,cardiff_blues,1426870704
dragonsrugby,cardiff_blues,1426886782
dragonsrugby,cardiff_blues,1426900525
dragonsrugby,cardiff_blues,1426900766
dragonsrugby,cardiff_blues,1426900931
ulsterrugby,leinsterrugby,1426952508
dragonsrugby,cardiff_blues,1427028651
dragonsrugby,cardiff_blues,1427102444
zebrerugby,ospreys,1427109330
benettonrugby,zebrerugby,1427110820
connachtrugby,munsterrugby,1427122940
zebrerugby,ospreys,1427193268
edinburghrugby,scarlets_rugby,1427194783
dragonsrugby,benettonrugby,1427207673
benettonrugby,dragonsrugby,1427208648
ulsterrugby,leinsterrugby,1427280768
benettonrugby,glasgowwarriors,1427281959
benettonrugby,glasgowwarriors,1427282370
benettonrugby,zebrerugby,1427282595
benettonrugby,cardiff_blues,1427283075
connachtrugby,ospreys,1427285521
benettonrugby,scarlets_rugby,1427292680
leinsterrugby,glasgowwarriors,1427296145
edinburghrugby,scarlets_rugby,1427324294
munsterrugby,connachtrugby,1427369314
leinsterrugby,glasgowwarriors,1427371398
ulsterrugby,cardiff_blues,1427373194
zebrerugby,ospreys,1427375016
zebrerugby,ospreys,1427381843
zebrerugby,ospreys,1427384554
edinburghrugby,scarlets_rugby,1427392459
leinsterrugby,glasgowwarriors,1427398004
dragonsrugby,cardiff_blues,1427402311
edinburghrugby,scarlets_rugby,1427442834
benettonrugby,dragonsrugby,1427451881
munsterrugby,connachtrugby,1427453046
zebrerugby,ospreys,1427458377
zebrerugby,ospreys,1427459939
leinsterrugby,glasgowwarriors,1427466039
leinsterrugby,glasgowwarriors,1427473398
ulsterrugby,cardiff_blues,1427477090
leinsterrugby,glasgowwarriors,1427477535
leinsterrugby,glasgowwarriors,1427478870
leinsterrugby,glasgowwarriors,1427479275
leinsterrugby,glasgowwarriors,1427479754
ulsterrugby,cardiff_blues,1427479966
leinsterrugby,glasgowwarriors,1427481479
cardiff_blues,ulsterrugby,1427483154
cardiff_blues,ulsterrugby,1427483383
ulsterrugby,cardiff_blues,1427483694
ulsterrugby,cardiff_blues,1427484803
leinsterrugby,glasgowwarriors,1427484834
ulsterrugby,cardiff_blues,1427486337
cardiff_blues,ulsterrugby,1427486945
ulsterrugby,cardiff_blues,1427487812
leinsterrugby,glasgowwarriors,1427488268
ulsterrugby,cardiff_blues,1427488611
ulsterrugby,cardiff_blues,1427491804
ulsterrugby,cardiff_blues,1427492047
leinsterrugby,ulsterrugby,1427504858
ulsterrugby,leinsterrugby,1427527038
ospreys,zebrerugby,1427529669
munsterrugby,connachtrugby,1427535110
zebrerugby,ospreys,1427536298
dragonsrugby,cardiff_blues,1427539208
scarlets_rugby,edinburghrugby,1427547519
scarlets_rugby,edinburghrugby,1427553933
scarlets_rugby,edinburghrugby,1427554507
scarlets_rugby,edinburghrugby,1427554668
ospreys,cardiff_blues,1427554684
scarlets_rugby,edinburghrugby,1427555003
scarlets_rugby,edinburghrugby,1427555318
scarlets_rugby,edinburghrugby,1427556043
scarlets_rugby,edinburghrugby,1427556388
scarlets_rugby,edinburghrugby,1427556451
scarlets_rugby,edinburghrugby,1427557967
scarlets_rugby,edinburghrugby,1427558818
scarlets_rugby,edinburghrugby,1427559780
scarlets_rugby,edinburghrugby,1427560499
zebrerugby,ospreys,1427568231
zebrerugby,ospreys,1427569450
benettonrugby,dragonsrugby,1427569800
zebrerugby,ospreys,1427570086
zebrerugby,ospreys,1427570465
zebrerugby,ospreys,1427571026
zebrerugby,ospreys,1427571257
zebrerugby,ospreys,1427571316
zebrerugby,ospreys,1427571714
zebrerugby,ospreys,1427572376
zebrerugby,ospreys,1427573055
dragonsrugby,benettonrugby,1427574277
zebrerugby,ospreys,1427575908
zebrerugby,ospreys,1427576709
zebrerugby,ospreys,1427576957
zebrerugby,ospreys,1427577062
zebrerugby,ospreys,1427577730
zebrerugby,ospreys,1427577904
edinburghrugby,scarlets_rugby,1427585600
ospreys,glasgowwarriors,1427589552
scarlets_rugby,cardiff_blues,1427616672
benettonrugby,ospreys,1427649470
benettonrugby,ospreys,1427649608
cardiff_blues,dragonsrugby,1427704804
zebrerugby,ospreys,1427705281
cardiff_blues,dragonsrugby,1427712207
dragonsrugby,cardiff_blues,1427725151
dragonsrugby,cardiff_blues,1427739859
connachtrugby,leinsterrugby,1427740875
dragonsrugby,cardiff_blues,1427743730
zebrerugby,scarlets_rugby,1427805074
dragonsrugby,cardiff_blues,1427813933
dragonsrugby,cardiff_blues,1427814038
scarlets_rugby,cardiff_blues,1427815327
cardiff_blues,dragonsrugby,1427831712
ospreys,cardiff_blues,1427874518
dragonsrugby,cardiff_blues,1427881109
connachtrugby,zebrerugby,1427890148
edinburghrugby,dragonsrugby,1427890299
zebrerugby,connachtrugby,1427890686
cardiff_blues,scarlets_rugby,1427890745
ospreys,glasgowwarriors,1427891628
ospreys,glasgowwarriors,1427891768
scarlets_rugby,cardiff_blues,1427892449
scarlets_rugby,cardiff_blues,1427892517
scarlets_rugby,cardiff_blues,1427893081
leinsterrugby,benettonrugby,1427894193
ulsterrugby,munsterrugby,1427894376
zebrerugby,connachtrugby,1427900422
zebrerugby,connachtrugby,1427902014
dragonsrugby,cardiff_blues,1427915686
scarlets_rugby,cardiff_blues,1427959222
scarlets_rugby,cardiff_blues,1427959285
scarlets_rugby,zebrerugby,1427959788
scarlets_rugby,cardiff_blues,1427964558
edinburghrugby,dragonsrugby,1427966400
scarlets_rugby,cardiff_blues,1427972290
scarlets_rugby,cardiff_blues,1427972345
dragonsrugby,cardiff_blues,1427978182
ospreys,glasgowwarriors,1427985938
zebrerugby,benettonrugby,1427993242
cardiff_blues,dragonsrugby,1427994327
dragonsrugby,cardiff_blues,1427995199
dragonsrugby,cardiff_blues,1428009610
dragonsrugby,cardiff_blues,1428055972
zebrerugby,scarlets_rugby,1428077636
cardiff_blues,dragonsrugby,1428080802
leinsterrugby,connachtrugby,1428088510
dragonsrugby,cardiff_blues,1428133575
scarlets_rugby,cardiff_blues,1428141175
scarlets_rugby,dragonsrugby,1428141175
dragonsrugby,cardiff_blues,1428144752
dragonsrugby,cardiff_blues,1428148558
cardiff_blues,dragonsrugby,1428150558
cardiff_blues,dragonsrugby,1428150740
dragonsrugby,cardiff_blues,1428153127
cardiff_blues,dragonsrugby,1428154672
cardiff_blues,edinburghrugby,1428154672
dragonsrugby,cardiff_blues,1428162020
leinsterrugby,munsterrugby,1428182127
dragonsrugby,cardiff_blues,1428229174
dragonsrugby,cardiff_blues,1428229177
dragonsrugby,cardiff_blues,1428229316
dragonsrugby,edinburghrugby,1428263074
dragonsrugby,edinburghrugby,1428263225
zebrerugby,scarlets_rugby,1428312186
benettonrugby,zebrerugby,1428324417
scarlets_rugby,connachtrugby,1428335218
edinburghrugby,munsterrugby,1428400597
edinburghrugby,glasgowwarriors,1428400636
dragonsrugby,leinsterrugby,1428401348
dragonsrugby,edinburghrugby,1428401348
zebrerugby,scarlets_rugby,1428407520
benettonrugby,ospreys,1428409582
leinsterrugby,dragonsrugby,1428409651
zebrerugby,scarlets_rugby,1428412295
edinburghrugby,dragonsrugby,1428413622
zebrerugby,scarlets_rugby,1428413981
ospreys,glasgowwarriors,1428420348
edinburghrugby,dragonsrugby,1428431921
edinburghrugby,dragonsrugby,1428434897
zebrerugby,scarlets_rugby,1428486528
scarlets_rugby,cardiff_blues,1428487507
scarlets_rugby,cardiff_blues,1428487508
edinburghrugby,dragonsrugby,1428492497
edinburghrugby,glasgowwarriors,1428498076
ospreys,benettonrugby,1428501280
scarlets_rugby,cardiff_blues,1428502028
scarlets_rugby,cardiff_blues,1428502029
dragonsrugby,leinsterrugby,1428502295
benettonrugby,ospreys,1428505479
ospreys,benettonrugby,1428512536
leinsterrugby,dragonsrugby,1428522609
scarlets_rugby,connachtrugby,1428523096
dragonsrugby,leinsterrugby,1428561656
dragonsrugby,edinburghrugby,1428561656
edinburghrugby,dragonsrugby,1428562692
dragonsrugby,leinsterrugby,1428571612
benettonrugby,ospreys,1428577321
connachtrugby,leinsterrugby,1428578988
benettonrugby,glasgowwarriors,1428579981
ospreys,benettonrugby,1428580714
scarlets_rugby,zebrerugby,1428582130
scarlets_rugby,zebrerugby,1428582184
ospreys,benettonrugby,1428588545
edinburghrugby,dragonsrugby,1428589113
dragonsrugby,edinburghrugby,1428592862
edinburghrugby,dragonsrugby,1428592990
edinburghrugby,dragonsrugby,1428596931
edinburghrugby,dragonsrugby,1428596955
zebrerugby,scarlets_rugby,1428598556
scarlets_rugby,zebrerugby,1428649826
scarlets_rugby,zebrerugby,1428649908
dragonsrugby,edinburghrugby,1428659836
ulsterrugby,munsterrugby,1428663057
edinburghrugby,dragonsrugby,1428665822
leinsterrugby,dragonsrugby,1428667211
zebrerugby,scarlets_rugby,1428667452
edinburghrugby,glasgowwarriors,1428667611
zebrerugby,scarlets_rugby,1428667737
connachtrugby,ulsterrugby,1428667818
edinburghrugby,dragonsrugby,1428669416
ospreys,benettonrugby,1428669996
connachtrugby,ulsterrugby,1428680432
edinburghrugby,dragonsrugby,1428685533
cardiff_blues,glasgowwarriors,1428691608
cardiff_blues,glasgowwarriors,1428694458
cardiff_blues,glasgowwarriors,1428694819
cardiff_blues,glasgowwarriors,1428695806
cardiff_blues,glasgowwarriors,1428697415
edinburghrugby,glasgowwarriors,1428698658
leinsterrugby,dragonsrugby,1428703694
ospreys,glasgowwarriors,1428709772
benettonrugby,ospreys,1428711907
ospreys,benettonrugby,1428712544
edinburghrugby,glasgowwarriors,1428743752
edinburghrugby,munsterrugby,1428743811
edinburghrugby,munsterrugby,1428743825
edinburghrugby,munsterrugby,1428743843
edinburghrugby,glasgowwarriors,1428751411
edinburghrugby,glasgowwarriors,1428751614
edinburghrugby,munsterrugby,1428751764
edinburghrugby,munsterrugby,1428751769
edinburghrugby,glasgowwarriors,1428752438
ulsterrugby,connachtrugby,1428760181
edinburghrugby,munsterrugby,1428760444
scarlets_rugby,zebrerugby,1428762187
scarlets_rugby,zebrerugby,1428762277
zebrerugby,scarlets_rugby,1428763393
zebrerugby,scarlets_rugby,1428763499
scarlets_rugby,zebrerugby,1428764163
zebrerugby,scarlets_rugby,1428764382
ulsterrugby,connachtrugby,1428764387
scarlets_rugby,zebrerugby,1428764399
zebrerugby,scarlets_rugby,1428764667
zebrerugby,scarlets_rugby,1428764842
scarlets_rugby,zebrerugby,1428764902
zebrerugby,scarlets_rugby,1428764985
edinburghrugby,munsterrugby,1428765020
scarlets_rugby,zebrerugby,1428765043
scarlets_rugby,zebrerugby,1428765242
scarlets_rugby,zebrerugby,1428765568
zebrerugby,scarlets_rugby,1428765755
scarlets_rugby,zebrerugby,1428765791
scarlets_rugby,zebrerugby,1428765997
scarlets_rugby,zebrerugby,1428766482
scarlets_rugby,zebrerugby,1428766844
scarlets_rugby,zebrerugby,1428766886
zebrerugby,scarlets_rugby,1428766890
scarlets_rugby,zebrerugby,1428766952
scarlets_rugby,zebrerugby,1428767264
zebrerugby,scarlets_rugby,1428767849
scarlets_rugby,zebrerugby,1428768303
scarlets_rugby,zebrerugby,1428768357
scarlets_rugby,zebrerugby,1428768703
scarlets_rugby,zebrerugby,1428768947
zebrerugby,scarlets_rugby,1428769377
zebrerugby,scarlets_rugby,1428769656
scarlets_rugby,zebrerugby,1428769916
scarlets_rugby,zebrerugby,1428770061
scarlets_rugby,zebrerugby,1428770125
scarlets_rugby,zebrerugby,1428770417
scarlets_rugby,zebrerugby,1428770637
zebrerugby,scarlets_rugby,1428770891
scarlets_rugby,zebrerugby,1428770916
scarlets_rugby,zebrerugby,1428771112
zebrerugby,scarlets_rugby,1428771266
scarlets_rugby,zebrerugby,1428773525
zebrerugby,scarlets_rugby,1428776192
munsterrugby,edinburghrugby,1428778306
ospreys,glasgowwarriors,1428779000
edinburghrugby,munsterrugby,1428781164
munsterrugby,edinburghrugby,1428787672
dragonsrugby,leinsterrugby,1428836333
dragonsrugby,leinsterrugby,1428836351
dragonsrugby,leinsterrugby,1428836369
dragonsrugby,leinsterrugby,1428836508
leinsterrugby,dragonsrugby,1428839862
scarlets_rugby,cardiff_blues,1428843739
ospreys,glasgowwarriors,1428847275
ulsterrugby,munsterrugby,1428850457
dragonsrugby,leinsterrugby,1428864453
dragonsrugby,edinburghrugby,1428864453
dragonsrugby,edinburghrugby,1428864502
edinburghrugby,leinsterrugby,1428865572
edinburghrugby,dragonsrugby,1428865572
ospreys,dragonsrugby,1428865579
ospreys,dragonsrugby,1428865609
ospreys,dragonsrugby,1428865609
ospreys,dragonsrugby,1428865609
ospreys,leinsterrugby,1428865619
ospreys,dragonsrugby,1428865619
ospreys,dragonsrugby,1428865642
ospreys,dragonsrugby,1428865655
ospreys,dragonsrugby,1428865667
ulsterrugby,leinsterrugby,1428866395
ulsterrugby,dragonsrugby,1428866395
dragonsrugby,leinsterrugby,1428869492
ulsterrugby,glasgowwarriors,1428872797
zebrerugby,scarlets_rugby,1428920758
zebrerugby,scarlets_rugby,1428921044
scarlets_rugby,zebrerugby,1428921596
zebrerugby,scarlets_rugby,1428921630
scarlets_rugby,dragonsrugby,1428923121
scarlets_rugby,dragonsrugby,1428923155
scarlets_rugby,cardiff_blues,1428923406
scarlets_rugby,cardiff_blues,1428923464
zebrerugby,scarlets_rugby,1428926004
dragonsrugby,edinburghrugby,1428933999
connachtrugby,glasgowwarriors,1428945636
edinburghrugby,dragonsrugby,1428953121
edinburghrugby,dragonsrugby,1429013498
edinburghrugby,dragonsrugby,1429025257
edinburghrugby,dragonsrugby,1429033846
edinburghrugby,dragonsrugby,1429036048
edinburghrugby,glasgowwarriors,1429047699
edinburghrugby,dragonsrugby,1429086566
edinburghrugby,dragonsrugby,1429086572
dragonsrugby,edinburghrugby,1429090960
dragonsrugby,cardiff_blues,1429093272
dragonsrugby,ospreys,1429093272
dragonsrugby,scarlets_rugby,1429093272
dragonsrugby,edinburghrugby,1429093311
edinburghrugby,dragonsrugby,1429101705
leinsterrugby,ulsterrugby,1429102279
edinburghrugby,dragonsrugby,1429102306
dragonsrugby,edinburghrugby,1429106284
dragonsrugby,edinburghrugby,1429106449
ospreys,glasgowwarriors,1429120486
ospreys,glasgowwarriors,1429125960
edinburghrugby,dragonsrugby,1429135777
edinburghrugby,glasgowwarriors,1429140252
edinburghrugby,dragonsrugby,1429140252
edinburghrugby,glasgowwarriors,1429140265
edinburghrugby,dragonsrugby,1429140265
dragonsrugby,edinburghrugby,1429185524
dragonsrugby,edinburghrugby,1429185919
edinburghrugby,dragonsrugby,1429197777
edinburghrugby,dragonsrugby,1429197785
edinburghrugby,dragonsrugby,1429197793
edinburghrugby,dragonsrugby,1429197802
edinburghrugby,dragonsrugby,1429198111
edinburghrugby,dragonsrugby,1429199206
dragonsrugby,cardiff_blues,1429201717
munsterrugby,ulsterrugby,1429210115
leinsterrugby,connachtrugby,1429212927
leinsterrugby,munsterrugby,1429212967
leinsterrugby,ulsterrugby,1429212967
dragonsrugby,edinburghrugby,1429222801
dragonsrugby,edinburghrugby,1429256801
edinburghrugby,dragonsrugby,1429258579
edinburghrugby,dragonsrugby,1429259426
edinburghrugby,glasgowwarriors,1429259532
ulsterrugby,munsterrugby,1429261740
ulsterrugby,connachtrugby,1429261740
ulsterrugby,leinsterrugby,1429263410
ulsterrugby,munsterrugby,1429263410
edinburghrugby,glasgowwarriors,1429272544
edinburghrugby,dragonsrugby,1429272584
edinburghrugby,dragonsrugby,1429274044
edinburghrugby,glasgowwarriors,1429274415
dragonsrugby,edinburghrugby,1429274454
edinburghrugby,glasgowwarriors,1429276218
edinburghrugby,glasgowwarriors,1429279245
edinburghrugby,dragonsrugby,1429279245
edinburghrugby,glasgowwarriors,1429279276
edinburghrugby,dragonsrugby,1429279276
edinburghrugby,glasgowwarriors,1429279346
edinburghrugby,glasgowwarriors,1429280500
edinburghrugby,glasgowwarriors,1429280617
edinburghrugby,dragonsrugby,1429280617
scarlets_rugby,dragonsrugby,1429282651
dragonsrugby,edinburghrugby,1429282787
dragonsrugby,scarlets_rugby,1429282815
edinburghrugby,dragonsrugby,1429285330
edinburghrugby,glasgowwarriors,1429286498
edinburghrugby,glasgowwarriors,1429287492
edinburghrugby,dragonsrugby,1429287838
cardiff_blues,dragonsrugby,1429291822
edinburghrugby,dragonsrugby,1429293625
edinburghrugby,dragonsrugby,1429296985
dragonsrugby,edinburghrugby,1429297625
edinburghrugby,glasgowwarriors,1429298905
edinburghrugby,dragonsrugby,1429298920
edinburghrugby,dragonsrugby,1429298985
ospreys,dragonsrugby,1429299064
edinburghrugby,dragonsrugby,1429299065
edinburghrugby,dragonsrugby,1429299077
dragonsrugby,edinburghrugby,1429299549
edinburghrugby,dragonsrugby,1429356137
leinsterrugby,munsterrugby,1429437604
munsterrugby,leinsterrugby,1429438085
leinsterrugby,munsterrugby,1429438152
leinsterrugby,munsterrugby,1429438190
ulsterrugby,leinsterrugby,1429438516
connachtrugby,leinsterrugby,1429442336
edinburghrugby,zebrerugby,1429467186
zebrerugby,edinburghrugby,1429520796
zebrerugby,edinburghrugby,1429522517
connachtrugby,glasgowwarriors,1429522915
benettonrugby,zebrerugby,1429530695
scarlets_rugby,dragonsrugby,1429536966
edinburghrugby,zebrerugby,1429545923
zebrerugby,edinburghrugby,1429546184
ospreys,connachtrugby,1429561228
zebrerugby,edinburghrugby,1429606989
benettonrugby,munsterrugby,1429621281
zebrerugby,edinburghrugby,1429621813
scarlets_rugby,cardiff_blues,1429627924
edinburghrugby,zebrerugby,1429703031
zebrerugby,edinburghrugby,1429704847
ulsterrugby,edinburghrugby,1429705211
zebrerugby,edinburghrugby,1429722130
ospreys,cardiff_blues,1429743307
ospreys,glasgowwarriors,1429743344
scarlets_rugby,cardiff_blues,1429787885
ulsterrugby,leinsterrugby,1429790168
leinsterrugby,ulsterrugby,1429790414
zebrerugby,edinburghrugby,1429790524
leinsterrugby,ulsterrugby,1429791526
zebrerugby,edinburghrugby,1429791774
leinsterrugby,ulsterrugby,1429791854
ulsterrugby,leinsterrugby,1429794943
scarlets_rugby,cardiff_blues,1429798707
zebrerugby,edinburghrugby,1429803319
ospreys,scarlets_rugby,1429804668
ospreys,dragonsrugby,1429804668
connachtrugby,glasgowwarriors,1429810283
scarlets_rugby,ospreys,1429815216
scarlets_rugby,dragonsrugby,1429815216
ospreys,glasgowwarriors,1429821694
ulsterrugby,connachtrugby,1429825020
dragonsrugby,ospreys,1429829201
dragonsrugby,scarlets_rugby,1429829201
scarlets_rugby,dragonsrugby,1429860519
scarlets_rugby,dragonsrugby,1429865844
scarlets_rugby,dragonsrugby,1429865941
munsterrugby,connachtrugby,1429866872
edinburghrugby,zebrerugby,1429867590
zebrerugby,edinburghrugby,1429870983
zebrerugby,edinburghrugby,1429872643
zebrerugby,edinburghrugby,1429872652
zebrerugby,edinburghrugby,1429874466
ulsterrugby,leinsterrugby,1429875272
connachtrugby,glasgowwarriors,1429876064
ospreys,cardiff_blues,1429876804
scarlets_rugby,dragonsrugby,1429876909
scarlets_rugby,dragonsrugby,1429876956
ulsterrugby,leinsterrugby,1429877207
leinsterrugby,ulsterrugby,1429878917
scarlets_rugby,ospreys,1429882135
ulsterrugby,leinsterrugby,1429885604
edinburghrugby,zebrerugby,1429891577
scarlets_rugby,ospreys,1429891618
scarlets_rugby,dragonsrugby,1429891618
ulsterrugby,leinsterrugby,1429901295
ulsterrugby,leinsterrugby,1429901341
ulsterrugby,leinsterrugby,1429904055
zebrerugby,edinburghrugby,1429904201
ulsterrugby,leinsterrugby,1429904504
zebrerugby,edinburghrugby,1429904528
ulsterrugby,leinsterrugby,1429904711
ulsterrugby,leinsterrugby,1429905052
ospreys,cardiff_blues,1429905074
ospreys,scarlets_rugby,1429905074
ospreys,dragonsrugby,1429905074
ulsterrugby,leinsterrugby,1429905226
zebrerugby,edinburghrugby,1429905409
ulsterrugby,leinsterrugby,1429905676
dragonsrugby,scarlets_rugby,1429905961
ulsterrugby,leinsterrugby,1429905996
edinburghrugby,zebrerugby,1429906555
ulsterrugby,leinsterrugby,1429906621
ulsterrugby,leinsterrugby,1429906779
ulsterrugby,leinsterrugby,1429906796
ulsterrugby,leinsterrugby,1429906811
ulsterrugby,leinsterrugby,1429906890
ulsterrugby,leinsterrugby,1429908082
edinburghrugby,zebrerugby,1429908143
ulsterrugby,leinsterrugby,1429908269
ulsterrugby,leinsterrugby,1429909390
ulsterrugby,leinsterrugby,1429909568
ulsterrugby,leinsterrugby,1429909804
zebrerugby,edinburghrugby,1429909990
ulsterrugby,leinsterrugby,1429910049
ulsterrugby,leinsterrugby,1429910239
edinburghrugby,zebrerugby,1429910286
leinsterrugby,ulsterrugby,1429910554
ulsterrugby,leinsterrugby,1429910576
ulsterrugby,leinsterrugby,1429916792
ulsterrugby,leinsterrugby,1429917049
munsterrugby,benettonrugby,1429956959
connachtrugby,glasgowwarriors,1429957932
benettonrugby,munsterrugby,1429973148
benettonrugby,munsterrugby,1429973178
benettonrugby,munsterrugby,1429974131
benettonrugby,munsterrugby,1429975431
benettonrugby,munsterrugby,1429975743
benettonrugby,munsterrugby,1429977182
scarlets_rugby,dragonsrugby,1429977482
dragonsrugby,scarlets_rugby,1429978148
scarlets_rugby,dragonsrugby,1429978925
scarlets_rugby,dragonsrugby,1429978956
scarlets_rugby,dragonsrugby,1429980846
munsterrugby,ulsterrugby,1429981437
scarlets_rugby,dragonsrugby,1429981469
scarlets_rugby,dragonsrugby,1429981531
scarlets_rugby,dragonsrugby,1429982052
benettonrugby,munsterrugby,1429982208
scarlets_rugby,dragonsrugby,1429982969
scarlets_rugby,dragonsrugby,1429983001
scarlets_rugby,dragonsrugby,1429983232
scarlets_rugby,dragonsrugby,1429984110
scarlets_rugby,dragonsrugby,1429984961
cardiff_blues,ospreys,1429985622
cardiff_blues,dragonsrugby,1429985622
scarlets_rugby,dragonsrugby,1429986721
scarlets_rugby,dragonsrugby,1429987810
ospreys,scarlets_rugby,1429991129
ospreys,cardiff_blues,1429991151
ospreys,scarlets_rugby,1429991151
ospreys,dragonsrugby,1429991151
ospreys,scarlets_rugby,1429991210
ospreys,cardiff_blues,1430000012
scarlets_rugby,cardiff_blues,1430002859
scarlets_rugby,cardiff_blues,1430002920
ospreys,glasgowwarriors,1430003837
ospreys,scarlets_rugby,1430004222
ospreys,glasgowwarriors,1430043933
scarlets_rugby,cardiff_blues,1430064015
benettonrugby,ulsterrugby,1430076389
ulsterrugby,leinsterrugby,1430078083
zebrerugby,edinburghrugby,1430135435
zebrerugby,edinburghrugby,1430140002
dragonsrugby,edinburghrugby,1430141247
benettonrugby,zebrerugby,1430146914
zebrerugby,benettonrugby,1430152106
scarlets_rugby,cardiff_blues,1430152451
scarlets_rugby,cardiff_blues,1430152507
benettonrugby,zebrerugby,1430166055
scarlets_rugby,cardiff_blues,1430202126
benettonrugby,zebrerugby,1430212163
scarlets_rugby,cardiff_blues,1430219284
scarlets_rugby,cardiff_blues,1430219467
zebrerugby,benettonrugby,1430224041
scarlets_rugby,cardiff_blues,1430236083
ospreys,glasgowwarriors,1430253032
munsterrugby,ulsterrugby,1430304573
ulsterrugby,glasgowwarriors,1430305146
munsterrugby,ulsterrugby,1430323517
munsterrugby,ulsterrugby,1430325661
ospreys,cardiff_blues,1430327950
scarlets_rugby,glasgowwarriors,1430333336
scarlets_rugby,cardiff_blues,1430395797
scarlets_rugby,cardiff_blues,1430406309
scarlets_rugby,cardiff_blues,1430406312
benettonrugby,leinsterrugby,1430411655
ospreys,glasgowwarriors,1430415509
edinburghrugby,glasgowwarriors,1430418492
edinburghrugby,glasgowwarriors,1430418952
scarlets_rugby,cardiff_blues,1430475983
ospreys,glasgowwarriors,1430476853
scarlets_rugby,cardiff_blues,1430478365
scarlets_rugby,cardiff_blues,1430478425
ulsterrugby,glasgowwarriors,1430483011
ulsterrugby,glasgowwarriors,1430498998
leinsterrugby,edinburghrugby,1430500205
ospreys,glasgowwarriors,1430502607
scarlets_rugby,cardiff_blues,1430508268
scarlets_rugby,cardiff_blues,1430508331
leinsterrugby,edinburghrugby,1430518024
ulsterrugby,munsterrugby,1430580005
scarlets_rugby,cardiff_blues,1430667684
scarlets_rugby,cardiff_blues,1430668167
ospreys,cardiff_blues,1430681458
ospreys,glasgowwarriors,1430724067
scarlets_rugby,cardiff_blues,1430735706
scarlets_rugby,cardiff_blues,1430735766
ospreys,glasgowwarriors,1430741693
cardiff_blues,zebrerugby,1430741918
scarlets_rugby,cardiff_blues,1430744164
zebrerugby,connachtrugby,1430745821
ospreys,glasgowwarriors,1430777493
scarlets_rugby,cardiff_blues,1430827309
ospreys,glasgowwarriors,1430827679
ospreys,munsterrugby,1430827689
ospreys,ulsterrugby,1430827689
ospreys,glasgowwarriors,1430827689
zebrerugby,connachtrugby,1430829306
benettonrugby,leinsterrugby,1430836634
zebrerugby,connachtrugby,1430839739
ulsterrugby,munsterrugby,1430840698
ospreys,glasgowwarriors,1430842014
ospreys,glasgowwarriors,1430848690
ospreys,glasgowwarriors,1430853326
ulsterrugby,munsterrugby,1430856961
scarlets_rugby,cardiff_blues,1430860171
ospreys,glasgowwarriors,1430907907
zebrerugby,benettonrugby,1430915728
dragonsrugby,edinburghrugby,1430917079
scarlets_rugby,cardiff_blues,1430928786
ospreys,glasgowwarriors,1430932604
ospreys,glasgowwarriors,1430935102
ospreys,glasgowwarriors,1430951780
dragonsrugby,edinburghrugby,1430988396
scarlets_rugby,cardiff_blues,1430992472
benettonrugby,leinsterrugby,1430998753
ospreys,glasgowwarriors,1430999775
ospreys,glasgowwarriors,1430999949
leinsterrugby,benettonrugby,1431000149
benettonrugby,leinsterrugby,1431000262
benettonrugby,zebrerugby,1431000918
zebrerugby,connachtrugby,1431006103
ospreys,glasgowwarriors,1431010397
scarlets_rugby,cardiff_blues,1431016085
scarlets_rugby,cardiff_blues,1431016086
ospreys,glasgowwarriors,1431018319
ulsterrugby,munsterrugby,1431030638
connachtrugby,zebrerugby,1431069452
ospreys,glasgowwarriors,1431069827
zebrerugby,connachtrugby,1431082267
dragonsrugby,edinburghrugby,1431083779
scarlets_rugby,cardiff_blues,1431083944
scarlets_rugby,cardiff_blues,1431084065
ulsterrugby,munsterrugby,1431086334
scarlets_rugby,cardiff_blues,1431086408
ulsterrugby,munsterrugby,1431086775
cardiff_blues,scarlets_rugby,1431086805
zebrerugby,connachtrugby,1431087005
zebrerugby,connachtrugby,1431087931
dragonsrugby,edinburghrugby,1431089317
scarlets_rugby,cardiff_blues,1431094494
edinburghrugby,glasgowwarriors,1431096024
edinburghrugby,dragonsrugby,1431097601
edinburghrugby,glasgowwarriors,1431099772
ospreys,glasgowwarriors,1431099930
ospreys,cardiff_blues,1431099934
ospreys,scarlets_rugby,1431099934
ospreys,dragonsrugby,1431099934
dragonsrugby,cardiff_blues,1431099989
dragonsrugby,ospreys,1431099989
dragonsrugby,scarlets_rugby,1431099989
ospreys,glasgowwarriors,1431099996
edinburghrugby,dragonsrugby,1431101388
edinburghrugby,glasgowwarriors,1431101476
dragonsrugby,edinburghrugby,1431102849
ulsterrugby,munsterrugby,1431106752
benettonrugby,leinsterrugby,1431112084
ospreys,glasgowwarriors,1431112917
ospreys,glasgowwarriors,1431114632
benettonrugby,leinsterrugby,1431120494
scarlets_rugby,cardiff_blues,1431156766
ospreys,glasgowwarriors,1431162452
munsterrugby,ulsterrugby,1431165198
ulsterrugby,munsterrugby,1431177375
scarlets_rugby,cardiff_blues,1431179947
scarlets_rugby,cardiff_blues,1431180004
zebrerugby,connachtrugby,1431181790
zebrerugby,connachtrugby,1431181887
ulsterrugby,munsterrugby,1431182035
munsterrugby,ulsterrugby,1431182251
ulsterrugby,munsterrugby,1431182340
ulsterrugby,munsterrugby,1431182351
ulsterrugby,munsterrugby,1431182667
ulsterrugby,munsterrugby,1431182845
ulsterrugby,munsterrugby,1431183360
ulsterrugby,munsterrugby,1431183800
ulsterrugby,munsterrugby,1431184773
ulsterrugby,munsterrugby,1431184821
ulsterrugby,munsterrugby,1431185082
ulsterrugby,munsterrugby,1431185194
ulsterrugby,munsterrugby,1431185248
ulsterrugby,munsterrugby,1431185427
ulsterrugby,munsterrugby,1431186099
ulsterrugby,munsterrugby,1431186847
ulsterrugby,munsterrugby,1431186998
ulsterrugby,munsterrugby,1431190215
zebrerugby,connachtrugby,1431193134
zebrerugby,connachtrugby,1431193562
zebrerugby,connachtrugby,1431194184
zebrerugby,connachtrugby,1431194406
zebrerugby,connachtrugby,1431195737
zebrerugby,connachtrugby,1431196628
ulsterrugby,leinsterrugby,1431197472
zebrerugby,connachtrugby,1431198506
zebrerugby,connachtrugby,1431199093
zebrerugby,connachtrugby,1431199475
zebrerugby,connachtrugby,1431199788
zebrerugby,connachtrugby,1431200369
ulsterrugby,munsterrugby,1431207886
munsterrugby,dragonsrugby,1431251162
ulsterrugby,munsterrugby,1431264461
cardiff_blues,scarlets_rugby,1431273569
scarlets_rugby,cardiff_blues,1431274463
scarlets_rugby,ospreys,1431274463
scarlets_rugby,cardiff_blues,1431275030
cardiff_blues,scarlets_rugby,1431275207
scarlets_rugby,cardiff_blues,1431275377
ospreys,cardiff_blues,1431275594
ospreys,scarlets_rugby,1431275594
ospreys,cardiff_blues,1431275627
ospreys,scarlets_rugby,1431275627
scarlets_rugby,cardiff_blues,1431275808
scarlets_rugby,cardiff_blues,1431276392
scarlets_rugby,cardiff_blues,1431276571
cardiff_blues,scarlets_rugby,1431277292
scarlets_rugby,cardiff_blues,1431277445
scarlets_rugby,cardiff_blues,1431277482
scarlets_rugby,cardiff_blues,1431278561
scarlets_rugby,cardiff_blues,1431279124
scarlets_rugby,cardiff_blues,1431279145
scarlets_rugby,cardiff_blues,1431280133
scarlets_rugby,cardiff_blues,1431282305
ulsterrugby,munsterrugby,1431285822
benettonrugby,scarlets_rugby,1431334171
scarlets_rugby,cardiff_blues,1431344675
scarlets_rugby,cardiff_blues,1431344730
edinburghrugby,leinsterrugby,1431353920
benettonrugby,zebrerugby,1431354244
ulsterrugby,munsterrugby,1431356586
edinburghrugby,leinsterrugby,1431357221
zebrerugby,cardiff_blues,1431431417
edinburghrugby,leinsterrugby,1431444430
ospreys,connachtrugby,1431445128
ospreys,munsterrugby,1431445314
edinburghrugby,leinsterrugby,1431447442
benettonrugby,scarlets_rugby,1431448740
zebrerugby,cardiff_blues,1431462218
zebrerugby,cardiff_blues,1431510649
scarlets_rugby,cardiff_blues,1431515471
scarlets_rugby,cardiff_blues,1431515475
munsterrugby,dragonsrugby,1431516093
ospreys,connachtrugby,1431528066
munsterrugby,dragonsrugby,1431528928
edinburghrugby,leinsterrugby,1431551156
connachtrugby,ospreys,1431600541
zebrerugby,cardiff_blues,1431600779
zebrerugby,cardiff_blues,1431628728
ospreys,connachtrugby,1431630850
edinburghrugby,leinsterrugby,1431683263
zebrerugby,cardiff_blues,1431685405
zebrerugby,cardiff_blues,1431688820
edinburghrugby,leinsterrugby,1431688972
ospreys,connachtrugby,1431689212
leinsterrugby,edinburghrugby,1431689848
leinsterrugby,edinburghrugby,1431690079
ospreys,connachtrugby,1431691334
ulsterrugby,glasgowwarriors,1431691543
ospreys,connachtrugby,1431710490
edinburghrugby,leinsterrugby,1431713098
edinburghrugby,leinsterrugby,1431714524
ospreys,connachtrugby,1431718060
zebrerugby,cardiff_blues,1431722531
ospreys,connachtrugby,1431723442
ospreys,connachtrugby,1431723663
munsterrugby,dragonsrugby,1431768241
scarlets_rugby,benettonrugby,1431769261
connachtrugby,ospreys,1431775706
cardiff_blues,zebrerugby,1431776379
edinburghrugby,leinsterrugby,1431779163
zebrerugby,cardiff_blues,1431780783
zebrerugby,cardiff_blues,1431780937
leinsterrugby,edinburghrugby,1431781106
ospreys,connachtrugby,1431784056
ospreys,connachtrugby,1431786304
zebrerugby,cardiff_blues,1431787795
zebrerugby,cardiff_blues,1431788384
leinsterrugby,edinburghrugby,1431788484
ulsterrugby,glasgowwarriors,1431788842
edinburghrugby,leinsterrugby,1431788898
edinburghrugby,glasgowwarriors,1431788963
edinburghrugby,leinsterrugby,1431789238
scarlets_rugby,benettonrugby,1431789317
edinburghrugby,leinsterrugby,1431789395
scarlets_rugby,benettonrugby,1431789761
scarlets_rugby,benettonrugby,1431790216
scarlets_rugby,benettonrugby,1431790382
edinburghrugby,leinsterrugby,1431790390
zebrerugby,cardiff_blues,1431790428
edinburghrugby,leinsterrugby,1431790944
scarlets_rugby,benettonrugby,1431791063
ulsterrugby,glasgowwarriors,1431791936
ulsterrugby,glasgowwarriors,1431793107
scarlets_rugby,benettonrugby,1431793259
scarlets_rugby,benettonrugby,1431793332
ulsterrugby,glasgowwarriors,1431793476
scarlets_rugby,benettonrugby,1431793825
zebrerugby,cardiff_blues,1431793846
ulsterrugby,glasgowwarriors,1431794408
scarlets_rugby,benettonrugby,1431794564
edinburghrugby,leinsterrugby,1431794653
ulsterrugby,glasgowwarriors,1431794981
ulsterrugby,glasgowwarriors,1431795034
munsterrugby,ospreys,1431795047
benettonrugby,scarlets_rugby,1431795904
benettonrugby,leinsterrugby,1431796084
benettonrugby,scarlets_rugby,1431796084
benettonrugby,zebrerugby,1431798518
edinburghrugby,glasgowwarriors,1431799983
munsterrugby,dragonsrugby,1431800220
ulsterrugby,glasgowwarriors,1431805636
zebrerugby,cardiff_blues,1431870583
zebrerugby,dragonsrugby,1431870583
zebrerugby,edinburghrugby,1431870583
zebrerugby,cardiff_blues,1431884867
zebrerugby,benettonrugby,1431887723
benettonrugby,zebrerugby,1431887893
benettonrugby,zebrerugby,1431889164
scarlets_rugby,edinburghrugby,1431893159
leinsterrugby,glasgowwarriors,1431893874
connachtrugby,ulsterrugby,1431900524
connachtrugby,glasgowwarriors,1431900524
connachtrugby,ospreys,1431900524
ospreys,ulsterrugby,1431904076
ospreys,glasgowwarriors,1431904076
ospreys,munsterrugby,1431961821
benettonrugby,zebrerugby,1431966776
ulsterrugby,glasgowwarriors,1432027409
benettonrugby,zebrerugby,1432027875
zebrerugby,benettonrugby,1432030565
ospreys,munsterrugby,1432070630
ospreys,munsterrugby,1432125330
edinburghrugby,glasgowwarriors,1432210879
edinburghrugby,glasgowwarriors,1432211063
ulsterrugby,glasgowwarriors,1432230373
ulsterrugby,glasgowwarriors,1432239556
edinburghrugby,glasgowwarriors,1432293347
edinburghrugby,glasgowwarriors,1432293382
ospreys,munsterrugby,1432293868
ospreys,munsterrugby,1432294088
ospreys,munsterrugby,1432296976
ospreys,munsterrugby,1432312141
ospreys,munsterrugby,1432312145
ulsterrugby,glasgowwarriors,1432317132
ulsterrugby,glasgowwarriors,1432318756
zebrerugby,ulsterrugby,1432324668
zebrerugby,glasgowwarriors,1432324668
edinburghrugby,glasgowwarriors,1432328791
edinburghrugby,glasgowwarriors,1432328801
edinburghrugby,glasgowwarriors,1432328821
munsterrugby,ulsterrugby,1432330539
munsterrugby,glasgowwarriors,1432330539
munsterrugby,ospreys,1432330539
edinburghrugby,glasgowwarriors,1432331999
edinburghrugby,glasgowwarriors,1432332022
edinburghrugby,ulsterrugby,1432332034
edinburghrugby,glasgowwarriors,1432332034
edinburghrugby,glasgowwarriors,1432332038
edinburghrugby,glasgowwarriors,1432332044
edinburghrugby,glasgowwarriors,1432332050
edinburghrugby,glasgowwarriors,1432332053
edinburghrugby,glasgowwarriors,1432332058
edinburghrugby,glasgowwarriors,1432332066
ulsterrugby,glasgowwarriors,1432332853
ulsterrugby,glasgowwarriors,1432338013
edinburghrugby,glasgowwarriors,1432343711
edinburghrugby,glasgowwarriors,1432343725
edinburghrugby,glasgowwarriors,1432343752
edinburghrugby,glasgowwarriors,1432343778
edinburghrugby,glasgowwarriors,1432343793
edinburghrugby,glasgowwarriors,1432343802
ospreys,munsterrugby,1432375100
ospreys,munsterrugby,1432378828
ospreys,cardiff_blues,1432388814
munsterrugby,ospreys,1432390085
ospreys,munsterrugby,1432392395
scarlets_rugby,zebrerugby,1432411207
munsterrugby,ospreys,1432412282
scarlets_rugby,dragonsrugby,1432413895
ospreys,munsterrugby,1432415865
ospreys,glasgowwarriors,1432415865
ospreys,munsterrugby,1432417560
zebrerugby,munsterrugby,1432458594
zebrerugby,ospreys,1432458594
zebrerugby,ulsterrugby,1432458739
zebrerugby,glasgowwarriors,1432458739
zebrerugby,connachtrugby,1432458801
zebrerugby,connachtrugby,1432491429
edinburghrugby,ulsterrugby,1432625756
edinburghrugby,glasgowwarriors,1432625756
leinsterrugby,connachtrugby,1432721039
glasgowwarriors,munsterrugby,1432740062
glasgowwarriors,munsterrugby,1432743803
glasgowwarriors,munsterrugby,1432744547
leinsterrugby,munsterrugby,1432755482
glasgowwarriors,munsterrugby,1432813588
glasgowwarriors,munsterrugby,1432824592
glasgowwarriors,munsterrugby,1432827953
glasgowwarriors,munsterrugby,1432832437
glasgowwarriors,munsterrugby,1432845319
glasgowwarriors,munsterrugby,1432851517
glasgowwarriors,munsterrugby,1432895518
glasgowwarriors,munsterrugby,1432903073
glasgowwarriors,munsterrugby,1432909770
glasgowwarriors,munsterrugby,1432909875
glasgowwarriors,ulsterrugby,1432909875
glasgowwarriors,edinburghrugby,1432910342
glasgowwarriors,munsterrugby,1432911802
glasgowwarriors,ulsterrugby,1432911802
glasgowwarriors,munsterrugby,1432916926
edinburghrugby,glasgowwarriors,1432917610
ulsterrugby,munsterrugby,1432926780
ulsterrugby,glasgowwarriors,1432926780
glasgowwarriors,munsterrugby,1432928910
glasgowwarriors,ulsterrugby,1432928910
glasgowwarriors,munsterrugby,1432929130
glasgowwarriors,munsterrugby,1432941367
glasgowwarriors,munsterrugby,1432976415
glasgowwarriors,munsterrugby,1432978535
glasgowwarriors,munsterrugby,1432979731
glasgowwarriors,munsterrugby,1432981877
glasgowwarriors,munsterrugby,1432981879
edinburghrugby,glasgowwarriors,1432984001
glasgowwarriors,edinburghrugby,1432984018
ulsterrugby,munsterrugby,1432988278
ulsterrugby,glasgowwarriors,1432988278
ulsterrugby,munsterrugby,1432988353
ulsterrugby,glasgowwarriors,1432988353
glasgowwarriors,munsterrugby,1432991633
glasgowwarriors,munsterrugby,1432993174
glasgowwarriors,ulsterrugby,1432993344
glasgowwarriors,munsterrugby,1432999691
glasgowwarriors,munsterrugby,1433001453
glasgowwarriors,munsterrugby,1433001479
connachtrugby,munsterrugby,1433002732
zebrerugby,munsterrugby,1433003003
zebrerugby,glasgowwarriors,1433003003
munsterrugby,connachtrugby,1433004131
leinsterrugby,munsterrugby,1433007015
glasgowwarriors,munsterrugby,1433010362
glasgowwarriors,munsterrugby,1433010613
scarlets_rugby,ospreys,1433014358
leinsterrugby,munsterrugby,1433017367
leinsterrugby,glasgowwarriors,1433017367
leinsterrugby,glasgowwarriors,1433017402
edinburghrugby,glasgowwarriors,1433017425
scarlets_rugby,munsterrugby,1433017430
scarlets_rugby,glasgowwarriors,1433017430
munsterrugby,glasgowwarriors,1433017661
ulsterrugby,glasgowwarriors,1433017894
ulsterrugby,munsterrugby,1433020225
ulsterrugby,glasgowwarriors,1433020225
zebrerugby,glasgowwarriors,1433024903
cardiff_blues,dragonsrugby,1433327732
dragonsrugby,cardiff_blues,1433327797
cardiff_blues,dragonsrugby,1433327860
cardiff_blues,dragonsrugby,1433327981
edinburghrugby,glasgowwarriors,1433505611
benettonrugby,ospreys,1433509955
zebrerugby,connachtrugby,1433667405
ulsterrugby,leinsterrugby,1433765794
leinsterrugby,ulsterrugby,1433766333
ulsterrugby,leinsterrugby,1433766804
leinsterrugby,ulsterrugby,1433767888
scarlets_rugby,dragonsrugby,1434456244
scarlets_rugby,dragonsrugby,1434456246
dragonsrugby,scarlets_rugby,1434456445
edinburghrugby,connachtrugby,1434547498
benettonrugby,munsterrugby,1434549410
glasgowwarriors,scarlets_rugby,1434549422
scarlets_rugby,glasgowwarriors,1434549436
scarlets_rugby,glasgowwarriors,1434549470
glasgowwarriors,scarlets_rugby,1434549516
benettonrugby,munsterrugby,1434549518
scarlets_rugby,glasgowwarriors,1434549518
benettonrugby,munsterrugby,1434549758
glasgowwarriors,scarlets_rugby,1434550269
glasgowwarriors,scarlets_rugby,1434550437
benettonrugby,munsterrugby,1434551796
scarlets_rugby,glasgowwarriors,1434553443
scarlets_rugby,glasgowwarriors,1434557884
glasgowwarriors,scarlets_rugby,1434580164
scarlets_rugby,glasgowwarriors,1434629445
glasgowwarriors,scarlets_rugby,1434631306
glasgowwarriors,scarlets_rugby,1434663464
scarlets_rugby,glasgowwarriors,1434697586
leinsterrugby,ulsterrugby,1435051660
cardiff_blues,dragonsrugby,1435669445
cardiff_blues,dragonsrugby,1435669516
cardiff_blues,dragonsrugby,1435675368
ospreys,cardiff_blues,1436269733
zebrerugby,benettonrugby,1436349972
dragonsrugby,cardiff_blues,1436442573
connachtrugby,munsterrugby,1436443290
munsterrugby,connachtrugby,1436444376
connachtrugby,ulsterrugby,1436450153
leinsterrugby,ulsterrugby,1436543555
ospreys,scarlets_rugby,1436573302
scarlets_rugby,ospreys,1436597173
ulsterrugby,munsterrugby,1436710845
connachtrugby,dragonsrugby,1436968996
ospreys,munsterrugby,1436969239
scarlets_rugby,ulsterrugby,1437050289
leinsterrugby,ulsterrugby,1437122727
connachtrugby,munsterrugby,1437143975
munsterrugby,ospreys,1437145056
munsterrugby,benettonrugby,1437145056
ospreys,ulsterrugby,1437145063
glasgowwarriors,scarlets_rugby,1437145184
ospreys,munsterrugby,1437145225
ospreys,benettonrugby,1437145225
ospreys,edinburghrugby,1437145225
ospreys,glasgowwarriors,1437145405
ospreys,connachtrugby,1437145405
ospreys,zebrerugby,1437145405
ospreys,cardiff_blues,1437145481
ospreys,scarlets_rugby,1437145481
dragonsrugby,connachtrugby,1437145481
ospreys,ulsterrugby,1437145511
ospreys,dragonsrugby,1437145511
glasgowwarriors,edinburghrugby,1437145559
scarlets_rugby,glasgowwarriors,1437145565
scarlets_rugby,glasgowwarriors,1437145567
glasgowwarriors,scarlets_rugby,1437145658
leinsterrugby,edinburghrugby,1437145712
connachtrugby,dragonsrugby,1437145829
edinburghrugby,leinsterrugby,1437145918
edinburghrugby,ulsterrugby,1437145918
edinburghrugby,connachtrugby,1437145918
edinburghrugby,benettonrugby,1437145918
edinburghrugby,zebrerugby,1437145918
leinsterrugby,munsterrugby,1437146625
leinsterrugby,connachtrugby,1437146625
zebrerugby,cardiff_blues,1437146809
zebrerugby,scarlets_rugby,1437147155
ospreys,ulsterrugby,1437147381
glasgowwarriors,scarlets_rugby,1437149166
glasgowwarriors,scarlets_rugby,1437149184
zebrerugby,cardiff_blues,1437157282
ospreys,cardiff_blues,1437166883
ospreys,scarlets_rugby,1437166883
scarlets_rugby,cardiff_blues,1437170667
scarlets_rugby,ospreys,1437170667
scarlets_rugby,cardiff_blues,1437210364
scarlets_rugby,ospreys,1437210364
scarlets_rugby,dragonsrugby,1437210364
scarlets_rugby,cardiff_blues,1437210366
scarlets_rugby,ospreys,1437210366
scarlets_rugby,dragonsrugby,1437210366
dragonsrugby,connachtrugby,1437384123
dragonsrugby,leinsterrugby,1437401464
scarlets_rugby,cardiff_blues,1437408726
cardiff_blues,scarlets_rugby,1437409081
benettonrugby,zebrerugby,1437470527
zebrerugby,benettonrugby,1437472029
zebrerugby,benettonrugby,1437472734
cardiff_blues,ospreys,1437492015
cardiff_blues,scarlets_rugby,1437492015
cardiff_blues,dragonsrugby,1437492015
benettonrugby,zebrerugby,1437510972
zebrerugby,benettonrugby,1437514713
glasgowwarriors,leinsterrugby,1437600488
edinburghrugby,ulsterrugby,1438083758
cardiff_blues,dragonsrugby,1438172528
cardiff_blues,dragonsrugby,1438172577
cardiff_blues,dragonsrugby,1438172655
dragonsrugby,cardiff_blues,1438173236
glasgowwarriors,leinsterrugby,1438179127
glasgowwarriors,ulsterrugby,1438179127
glasgowwarriors,edinburghrugby,1438179127
cardiff_blues,dragonsrugby,1438184508
munsterrugby,leinsterrugby,1438194965
leinsterrugby,munsterrugby,1438195188
leinsterrugby,munsterrugby,1438256130
cardiff_blues,dragonsrugby,1438527717
edinburghrugby,ulsterrugby,1438605331
munsterrugby,connachtrugby,1438710908
cardiff_blues,dragonsrugby,1438771521
ospreys,cardiff_blues,1438806736
ospreys,scarlets_rugby,1438806736
dragonsrugby,cardiff_blues,1438857959
dragonsrugby,cardiff_blues,1438936046
cardiff_blues,dragonsrugby,1438939348
glasgowwarriors,scarlets_rugby,1439021823
cardiff_blues,dragonsrugby,1439056875
benettonrugby,zebrerugby,1439120169
glasgowwarriors,zebrerugby,1439123429
munsterrugby,zebrerugby,1439124273
zebrerugby,munsterrugby,1439124914
scarlets_rugby,zebrerugby,1439125443
zebrerugby,scarlets_rugby,1439126420
connachtrugby,zebrerugby,1439127381
zebrerugby,connachtrugby,1439128147
cardiff_blues,zebrerugby,1439128842
zebrerugby,cardiff_blues,1439137744
edinburghrugby,zebrerugby,1439141175
zebrerugby,edinburghrugby,1439145103
glasgowwarriors,scarlets_rugby,1439199953
dragonsrugby,zebrerugby,1439200615
zebrerugby,dragonsrugby,1439201729
zebrerugby,glasgowwarriors,1439206936
glasgowwarriors,scarlets_rugby,1439227208
cardiff_blues,dragonsrugby,1439312545
ospreys,munsterrugby,1439316444
ospreys,cardiff_blues,1439316444
ospreys,connachtrugby,1439316444
ospreys,dragonsrugby,1439316444
ospreys,zebrerugby,1439316444
ospreys,scarlets_rugby,1439320245
leinsterrugby,ulsterrugby,1439330963
leinsterrugby,glasgowwarriors,1439330963
leinsterrugby,cardiff_blues,1439330963
leinsterrugby,scarlets_rugby,1439330963
leinsterrugby,dragonsrugby,1439330963
ulsterrugby,zebrerugby,1439367865
zebrerugby,ulsterrugby,1439368670
connachtrugby,munsterrugby,1439477199
cardiff_blues,dragonsrugby,1439487067
ospreys,cardiff_blues,1439559004
munsterrugby,connachtrugby,1439564836
munsterrugby,connachtrugby,1439585500
ospreys,cardiff_blues,1439651152
scarlets_rugby,dragonsrugby,1439653205
scarlets_rugby,dragonsrugby,1439653312
scarlets_rugby,dragonsrugby,1439653485
cardiff_blues,ospreys,1439653820
cardiff_blues,dragonsrugby,1439653820
scarlets_rugby,dragonsrugby,1439654344
cardiff_blues,scarlets_rugby,1439654351
cardiff_blues,dragonsrugby,1439654351
dragonsrugby,ospreys,1439655006
ospreys,dragonsrugby,1439655081
cardiff_blues,ospreys,1439655181
cardiff_blues,dragonsrugby,1439655181
cardiff_blues,scarlets_rugby,1439656356
scarlets_rugby,cardiff_blues,1439657010
cardiff_blues,scarlets_rugby,1439657015
scarlets_rugby,cardiff_blues,1439657479
scarlets_rugby,cardiff_blues,1439657774
cardiff_blues,ospreys,1439658067
cardiff_blues,scarlets_rugby,1439658067
cardiff_blues,dragonsrugby,1439658105
scarlets_rugby,ospreys,1439658194
ospreys,scarlets_rugby,1439658562
ospreys,dragonsrugby,1439658562
scarlets_rugby,ospreys,1439658774
dragonsrugby,scarlets_rugby,1439658915
cardiff_blues,ospreys,1439659737
cardiff_blues,scarlets_rugby,1439659737
ospreys,scarlets_rugby,1439659928
ospreys,dragonsrugby,1439659928
edinburghrugby,ulsterrugby,1439741987
benettonrugby,zebrerugby,1439759826
connachtrugby,ulsterrugby,1439831119
dragonsrugby,ospreys,1439897581
cardiff_blues,dragonsrugby,1439904628
scarlets_rugby,cardiff_blues,1439908208
scarlets_rugby,cardiff_blues,1439908266
dragonsrugby,scarlets_rugby,1439914318
edinburghrugby,glasgowwarriors,1439934659
edinburghrugby,scarlets_rugby,1439973447
glasgowwarriors,edinburghrugby,1439980695
glasgowwarriors,edinburghrugby,1439981413
glasgowwarriors,edinburghrugby,1439984192
glasgowwarriors,edinburghrugby,1439985829
scarlets_rugby,ulsterrugby,1439985987
scarlets_rugby,ulsterrugby,1439986009
scarlets_rugby,ulsterrugby,1439986276
scarlets_rugby,ulsterrugby,1439986298
scarlets_rugby,ulsterrugby,1439986378
scarlets_rugby,ulsterrugby,1439986409
scarlets_rugby,ulsterrugby,1439986483
dragonsrugby,scarlets_rugby,1439993989
edinburghrugby,ulsterrugby,1440000501
dragonsrugby,ospreys,1440006009
scarlets_rugby,cardiff_blues,1440012079
scarlets_rugby,cardiff_blues,1440014240
scarlets_rugby,ulsterrugby,1440064016
scarlets_rugby,ulsterrugby,1440064028
scarlets_rugby,dragonsrugby,1440064046
ospreys,munsterrugby,1440066199
scarlets_rugby,dragonsrugby,1440067069
ospreys,dragonsrugby,1440069564
zebrerugby,benettonrugby,1440070237
scarlets_rugby,dragonsrugby,1440075015
scarlets_rugby,dragonsrugby,1440075016
benettonrugby,zebrerugby,1440075180
scarlets_rugby,dragonsrugby,1440076525
scarlets_rugby,dragonsrugby,1440076559
ulsterrugby,leinsterrugby,1440081972
connachtrugby,munsterrugby,1440088417
zebrerugby,benettonrugby,1440094514
scarlets_rugby,dragonsrugby,1440096650
dragonsrugby,scarlets_rugby,1440096835
dragonsrugby,scarlets_rugby,1440096882
scarlets_rugby,dragonsrugby,1440102548
ulsterrugby,leinsterrugby,1440106591
edinburghrugby,glasgowwarriors,1440154921
scarlets_rugby,ulsterrugby,1440155587
scarlets_rugby,ulsterrugby,1440155615
scarlets_rugby,ulsterrugby,1440156872
scarlets_rugby,dragonsrugby,1440158706
scarlets_rugby,dragonsrugby,1440158824
leinsterrugby,edinburghrugby,1440163429
ulsterrugby,connachtrugby,1440174927
ulsterrugby,leinsterrugby,1440176017
scarlets_rugby,dragonsrugby,1440180001
zebrerugby,benettonrugby,1440180512
scarlets_rugby,dragonsrugby,1440183477
zebrerugby,benettonrugby,1440183592
scarlets_rugby,dragonsrugby,1440183676
scarlets_rugby,dragonsrugby,1440184096
scarlets_rugby,dragonsrugby,1440184484
scarlets_rugby,dragonsrugby,1440185410
scarlets_rugby,dragonsrugby,1440185473
zebrerugby,benettonrugby,1440185631
zebrerugby,benettonrugby,1440185666
benettonrugby,zebrerugby,1440185700
scarlets_rugby,dragonsrugby,1440185932
zebrerugby,benettonrugby,1440185960
benettonrugby,zebrerugby,1440186175
scarlets_rugby,dragonsrugby,1440186268
scarlets_rugby,dragonsrugby,1440186337
ulsterrugby,leinsterrugby,1440186884
benettonrugby,zebrerugby,1440186895
scarlets_rugby,dragonsrugby,1440187203
ulsterrugby,leinsterrugby,1440187368
munsterrugby,connachtrugby,1440187617
benettonrugby,zebrerugby,1440187882
ulsterrugby,leinsterrugby,1440187918
ulsterrugby,leinsterrugby,1440187920
scarlets_rugby,dragonsrugby,1440188060
benettonrugby,zebrerugby,1440188244
munsterrugby,connachtrugby,1440188477
scarlets_rugby,dragonsrugby,1440188629
zebrerugby,benettonrugby,1440188774
zebrerugby,benettonrugby,1440188922
scarlets_rugby,dragonsrugby,1440189116
scarlets_rugby,dragonsrugby,1440189179
scarlets_rugby,dragonsrugby,1440189250
munsterrugby,connachtrugby,1440189279
scarlets_rugby,dragonsrugby,1440189296
benettonrugby,zebrerugby,1440189309
zebrerugby,benettonrugby,1440189336
benettonrugby,zebrerugby,1440189513
scarlets_rugby,dragonsrugby,1440189657
benettonrugby,zebrerugby,1440189917
munsterrugby,connachtrugby,1440190604
munsterrugby,connachtrugby,1440190863
zebrerugby,benettonrugby,1440190993
ulsterrugby,leinsterrugby,1440191028
benettonrugby,zebrerugby,1440191428
benettonrugby,zebrerugby,1440191644
zebrerugby,benettonrugby,1440191655
benettonrugby,zebrerugby,1440191722
ulsterrugby,leinsterrugby,1440192085
munsterrugby,connachtrugby,1440192573
munsterrugby,connachtrugby,1440192678
leinsterrugby,ulsterrugby,1440193591
leinsterrugby,ulsterrugby,1440197054
leinsterrugby,ulsterrugby,1440199838
benettonrugby,zebrerugby,1440204188
leinsterrugby,ulsterrugby,1440242013
leinsterrugby,ulsterrugby,1440253402
ulsterrugby,leinsterrugby,1440254922
leinsterrugby,ulsterrugby,1440263522
edinburghrugby,ulsterrugby,1440327522
edinburghrugby,ulsterrugby,1440345764
edinburghrugby,ulsterrugby,1440351473
edinburghrugby,ulsterrugby,1440353438
zebrerugby,benettonrugby,1440408715
benettonrugby,zebrerugby,1440408897
edinburghrugby,ulsterrugby,1440409111
munsterrugby,glasgowwarriors,1440411832
ospreys,dragonsrugby,1440416778
ospreys,zebrerugby,1440416778
ospreys,cardiff_blues,1440416837
ospreys,scarlets_rugby,1440416837
ospreys,dragonsrugby,1440416837
zebrerugby,dragonsrugby,1440417383
benettonrugby,dragonsrugby,1440419042
benettonrugby,zebrerugby,1440419042
ulsterrugby,dragonsrugby,1440419242
ulsterrugby,zebrerugby,1440419242
glasgowwarriors,scarlets_rugby,1440427288
scarlets_rugby,glasgowwarriors,1440427911
scarlets_rugby,zebrerugby,1440429646
scarlets_rugby,edinburghrugby,1440429709
cardiff_blues,dragonsrugby,1440439299
ospreys,cardiff_blues,1440457011
ospreys,scarlets_rugby,1440457011
ospreys,dragonsrugby,1440457011
benettonrugby,zebrerugby,1440485198
zebrerugby,benettonrugby,1440497495
scarlets_rugby,cardiff_blues,1440504125
scarlets_rugby,dragonsrugby,1440504125
scarlets_rugby,cardiff_blues,1440504127
scarlets_rugby,dragonsrugby,1440504127
cardiff_blues,dragonsrugby,1440522063
leinsterrugby,edinburghrugby,1440581046
leinsterrugby,connachtrugby,1440584585
dragonsrugby,scarlets_rugby,1440592109
edinburghrugby,ulsterrugby,1440594892
ulsterrugby,edinburghrugby,1440607394
cardiff_blues,scarlets_rugby,1440610951
dragonsrugby,scarlets_rugby,1440612023
scarlets_rugby,cardiff_blues,1440616504
scarlets_rugby,cardiff_blues,1440618704
scarlets_rugby,cardiff_blues,1440619646
scarlets_rugby,cardiff_blues,1440620513
edinburghrugby,leinsterrugby,1440632416
munsterrugby,ulsterrugby,1440673354
leinsterrugby,ulsterrugby,1440673490
leinsterrugby,ulsterrugby,1440673610
ulsterrugby,munsterrugby,1440676473
ulsterrugby,leinsterrugby,1440676510
scarlets_rugby,ulsterrugby,1440677165
scarlets_rugby,ulsterrugby,1440677166
connachtrugby,ulsterrugby,1440686639
ulsterrugby,connachtrugby,1440689111
edinburghrugby,ulsterrugby,1440690563
scarlets_rugby,dragonsrugby,1440691124
edinburghrugby,ulsterrugby,1440691328
scarlets_rugby,cardiff_blues,1440692585
scarlets_rugby,dragonsrugby,1440692585
scarlets_rugby,cardiff_blues,1440692587
scarlets_rugby,dragonsrugby,1440692587
cardiff_blues,dragonsrugby,1440696312
edinburghrugby,ulsterrugby,1440702638
scarlets_rugby,dragonsrugby,1440705115
edinburghrugby,ulsterrugby,1440761494
dragonsrugby,scarlets_rugby,1440761762
dragonsrugby,ospreys,1440761765
connachtrugby,dragonsrugby,1440762632
connachtrugby,dragonsrugby,1440762772
edinburghrugby,ulsterrugby,1440764035
benettonrugby,munsterrugby,1440764584
edinburghrugby,ulsterrugby,1440772780
ulsterrugby,edinburghrugby,1440774089
ulsterrugby,edinburghrugby,1440774261
edinburghrugby,ulsterrugby,1440780702
edinburghrugby,ulsterrugby,1440780972
ulsterrugby,edinburghrugby,1440782643
ulsterrugby,ospreys,1440783720
scarlets_rugby,dragonsrugby,1440784821
ulsterrugby,edinburghrugby,1440785588
edinburghrugby,ulsterrugby,1440785734
scarlets_rugby,dragonsrugby,1440785975
edinburghrugby,ulsterrugby,1440786649
ulsterrugby,edinburghrugby,1440786683
edinburghrugby,ulsterrugby,1440786950
ulsterrugby,edinburghrugby,1440787167
edinburghrugby,ulsterrugby,1440787271
ulsterrugby,edinburghrugby,1440787446
edinburghrugby,ulsterrugby,1440787512
edinburghrugby,ulsterrugby,1440787870
edinburghrugby,ulsterrugby,1440788312
ulsterrugby,edinburghrugby,1440788539
ulsterrugby,edinburghrugby,1440788667
ulsterrugby,edinburghrugby,1440788882
ulsterrugby,edinburghrugby,1440789011
ulsterrugby,edinburghrugby,1440789189
ulsterrugby,edinburghrugby,1440789223
edinburghrugby,ulsterrugby,1440789349
ulsterrugby,edinburghrugby,1440790779
ulsterrugby,edinburghrugby,1440791974
ulsterrugby,edinburghrugby,1440792015
scarlets_rugby,dragonsrugby,1440792419
dragonsrugby,scarlets_rugby,1440792440
ulsterrugby,ospreys,1440792535
ulsterrugby,edinburghrugby,1440792535
scarlets_rugby,dragonsrugby,1440793463
dragonsrugby,ospreys,1440794846
leinsterrugby,edinburghrugby,1440796112
scarlets_rugby,dragonsrugby,1440796408
scarlets_rugby,dragonsrugby,1440796436
dragonsrugby,scarlets_rugby,1440796525
dragonsrugby,scarlets_rugby,1440796549
scarlets_rugby,dragonsrugby,1440799647
cardiff_blues,dragonsrugby,1440803259
dragonsrugby,ospreys,1440806018
edinburghrugby,glasgowwarriors,1440848573
glasgowwarriors,edinburghrugby,1440848697
cardiff_blues,dragonsrugby,1440852168
dragonsrugby,cardiff_blues,1440852250
cardiff_blues,dragonsrugby,1440852676
cardiff_blues,dragonsrugby,1440853567
cardiff_blues,dragonsrugby,1440854022
cardiff_blues,dragonsrugby,1440854099
cardiff_blues,dragonsrugby,1440855011
cardiff_blues,dragonsrugby,1440855471
cardiff_blues,dragonsrugby,1440855622
cardiff_blues,dragonsrugby,1440856439
cardiff_blues,zebrerugby,1440857604
ospreys,glasgowwarriors,1440875489
glasgowwarriors,scarlets_rugby,1440881280
benettonrugby,munsterrugby,1440945068
ulsterrugby,leinsterrugby,1440962185
ulsterrugby,edinburghrugby,1440962185
cardiff_blues,ospreys,1440963807
cardiff_blues,scarlets_rugby,1440963807
cardiff_blues,dragonsrugby,1440963807
scarlets_rugby,ulsterrugby,1441010966
connachtrugby,dragonsrugby,1441031942
edinburghrugby,leinsterrugby,1441043878
munsterrugby,benettonrugby,1441044338
benettonrugby,munsterrugby,1441048656
edinburghrugby,leinsterrugby,1441053482
edinburghrugby,leinsterrugby,1441104060
edinburghrugby,ulsterrugby,1441104060
scarlets_rugby,glasgowwarriors,1441106872
glasgowwarriors,scarlets_rugby,1441107803
zebrerugby,cardiff_blues,1441120237
zebrerugby,cardiff_blues,1441125777
zebrerugby,cardiff_blues,1441127495
benettonrugby,munsterrugby,1441144072
dragonsrugby,ospreys,1441187398
ospreys,cardiff_blues,1441221901
ospreys,scarlets_rugby,1441221901
ospreys,dragonsrugby,1441221901
scarlets_rugby,ospreys,1441223789
leinsterrugby,edinburghrugby,1441225144
scarlets_rugby,ospreys,1441225863
scarlets_rugby,ospreys,1441226618
ospreys,ulsterrugby,1441235944
glasgowwarriors,scarlets_rugby,1441264304
glasgowwarriors,scarlets_rugby,1441265841
ulsterrugby,ospreys,1441274413
glasgowwarriors,scarlets_rugby,1441280702
ospreys,ulsterrugby,1441281655
connachtrugby,dragonsrugby,1441281943
ulsterrugby,ospreys,1441283106
ospreys,ulsterrugby,1441284168
edinburghrugby,leinsterrugby,1441284583
leinsterrugby,edinburghrugby,1441284838
ospreys,munsterrugby,1441287433
glasgowwarriors,scarlets_rugby,1441290242
glasgowwarriors,edinburghrugby,1441291751
ulsterrugby,munsterrugby,1441293332
leinsterrugby,connachtrugby,1441293792
glasgowwarriors,scarlets_rugby,1441297272
leinsterrugby,connachtrugby,1441298936
zebrerugby,cardiff_blues,1441300651
ospreys,ulsterrugby,1441300756
scarlets_rugby,glasgowwarriors,1441304585
scarlets_rugby,glasgowwarriors,1441305213
ulsterrugby,ospreys,1441306647
glasgowwarriors,scarlets_rugby,1441351389
leinsterrugby,edinburghrugby,1441357396
leinsterrugby,edinburghrugby,1441359278
scarlets_rugby,glasgowwarriors,1441359786
ulsterrugby,ospreys,1441360373
scarlets_rugby,glasgowwarriors,1441362632
glasgowwarriors,scarlets_rugby,1441364547
edinburghrugby,leinsterrugby,1441364999
scarlets_rugby,glasgowwarriors,1441367413
scarlets_rugby,glasgowwarriors,1441367482
cardiff_blues,zebrerugby,1441367783
zebrerugby,cardiff_blues,1441368313
glasgowwarriors,scarlets_rugby,1441368400
zebrerugby,cardiff_blues,1441369041
ospreys,ulsterrugby,1441369652
ospreys,munsterrugby,1441369654
ospreys,ulsterrugby,1441370580
edinburghrugby,ulsterrugby,1441371699
connachtrugby,dragonsrugby,1441371745
ospreys,ulsterrugby,1441374213
scarlets_rugby,glasgowwarriors,1441374737
ulsterrugby,ospreys,1441375341
benettonrugby,munsterrugby,1441376127
dragonsrugby,connachtrugby,1441380023
glasgowwarriors,scarlets_rugby,1441380256
glasgowwarriors,connachtrugby,1441382404
ulsterrugby,ospreys,1441384256
munsterrugby,ulsterrugby,1441385107
leinsterrugby,edinburghrugby,1441386873
scarlets_rugby,glasgowwarriors,1441389354
ospreys,ulsterrugby,1441390760
edinburghrugby,leinsterrugby,1441391329
cardiff_blues,zebrerugby,1441393298
ospreys,munsterrugby,1441393874
ospreys,connachtrugby,1441393874
edinburghrugby,glasgowwarriors,1441393939
munsterrugby,ulsterrugby,1441394196
edinburghrugby,leinsterrugby,1441395232
edinburghrugby,leinsterrugby,1441395838
ulsterrugby,ospreys,1441396277
edinburghrugby,leinsterrugby,1441396400
ulsterrugby,ospreys,1441396516
edinburghrugby,leinsterrugby,1441396560
ulsterrugby,ospreys,1441396760
ulsterrugby,ospreys,1441396823
ulsterrugby,ospreys,1441397610
ulsterrugby,ospreys,1441397671
connachtrugby,dragonsrugby,1441397785
edinburghrugby,leinsterrugby,1441397850
ulsterrugby,ospreys,1441397957
ulsterrugby,ospreys,1441398294
ulsterrugby,ospreys,1441399707
ulsterrugby,ospreys,1441400260
ulsterrugby,ospreys,1441400445
ulsterrugby,ospreys,1441400621
edinburghrugby,leinsterrugby,1441401699
connachtrugby,glasgowwarriors,1441402495
leinsterrugby,connachtrugby,1441402931
ulsterrugby,ospreys,1441404897
ulsterrugby,ospreys,1441404981
ulsterrugby,ospreys,1441406403
glasgowwarriors,scarlets_rugby,1441441017
munsterrugby,benettonrugby,1441444454
edinburghrugby,leinsterrugby,1441446087
zebrerugby,benettonrugby,1441447009
scarlets_rugby,glasgowwarriors,1441451779
munsterrugby,leinsterrugby,1441455905
leinsterrugby,munsterrugby,1441456365
munsterrugby,ulsterrugby,1441457101
munsterrugby,ospreys,1441461180
munsterrugby,leinsterrugby,1441462506
munsterrugby,leinsterrugby,1441463647
scarlets_rugby,glasgowwarriors,1441463845
munsterrugby,leinsterrugby,1441463904
munsterrugby,ulsterrugby,1441464052
scarlets_rugby,glasgowwarriors,1441464127
scarlets_rugby,glasgowwarriors,1441464129
scarlets_rugby,glasgowwarriors,1441464875
scarlets_rugby,glasgowwarriors,1441464966
munsterrugby,leinsterrugby,1441465539
leinsterrugby,munsterrugby,1441465889
munsterrugby,leinsterrugby,1441466581
scarlets_rugby,glasgowwarriors,1441466977
munsterrugby,leinsterrugby,1441468791
munsterrugby,leinsterrugby,1441469156
zebrerugby,cardiff_blues,1441469929
scarlets_rugby,glasgowwarriors,1441469946
zebrerugby,cardiff_blues,1441470087
scarlets_rugby,glasgowwarriors,1441470449
scarlets_rugby,glasgowwarriors,1441470518
scarlets_rugby,glasgowwarriors,1441473788
scarlets_rugby,glasgowwarriors,1441475027
scarlets_rugby,glasgowwarriors,1441475487
scarlets_rugby,glasgowwarriors,1441476276
leinsterrugby,munsterrugby,1441476384
scarlets_rugby,glasgowwarriors,1441477486
benettonrugby,munsterrugby,1441478012
scarlets_rugby,glasgowwarriors,1441478164
edinburghrugby,leinsterrugby,1441479107
leinsterrugby,connachtrugby,1441479285
scarlets_rugby,glasgowwarriors,1441480523
scarlets_rugby,ulsterrugby,1441481025
scarlets_rugby,ulsterrugby,1441481031
scarlets_rugby,ulsterrugby,1441481154
glasgowwarriors,scarlets_rugby,1441482053
benettonrugby,munsterrugby,1441482524
benettonrugby,munsterrugby,1441483246
scarlets_rugby,ulsterrugby,1441484133
benettonrugby,munsterrugby,1441484141
benettonrugby,munsterrugby,1441484598
benettonrugby,munsterrugby,1441484663
benettonrugby,munsterrugby,1441485023
scarlets_rugby,ulsterrugby,1441485309
scarlets_rugby,ulsterrugby,1441485551
ulsterrugby,scarlets_rugby,1441485765
benettonrugby,munsterrugby,1441485792
benettonrugby,munsterrugby,1441486157
benettonrugby,munsterrugby,1441486376
benettonrugby,munsterrugby,1441486405
benettonrugby,munsterrugby,1441486925
benettonrugby,munsterrugby,1441487980
benettonrugby,munsterrugby,1441488662
benettonrugby,munsterrugby,1441488673
benettonrugby,munsterrugby,1441494866
zebrerugby,cardiff_blues,1441532531
zebrerugby,cardiff_blues,1441533114
cardiff_blues,zebrerugby,1441535456
benettonrugby,munsterrugby,1441536394
zebrerugby,cardiff_blues,1441548256
zebrerugby,cardiff_blues,1441548309
zebrerugby,cardiff_blues,1441549941
zebrerugby,cardiff_blues,1441549950
zebrerugby,cardiff_blues,1441555044
zebrerugby,cardiff_blues,1441557087
glasgowwarriors,connachtrugby,1441574294
edinburghrugby,leinsterrugby,1441615899
ulsterrugby,connachtrugby,1441625219
glasgowwarriors,connachtrugby,1441627626
scarlets_rugby,ulsterrugby,1441637410
scarlets_rugby,ulsterrugby,1441637526
scarlets_rugby,glasgowwarriors,1441660347
scarlets_rugby,ospreys,1441709947
scarlets_rugby,ospreys,1441709948
glasgowwarriors,connachtrugby,1441711095
zebrerugby,dragonsrugby,1441726764
zebrerugby,dragonsrugby,1441729127
leinsterrugby,cardiff_blues,1441747683
scarlets_rugby,ulsterrugby,1441754073
connachtrugby,glasgowwarriors,1441793139
glasgowwarriors,connachtrugby,1441799316
zebrerugby,dragonsrugby,1441801407
zebrerugby,dragonsrugby,1441812670
cardiff_blues,glasgowwarriors,1441813572
edinburghrugby,glasgowwarriors,1441815533
scarlets_rugby,ulsterrugby,1441819566
cardiff_blues,leinsterrugby,1441820721
benettonrugby,edinburghrugby,1441821484
scarlets_rugby,ospreys,1441826292
scarlets_rugby,ospreys,1441828726
glasgowwarriors,connachtrugby,1441833004
ospreys,munsterrugby,1441833136
glasgowwarriors,connachtrugby,1441835882
scarlets_rugby,ulsterrugby,1441867083
scarlets_rugby,ulsterrugby,1441870696
glasgowwarriors,connachtrugby,1441884965
connachtrugby,glasgowwarriors,1441886647
zebrerugby,dragonsrugby,1441886838
glasgowwarriors,connachtrugby,1441888972
leinsterrugby,cardiff_blues,1441890190
glasgowwarriors,connachtrugby,1441890228
munsterrugby,leinsterrugby,1441892273
dragonsrugby,zebrerugby,1441892856
ospreys,leinsterrugby,1441894115
leinsterrugby,munsterrugby,1441894261
leinsterrugby,munsterrugby,1441894265
scarlets_rugby,ulsterrugby,1441897087
ospreys,scarlets_rugby,1441901750
benettonrugby,zebrerugby,1441905681
leinsterrugby,cardiff_blues,1441906004
edinburghrugby,benettonrugby,1441906909
zebrerugby,benettonrugby,1441907062
cardiff_blues,leinsterrugby,1441907141
ospreys,scarlets_rugby,1441912584
ospreys,scarlets_rugby,1441912613
scarlets_rugby,ospreys,1441912665
ospreys,munsterrugby,1441916587
glasgowwarriors,connachtrugby,1441918468
scarlets_rugby,ulsterrugby,1441955624
cardiff_blues,leinsterrugby,1441965730
edinburghrugby,benettonrugby,1441966058
edinburghrugby,benettonrugby,1441968021
edinburghrugby,benettonrugby,1441971733
edinburghrugby,benettonrugby,1441972440
cardiff_blues,leinsterrugby,1441972535
scarlets_rugby,ulsterrugby,1441972779
leinsterrugby,cardiff_blues,1441973132
leinsterrugby,cardiff_blues,1441973209
ulsterrugby,scarlets_rugby,1441973215
ospreys,munsterrugby,1441973331
ospreys,munsterrugby,1441974435
scarlets_rugby,ulsterrugby,1441974631
glasgowwarriors,connachtrugby,1441974940
glasgowwarriors,connachtrugby,1441974995
benettonrugby,edinburghrugby,1441975892
dragonsrugby,zebrerugby,1441979041
dragonsrugby,zebrerugby,1441981859
zebrerugby,dragonsrugby,1441982239
munsterrugby,leinsterrugby,1441986464
zebrerugby,dragonsrugby,1441988791
munsterrugby,ospreys,1441989067
ospreys,munsterrugby,1441989962
zebrerugby,dragonsrugby,1441992943
connachtrugby,glasgowwarriors,1441995969
glasgowwarriors,connachtrugby,1441996320
benettonrugby,edinburghrugby,1441996468
scarlets_rugby,ulsterrugby,1441997473
dragonsrugby,zebrerugby,1441997602
zebrerugby,dragonsrugby,1441997731
zebrerugby,dragonsrugby,1441997797
connachtrugby,glasgowwarriors,1441998081
edinburghrugby,glasgowwarriors,1442000728
zebrerugby,dragonsrugby,1442000799
ulsterrugby,leinsterrugby,1442000837
ulsterrugby,munsterrugby,1442000837
ulsterrugby,connachtrugby,1442000837
zebrerugby,dragonsrugby,1442001398
zebrerugby,dragonsrugby,1442002649
ospreys,munsterrugby,1442004251
munsterrugby,leinsterrugby,1442004575
zebrerugby,dragonsrugby,1442004733
munsterrugby,leinsterrugby,1442005119
munsterrugby,leinsterrugby,1442005772
munsterrugby,connachtrugby,1442005772
leinsterrugby,munsterrugby,1442007195
connachtrugby,glasgowwarriors,1442010090
glasgowwarriors,connachtrugby,1442010158
leinsterrugby,cardiff_blues,1442011199
scarlets_rugby,ulsterrugby,1442011942
scarlets_rugby,ulsterrugby,1442043562
scarlets_rugby,ulsterrugby,1442043634
scarlets_rugby,ulsterrugby,1442050184
ospreys,munsterrugby,1442050816
scarlets_rugby,ulsterrugby,1442054972
ulsterrugby,scarlets_rugby,1442061598
munsterrugby,leinsterrugby,1442063047
ospreys,munsterrugby,1442066730
scarlets_rugby,ulsterrugby,1442070286
scarlets_rugby,ulsterrugby,1442071221
scarlets_rugby,ulsterrugby,1442071648
ulsterrugby,scarlets_rugby,1442072178
ulsterrugby,scarlets_rugby,1442072231
ulsterrugby,scarlets_rugby,1442072294
ulsterrugby,scarlets_rugby,1442072378
ulsterrugby,scarlets_rugby,1442072452
ulsterrugby,scarlets_rugby,1442072786
ulsterrugby,scarlets_rugby,1442072839
scarlets_rugby,ulsterrugby,1442073031
ulsterrugby,scarlets_rugby,1442073507
cardiff_blues,leinsterrugby,1442073789
scarlets_rugby,ulsterrugby,1442074028
scarlets_rugby,ulsterrugby,1442074210
benettonrugby,edinburghrugby,1442074325
benettonrugby,edinburghrugby,1442074413
benettonrugby,edinburghrugby,1442074609
benettonrugby,edinburghrugby,1442074767
scarlets_rugby,ulsterrugby,1442074808
benettonrugby,edinburghrugby,1442074984
ulsterrugby,scarlets_rugby,1442075128
benettonrugby,edinburghrugby,1442075132
benettonrugby,edinburghrugby,1442075156
ulsterrugby,scarlets_rugby,1442075197
scarlets_rugby,ulsterrugby,1442075262
ulsterrugby,scarlets_rugby,1442075276
benettonrugby,edinburghrugby,1442075421
benettonrugby,edinburghrugby,1442075832
scarlets_rugby,ulsterrugby,1442075868
benettonrugby,edinburghrugby,1442075996
benettonrugby,edinburghrugby,1442076015
ulsterrugby,scarlets_rugby,1442076146
ulsterrugby,scarlets_rugby,1442076191
benettonrugby,edinburghrugby,1442076297
scarlets_rugby,ulsterrugby,1442076561
benettonrugby,edinburghrugby,1442076580
scarlets_rugby,ulsterrugby,1442076627
benettonrugby,edinburghrugby,1442076899
benettonrugby,edinburghrugby,1442077035
benettonrugby,edinburghrugby,1442078140
scarlets_rugby,ulsterrugby,1442078515
benettonrugby,edinburghrugby,1442078997
benettonrugby,edinburghrugby,1442080192
benettonrugby,edinburghrugby,1442080250
benettonrugby,edinburghrugby,1442080760
ulsterrugby,scarlets_rugby,1442084879
leinsterrugby,cardiff_blues,1442085137
edinburghrugby,glasgowwarriors,1442096230
ospreys,munsterrugby,1442139439
ospreys,munsterrugby,1442140265
ospreys,munsterrugby,1442141957
ospreys,munsterrugby,1442141967
ospreys,munsterrugby,1442146123
munsterrugby,ospreys,1442154699
munsterrugby,ospreys,1442154771
ospreys,munsterrugby,1442154984
munsterrugby,ospreys,1442155104
scarlets_rugby,munsterrugby,1442156462
scarlets_rugby,munsterrugby,1442161425
scarlets_rugby,zebrerugby,1442161510
munsterrugby,scarlets_rugby,1442161647
munsterrugby,edinburghrugby,1442161647
ospreys,munsterrugby,1442165797
ospreys,munsterrugby,1442171316
scarlets_rugby,ulsterrugby,1442179222
ospreys,munsterrugby,1442181675
zebrerugby,dragonsrugby,1442219846
scarlets_rugby,leinsterrugby,1442221509
scarlets_rugby,munsterrugby,1442221509
scarlets_rugby,dragonsrugby,1442221509
scarlets_rugby,leinsterrugby,1442221513
scarlets_rugby,munsterrugby,1442221513
scarlets_rugby,dragonsrugby,1442221513
leinsterrugby,dragonsrugby,1442251384
leinsterrugby,ulsterrugby,1442309175
connachtrugby,ulsterrugby,1442309921
leinsterrugby,ulsterrugby,1442311031
glasgowwarriors,ulsterrugby,1442312554
ulsterrugby,glasgowwarriors,1442322670
ulsterrugby,leinsterrugby,1442322721
dragonsrugby,zebrerugby,1442335655
leinsterrugby,connachtrugby,1442509990
ulsterrugby,leinsterrugby,1442511890
scarlets_rugby,leinsterrugby,1442567779
scarlets_rugby,munsterrugby,1442567779
scarlets_rugby,dragonsrugby,1442567779
scarlets_rugby,leinsterrugby,1442567781
scarlets_rugby,munsterrugby,1442567781
scarlets_rugby,dragonsrugby,1442567781
munsterrugby,connachtrugby,1442590658
munsterrugby,connachtrugby,1442598836
munsterrugby,ulsterrugby,1442653214
munsterrugby,ulsterrugby,1442653504
munsterrugby,connachtrugby,1442664904
munsterrugby,ulsterrugby,1442665576
munsterrugby,ulsterrugby,1442670049
munsterrugby,ulsterrugby,1442672794
leinsterrugby,ulsterrugby,1442676160
munsterrugby,ulsterrugby,1442678827
munsterrugby,connachtrugby,1442684781
ospreys,connachtrugby,1442921562
connachtrugby,leinsterrugby,1442932960
glasgowwarriors,edinburghrugby,1442936034
ulsterrugby,benettonrugby,1442938102
glasgowwarriors,edinburghrugby,1442939346
zebrerugby,scarlets_rugby,1443009278
scarlets_rugby,leinsterrugby,1443178929
scarlets_rugby,munsterrugby,1443178929
scarlets_rugby,dragonsrugby,1443178929
scarlets_rugby,leinsterrugby,1443179059
scarlets_rugby,munsterrugby,1443179059
scarlets_rugby,dragonsrugby,1443179059
glasgowwarriors,munsterrugby,1443209259
edinburghrugby,glasgowwarriors,1443257410
glasgowwarriors,edinburghrugby,1443266736
scarlets_rugby,leinsterrugby,1443336030
scarlets_rugby,munsterrugby,1443336030
scarlets_rugby,dragonsrugby,1443336030
zebrerugby,scarlets_rugby,1443350241
scarlets_rugby,leinsterrugby,1443431952
scarlets_rugby,munsterrugby,1443431952
scarlets_rugby,dragonsrugby,1443431952
scarlets_rugby,leinsterrugby,1443431990
scarlets_rugby,munsterrugby,1443431990
scarlets_rugby,dragonsrugby,1443431990
connachtrugby,cardiff_blues,1443434212
glasgowwarriors,munsterrugby,1443441488
leinsterrugby,dragonsrugby,1443450155
zebrerugby,scarlets_rugby,1443463493
ospreys,benettonrugby,1443476907
ospreys,edinburghrugby,1443477740
edinburghrugby,ospreys,1443526505
scarlets_rugby,zebrerugby,1443526909
edinburghrugby,ospreys,1443531650
zebrerugby,benettonrugby,1443541992
scarlets_rugby,leinsterrugby,1443551766
scarlets_rugby,munsterrugby,1443551766
scarlets_rugby,dragonsrugby,1443551766
scarlets_rugby,leinsterrugby,1443551833
scarlets_rugby,munsterrugby,1443551833
scarlets_rugby,dragonsrugby,1443551833
benettonrugby,zebrerugby,1443552092
leinsterrugby,dragonsrugby,1443555907
ospreys,edinburghrugby,1443626789
connachtrugby,cardiff_blues,1443627893
ospreys,edinburghrugby,1443649995
ospreys,edinburghrugby,1443691276
leinsterrugby,connachtrugby,1443695996
ulsterrugby,benettonrugby,1443700877
munsterrugby,glasgowwarriors,1443701243
ospreys,edinburghrugby,1443701264
glasgowwarriors,munsterrugby,1443701342
benettonrugby,ulsterrugby,1443702242
ospreys,benettonrugby,1443705337
ulsterrugby,cardiff_blues,1443712631
zebrerugby,benettonrugby,1443716260
edinburghrugby,ospreys,1443726890
ulsterrugby,benettonrugby,1443731551
ulsterrugby,benettonrugby,1443737181
ulsterrugby,benettonrugby,1443770924
glasgowwarriors,munsterrugby,1443778074
glasgowwarriors,munsterrugby,1443780039
leinsterrugby,dragonsrugby,1443783542
dragonsrugby,leinsterrugby,1443784301
dragonsrugby,cardiff_blues,1443784486
cardiff_blues,connachtrugby,1443787345
connachtrugby,cardiff_blues,1443787700
connachtrugby,cardiff_blues,1443789583
connachtrugby,cardiff_blues,1443789738
zebrerugby,scarlets_rugby,1443798898
edinburghrugby,ospreys,1443801583
glasgowwarriors,edinburghrugby,1443805001
ospreys,edinburghrugby,1443805114
ospreys,edinburghrugby,1443805174
benettonrugby,ulsterrugby,1443806239
glasgowwarriors,munsterrugby,1443806435
ulsterrugby,benettonrugby,1443807207
leinsterrugby,dragonsrugby,1443807573
glasgowwarriors,munsterrugby,1443807806
edinburghrugby,ospreys,1443808500
benettonrugby,ulsterrugby,1443808507
edinburghrugby,ospreys,1443808558
benettonrugby,ulsterrugby,1443809222
ulsterrugby,benettonrugby,1443809227
benettonrugby,ulsterrugby,1443809705
benettonrugby,ulsterrugby,1443809915
benettonrugby,ulsterrugby,1443809948
benettonrugby,ulsterrugby,1443810024
benettonrugby,ulsterrugby,1443810136
benettonrugby,ulsterrugby,1443810160
benettonrugby,ulsterrugby,1443810585
benettonrugby,ulsterrugby,1443810680
benettonrugby,ulsterrugby,1443810802
benettonrugby,ulsterrugby,1443810823
benettonrugby,ulsterrugby,1443811229
benettonrugby,ulsterrugby,1443811602
benettonrugby,ulsterrugby,1443811619
benettonrugby,ulsterrugby,1443812084
ulsterrugby,benettonrugby,1443812661
benettonrugby,ulsterrugby,1443813288
benettonrugby,ulsterrugby,1443813402
benettonrugby,ulsterrugby,1443813733
benettonrugby,ulsterrugby,1443813753
ulsterrugby,benettonrugby,1443814038
ulsterrugby,benettonrugby,1443814235
ulsterrugby,benettonrugby,1443814726
benettonrugby,ulsterrugby,1443814758
ulsterrugby,benettonrugby,1443815039
ulsterrugby,benettonrugby,1443815124
edinburghrugby,ospreys,1443815212
benettonrugby,ulsterrugby,1443815357
benettonrugby,ulsterrugby,1443815395
ulsterrugby,benettonrugby,1443815651
benettonrugby,ulsterrugby,1443815992
munsterrugby,cardiff_blues,1443816391
glasgowwarriors,munsterrugby,1443816607
edinburghrugby,glasgowwarriors,1443818063
ulsterrugby,cardiff_blues,1443819581
ulsterrugby,benettonrugby,1443819710
glasgowwarriors,munsterrugby,1443821761
leinsterrugby,dragonsrugby,1443826473
leinsterrugby,dragonsrugby,1443873627
connachtrugby,cardiff_blues,1443878112
leinsterrugby,dragonsrugby,1443880652
connachtrugby,cardiff_blues,1443880739
leinsterrugby,dragonsrugby,1443881159
dragonsrugby,leinsterrugby,1443882832
connachtrugby,cardiff_blues,1443887813
cardiff_blues,connachtrugby,1443889353
leinsterrugby,dragonsrugby,1443890784
connachtrugby,cardiff_blues,1443891635
connachtrugby,zebrerugby,1443898045
scarlets_rugby,zebrerugby,1443945487
scarlets_rugby,zebrerugby,1443945533
scarlets_rugby,zebrerugby,1443950520
zebrerugby,scarlets_rugby,1443958730
scarlets_rugby,zebrerugby,1443961896
zebrerugby,scarlets_rugby,1443963513
scarlets_rugby,zebrerugby,1443963944
scarlets_rugby,zebrerugby,1443964308
scarlets_rugby,zebrerugby,1443964817
zebrerugby,scarlets_rugby,1443964910
zebrerugby,scarlets_rugby,1443965085
scarlets_rugby,zebrerugby,1443965387
scarlets_rugby,zebrerugby,1443965535
scarlets_rugby,zebrerugby,1443965811
scarlets_rugby,zebrerugby,1443965976
zebrerugby,scarlets_rugby,1443966217
scarlets_rugby,zebrerugby,1443966221
zebrerugby,scarlets_rugby,1443966924
scarlets_rugby,zebrerugby,1443967385
scarlets_rugby,zebrerugby,1443968588
scarlets_rugby,zebrerugby,1443968767
scarlets_rugby,zebrerugby,1443969761
zebrerugby,scarlets_rugby,1443970139
zebrerugby,scarlets_rugby,1443970631
ulsterrugby,leinsterrugby,1443973768
zebrerugby,scarlets_rugby,1443977714
scarlets_rugby,zebrerugby,1444039729
zebrerugby,scarlets_rugby,1444041253
ulsterrugby,leinsterrugby,1444049210
munsterrugby,leinsterrugby,1444050626
scarlets_rugby,leinsterrugby,1444126275
scarlets_rugby,leinsterrugby,1444126331
zebrerugby,scarlets_rugby,1444129369
leinsterrugby,dragonsrugby,1444131574
munsterrugby,leinsterrugby,1444131916
leinsterrugby,munsterrugby,1444141605
munsterrugby,leinsterrugby,1444149911
ulsterrugby,benettonrugby,1444157385
leinsterrugby,munsterrugby,1444163228
leinsterrugby,connachtrugby,1444244512
leinsterrugby,munsterrugby,1444301972
dragonsrugby,benettonrugby,1444321810
ulsterrugby,connachtrugby,1444323772
glasgowwarriors,dragonsrugby,1444381296
ulsterrugby,connachtrugby,1444515321
edinburghrugby,ulsterrugby,1444553230
munsterrugby,leinsterrugby,1444585427
leinsterrugby,munsterrugby,1444585513
leinsterrugby,connachtrugby,1444585716
dragonsrugby,benettonrugby,1444659019
edinburghrugby,ulsterrugby,1444660361
ospreys,connachtrugby,1444661564
zebrerugby,connachtrugby,1444665895
benettonrugby,ospreys,1444671470
edinburghrugby,ulsterrugby,1444691967
leinsterrugby,scarlets_rugby,1444728032
connachtrugby,zebrerugby,1444728581
leinsterrugby,connachtrugby,1444731546
scarlets_rugby,leinsterrugby,1444745109
connachtrugby,zebrerugby,1444748077
ulsterrugby,edinburghrugby,1444752182
edinburghrugby,ulsterrugby,1444756186
zebrerugby,edinburghrugby,1444759970
scarlets_rugby,leinsterrugby,1444803712
scarlets_rugby,leinsterrugby,1444813301
edinburghrugby,glasgowwarriors,1444816082
scarlets_rugby,leinsterrugby,1444820012
glasgowwarriors,dragonsrugby,1444821327
ospreys,benettonrugby,1444822083
scarlets_rugby,leinsterrugby,1444823949
scarlets_rugby,leinsterrugby,1444824068
scarlets_rugby,leinsterrugby,1444826712
scarlets_rugby,leinsterrugby,1444826714
scarlets_rugby,leinsterrugby,1444827185
scarlets_rugby,leinsterrugby,1444827371
scarlets_rugby,leinsterrugby,1444828097
scarlets_rugby,munsterrugby,1444828181
scarlets_rugby,ulsterrugby,1444828181
scarlets_rugby,connachtrugby,1444828181
scarlets_rugby,dragonsrugby,1444830851
dragonsrugby,scarlets_rugby,1444832814
scarlets_rugby,dragonsrugby,1444835001
glasgowwarriors,dragonsrugby,1444846664
scarlets_rugby,glasgowwarriors,1444861827
glasgowwarriors,dragonsrugby,1444862205
scarlets_rugby,leinsterrugby,1444864775
scarlets_rugby,leinsterrugby,1444896196
zebrerugby,connachtrugby,1444900643
leinsterrugby,scarlets_rugby,1444909525
leinsterrugby,scarlets_rugby,1444909923
connachtrugby,zebrerugby,1444910273
ulsterrugby,edinburghrugby,1444910881
leinsterrugby,scarlets_rugby,1444910971
zebrerugby,connachtrugby,1444914635
glasgowwarriors,dragonsrugby,1444916679
connachtrugby,zebrerugby,1444923518
cardiff_blues,glasgowwarriors,1444924427
edinburghrugby,ulsterrugby,1444927496
benettonrugby,ospreys,1444935933
scarlets_rugby,leinsterrugby,1444980247
glasgowwarriors,dragonsrugby,1444980608
glasgowwarriors,dragonsrugby,1444981053
glasgowwarriors,dragonsrugby,1444981058
glasgowwarriors,dragonsrugby,1444981064
glasgowwarriors,dragonsrugby,1444983772
glasgowwarriors,dragonsrugby,1444987695
cardiff_blues,munsterrugby,1444989703
cardiff_blues,munsterrugby,1444996723
munsterrugby,cardiff_blues,1444996879
benettonrugby,ospreys,1444998232
connachtrugby,zebrerugby,1445000034
zebrerugby,connachtrugby,1445005227
scarlets_rugby,ospreys,1445005271
scarlets_rugby,ospreys,1445005282
zebrerugby,connachtrugby,1445005305
edinburghrugby,ulsterrugby,1445007885
connachtrugby,zebrerugby,1445009271
connachtrugby,zebrerugby,1445013265
connachtrugby,zebrerugby,1445014322
leinsterrugby,scarlets_rugby,1445018288
zebrerugby,connachtrugby,1445020118
scarlets_rugby,leinsterrugby,1445022096
zebrerugby,connachtrugby,1445022783
glasgowwarriors,dragonsrugby,1445023536
zebrerugby,connachtrugby,1445023606
ulsterrugby,edinburghrugby,1445024355
scarlets_rugby,leinsterrugby,1445024471
edinburghrugby,ulsterrugby,1445025980
ulsterrugby,edinburghrugby,1445026019
edinburghrugby,ulsterrugby,1445026153
edinburghrugby,ulsterrugby,1445026227
edinburghrugby,ulsterrugby,1445026327
ulsterrugby,edinburghrugby,1445026397
edinburghrugby,ulsterrugby,1445026495
zebrerugby,connachtrugby,1445026656
scarlets_rugby,leinsterrugby,1445026777
edinburghrugby,ulsterrugby,1445026834
ulsterrugby,edinburghrugby,1445027027
ulsterrugby,edinburghrugby,1445027536
ulsterrugby,edinburghrugby,1445029105
ulsterrugby,edinburghrugby,1445029264
ulsterrugby,edinburghrugby,1445029900
connachtrugby,zebrerugby,1445030194
scarlets_rugby,leinsterrugby,1445030477
ulsterrugby,edinburghrugby,1445030860
ulsterrugby,edinburghrugby,1445031066
zebrerugby,connachtrugby,1445033345
ulsterrugby,edinburghrugby,1445033739
scarlets_rugby,leinsterrugby,1445034253
scarlets_rugby,munsterrugby,1445075230
scarlets_rugby,munsterrugby,1445075293
munsterrugby,cardiff_blues,1445076088
edinburghrugby,glasgowwarriors,1445076187
cardiff_blues,munsterrugby,1445085884
ospreys,connachtrugby,1445086885
leinsterrugby,ulsterrugby,1445086909
munsterrugby,cardiff_blues,1445088159
benettonrugby,ospreys,1445088752
benettonrugby,ospreys,1445088824
benettonrugby,ospreys,1445089137
munsterrugby,cardiff_blues,1445089813
benettonrugby,ospreys,1445090129
benettonrugby,ospreys,1445090379
benettonrugby,ospreys,1445090557
benettonrugby,ospreys,1445090597
scarlets_rugby,munsterrugby,1445090974
scarlets_rugby,cardiff_blues,1445090974
benettonrugby,ospreys,1445091294
benettonrugby,ospreys,1445092100
benettonrugby,ospreys,1445093090
benettonrugby,ospreys,1445093153
benettonrugby,ospreys,1445093630
benettonrugby,ospreys,1445093847
benettonrugby,ospreys,1445094034
benettonrugby,ospreys,1445094898
benettonrugby,ospreys,1445094983
benettonrugby,ospreys,1445095129
benettonrugby,ospreys,1445095507
ulsterrugby,edinburghrugby,1445096243
scarlets_rugby,munsterrugby,1445104932
scarlets_rugby,dragonsrugby,1445104932
scarlets_rugby,munsterrugby,1445105474
scarlets_rugby,dragonsrugby,1445105474
benettonrugby,ospreys,1445107978
munsterrugby,scarlets_rugby,1445108300
scarlets_rugby,ospreys,1445179232
scarlets_rugby,leinsterrugby,1445192885
glasgowwarriors,leinsterrugby,1445201151
scarlets_rugby,munsterrugby,1445240353
scarlets_rugby,dragonsrugby,1445240353
scarlets_rugby,munsterrugby,1445240355
scarlets_rugby,dragonsrugby,1445240355
zebrerugby,connachtrugby,1445243520
munsterrugby,scarlets_rugby,1445259313
glasgowwarriors,ospreys,1445263198
ospreys,glasgowwarriors,1445263401
ulsterrugby,leinsterrugby,1445264762
ulsterrugby,cardiff_blues,1445264762
edinburghrugby,ulsterrugby,1445265588
scarlets_rugby,munsterrugby,1445286249
scarlets_rugby,glasgowwarriors,1445337717
scarlets_rugby,glasgowwarriors,1445337740
glasgowwarriors,dragonsrugby,1445340228
ulsterrugby,cardiff_blues,1445341865
scarlets_rugby,munsterrugby,1445344849
zebrerugby,ospreys,1445351906
benettonrugby,dragonsrugby,1445355246
glasgowwarriors,leinsterrugby,1445355467
ospreys,connachtrugby,1445430272
scarlets_rugby,munsterrugby,1445441271
scarlets_rugby,munsterrugby,1445441298
ospreys,connachtrugby,1445447474
ulsterrugby,leinsterrugby,1445447691
leinsterrugby,ulsterrugby,1445448001
leinsterrugby,ulsterrugby,1445448300
glasgowwarriors,leinsterrugby,1445455512
zebrerugby,edinburghrugby,1445456210
leinsterrugby,glasgowwarriors,1445459256
ulsterrugby,cardiff_blues,1445459407
leinsterrugby,ulsterrugby,1445463964
leinsterrugby,glasgowwarriors,1445506573
cardiff_blues,ulsterrugby,1445509820
leinsterrugby,glasgowwarriors,1445515596
glasgowwarriors,leinsterrugby,1445515654
cardiff_blues,ulsterrugby,1445516051
ulsterrugby,cardiff_blues,1445516282
ulsterrugby,cardiff_blues,1445517751
glasgowwarriors,leinsterrugby,1445517937
scarlets_rugby,munsterrugby,1445524165
ulsterrugby,leinsterrugby,1445526972
scarlets_rugby,munsterrugby,1445527146
leinsterrugby,ulsterrugby,1445531398
scarlets_rugby,munsterrugby,1445532505
scarlets_rugby,munsterrugby,1445532625
ulsterrugby,cardiff_blues,1445535529
leinsterrugby,glasgowwarriors,1445550876
glasgowwarriors,leinsterrugby,1445551096
scarlets_rugby,munsterrugby,1445587706
scarlets_rugby,munsterrugby,1445588261
munsterrugby,scarlets_rugby,1445593600
dragonsrugby,benettonrugby,1445595246
dragonsrugby,ospreys,1445596816
dragonsrugby,scarlets_rugby,1445596816
ospreys,connachtrugby,1445599012
ospreys,connachtrugby,1445602042
